{"is_source_file": false, "format": "", "description": "", "external_files": [], "external_methods": [], "published": [], "classes": [], "methods": [], "calls": [], "search-terms": [], "state": 2, "file_id": 368, "knowledge_revision": 1375, "git_revision": "1aee8ed1eca8330cc765b711c43546e90b04ff39", "hash": "0723d03797441989922f999fd559f735", "format-version": 4, "code-base-name": "universalinit", "filename": "pyproject.toml", "revision_history": [{"1375": "1aee8ed1eca8330cc765b711c43546e90b04ff39"}]}