{"is_source_file": true, "format": "Markdown", "description": "The supplied file is a README documentation file for the 'Universal Initializer' project, describing its features, usage, supported project types, command-line options, JSON configuration, environment variable mapping, and development instructions.", "external_files": [], "external_methods": [], "published": [], "classes": [], "methods": [], "calls": [], "search-terms": ["Universal Initializer", "project creation", "template-based", "command-line interface", "project types", "parameters", "installation", "usage", "configuration", "env.template", "template configuration", "project types list", "CLI options", "JSON config"], "state": 2, "file_id": 650, "knowledge_revision": 1660, "git_revision": "1aee8ed1eca8330cc765b711c43546e90b04ff39", "hash": "1d5ddc31019a1916dad621efc00ae6b7", "format-version": 4, "code-base-name": "universalinit", "filename": "README.md", "revision_history": [{"1660": "1aee8ed1eca8330cc765b711c43546e90b04ff39"}]}