{"is_source_file": true, "format": "Markdown", "description": "This file is a README.md documentation file for the 'Universal Initializer' project, describing the tool's features, usage, project types, configuration options, environment variable mapping syntax, and development guidelines.", "external_files": [], "external_methods": [], "published": [], "classes": [], "methods": [], "calls": [], "search-terms": ["Universal Initializer", "project types", "CLI commands", "template configuration", "environment variable mapping", "template files", "parameters", "installation instructions", "usage examples"], "state": 2, "file_id": 394, "knowledge_revision": 787, "git_revision": "c28b432360052a32d7f085596f95b229159701e4", "hash": "46e94b214c7badcff546bc697bef6e8d", "format-version": 4, "code-base-name": "universalinit", "filename": "README.md", "revision_history": [{"787": "c28b432360052a32d7f085596f95b229159701e4"}]}