{"is_source_file": false, "format": "", "description": "", "external_files": [], "external_methods": [], "published": [], "classes": [], "methods": [], "calls": [], "search-terms": ["README.md", "universalinit", "project initialization", "templates", "command-line interface", "JSON config", "environment variable mapping"], "state": 2, "file_id": 679, "knowledge_revision": 1689, "git_revision": "1aee8ed1eca8330cc765b711c43546e90b04ff39", "hash": "1d5ddc31019a1916dad621efc00ae6b7", "format-version": 4, "code-base-name": "universalinit", "filename": "README.md", "revision_history": [{"1689": "1aee8ed1eca8330cc765b711c43546e90b04ff39"}]}