{"is_source_file": true, "format": "JavaScript Module (.mjs)", "description": "Configuration file for PostCSS in a Next.js project, setting up Tailwind CSS plugin.", "external_files": ["@tailwindcss/postcss"], "external_methods": [], "published": ["default"], "classes": [], "methods": [], "calls": ["@tailwindcss/postcss"], "search-terms": ["postcss.config.mjs", "tailwind", "PostCSS", "Next.js", "tailwindcss plugin"], "state": 2, "file_id": 477, "knowledge_revision": 1489, "git_revision": "1aee8ed1eca8330cc765b711c43546e90b04ff39", "hash": "675899342e765a4d16acd75a53389101", "format-version": 4, "code-base-name": "universalinit", "filename": "src/universalinit/templates/nextjs/postcss.config.mjs", "revision_history": [{"1489": "1aee8ed1eca8330cc765b711c43546e90b04ff39"}]}