{"is_source_file": true, "format": "TypeScript (TSX)", "description": "This file defines the root layout component for a Next.js application, setting metadata and wrapping children components within HTML structure.", "external_files": ["./globals.css"], "external_methods": [], "published": ["metadata", "RootLayout"], "classes": [], "methods": [{"name": "RootLayout", "description": "React component that renders the root layout including html and body tags, and inserts child components."}], "calls": ["React.createElement"], "search-terms": ["Next.js", "layout.tsx", "RootLayout", "metadata", "React.ReactNode", "html", "body"], "state": 2, "file_id": 272, "knowledge_revision": 670, "git_revision": "bb8c1cc39b254b678c743dd267358a56dedbe64e", "ctags": [], "hash": "b8c9da91775e68b2caf15c64c76a1bf6", "format-version": 4, "code-base-name": "universalinit", "filename": "src/universalinit/templates/nextjs/src/app/layout.tsx", "revision_history": [{"670": "bb8c1cc39b254b678c743dd267358a56dedbe64e"}]}