{"is_source_file": true, "format": "JavaScript", "description": "Main JavaScript source file for a web project using Vite. Sets up the DOM and initializes a counter feature.", "external_files": ["./style.css", "./javascript.svg", "/vite.svg", "./counter.js"], "external_methods": ["setupCounter"], "published": [], "classes": [], "methods": [{"name": "setupCounter", "description": "Initializes and sets up event handling for a counter button element."}], "calls": ["setupCounter"], "search-terms": ["vite", "main.js", "counter", "setupCounter", "JavaScript DOM manipulation"], "state": 2, "file_id": 495, "knowledge_revision": 1519, "git_revision": "1aee8ed1eca8330cc765b711c43546e90b04ff39", "ctags": [], "hash": "de692c7004bd5381710c3a0b68a7bb3e", "format-version": 4, "code-base-name": "universalinit", "filename": "src/universalinit/templates/vite/src/main.js", "revision_history": [{"1519": "1aee8ed1eca8330cc765b711c43546e90b04ff39"}]}