{"is_source_file": true, "format": "ECMAScript Module (JavaScript / ESM)", "description": "Configuration file for ESLint tailored for Next.js projects, extending 'next/core-web-vitals' and 'next/typescript' presets.", "external_files": ["@eslint/eslintrc"], "external_methods": ["FlatCompat.extends"], "published": ["eslintConfig"], "classes": [], "methods": [{"name": "compat.extends", "description": "Extends existing ESLint configuration presets for the project."}], "calls": ["compat.extends"], "search-terms": ["eslint", "nextjs", "eslint.config.mjs", "extends", "FlatCompat"], "state": 2, "file_id": 382, "knowledge_revision": 1393, "git_revision": "1aee8ed1eca8330cc765b711c43546e90b04ff39", "hash": "b43f470c5df5e9ff4c2f5e0bd917a881", "format-version": 4, "code-base-name": "universalinit", "filename": "src/universalinit/templates/nextjs/eslint.config.mjs", "revision_history": [{"1393": "1aee8ed1eca8330cc765b711c43546e90b04ff39"}]}