{"is_source_file": true, "format": "JavaScript module (.mjs)", "description": "ESLint configuration file for a project, setting up recommended configurations, ignoring certain directories, and customizing linting rules for TypeScript and JavaScript files.", "external_files": ["@eslint/js", "globals", "typescript-eslint"], "external_methods": [], "published": [], "classes": [], "methods": [], "calls": ["js.configs.recommended", "tseslint.configs.recommended"], "search-terms": ["eslint", "configuration", "typescript", "js", "tsx", "jsx", "rules", "recommendations", "ignored directories"], "state": 2, "file_id": 626, "knowledge_revision": 1647, "git_revision": "1aee8ed1eca8330cc765b711c43546e90b04ff39", "hash": "6bbf88a99fa9b1a0d3b508e69c6e2f4f", "format-version": 4, "code-base-name": "universalinit", "filename": "src/universalinit/templates/nuxt/eslint.config.mjs", "revision_history": [{"1647": "1aee8ed1eca8330cc765b711c43546e90b04ff39"}]}