{"is_source_file": true, "format": "TypeScript", "description": "Main entry point for a Vue.js application, setting up the app instance, plugins, and mounting the application.", "external_files": ["./assets/main.css", "./App.vue", "./router"], "external_methods": ["createApp", "createPinia"], "published": [], "classes": [], "methods": [{"name": "app.use", "description": "Registers a plugin with the Vue application instance."}, {"name": "app.mount", "description": "Mounts the Vue application to the DOM element with id 'app'."}], "calls": ["createApp", "createPinia", "app.use", "app.mount"], "search-terms": ["main.ts", "vue", "createApp", "Pinia", "mount"], "state": 2, "file_id": 667, "knowledge_revision": 1686, "git_revision": "1aee8ed1eca8330cc765b711c43546e90b04ff39", "ctags": [{"_type": "tag", "name": "app", "path": "/home/kavia/workspace/code-generation/universalinit/src/universalinit/templates/vue/src/main.ts", "pattern": "/^const app = createApp(App)$/", "language": "TypeScript", "kind": "constant"}], "hash": "787582f2e0c8ceb362a78df92c25daaa", "format-version": 4, "code-base-name": "universalinit", "filename": "src/universalinit/templates/vue/src/main.ts", "revision_history": [{"1686": "1aee8ed1eca8330cc765b711c43546e90b04ff39"}]}