{"is_source_file": true, "file_id": 192, "git_revision": "aa69f66299701fc97267fe090de8289037534011", "state": 3, "description": "", "external_files": [], "external_methods": [], "published": [], "classes": [], "methods": [], "calls": [], "search-terms": [], "hash": "4e02fd62abb1a9bcb7a41dcc0679dbb2", "format-version": 4, "code-base-name": "universalinit", "filename": "src/universalinit/templates/nativescript/App_Resources/iOS/Assets.xcassets/AppIcon.appiconset/Contents.json", "knowledge_revision": 192}