{"is_source_file": true, "format": "TypeScript/TSX", "description": "This file serves as the server-side rendering (SSR) entry point for a Qwik-based web application. It imports SSR rendering functions, a manifest, and the root component, then exports a default function that initiates rendering with options and container attributes.", "external_files": ["@builder.io/qwik/server", "@qwik-client-manifest", "./root"], "external_methods": ["renderToStream"], "published": [], "classes": [], "methods": [{"name": "default function", "description": "Exports a function that renders the application to a stream, configuring options, manifest, container attributes, and server data."}], "calls": ["renderToStream"], "search-terms": ["SSR", "qwik", "entry point", "renderToStream", "server rendering"], "state": 2, "file_id": 547, "knowledge_revision": 1569, "git_revision": "1aee8ed1eca8330cc765b711c43546e90b04ff39", "ctags": [], "hash": "f8b074d1e3d71f065aa250eec9600f9d", "format-version": 4, "code-base-name": "universalinit", "filename": "src/universalinit/templates/qwik/src/entry.ssr.tsx", "revision_history": [{"1569": "1aee8ed1eca8330cc765b711c43546e90b04ff39"}]}