{"is_source_file": true, "format": "TypeScript", "description": "Configuration file for Vitest testing framework in a Vue project, merging Vite configuration with test-specific settings.", "external_files": ["./vite.config"], "external_methods": ["mergeConfig", "defineConfig", "fileURLToPath"], "published": ["default"], "classes": [], "methods": [{"name": "mergeConfig", "description": "Merges Vite configuration with additional configuration options for testing."}, {"name": "defineConfig", "description": "Defines a configuration object for Vitest."}, {"name": "fileURLToPath", "description": "Converts a URL object to a file path string."}], "calls": ["mergeConfig", "defineConfig", "fileURLToPath"], "search-terms": ["vitest.config.ts", "mergeConfig", "viteConfig", "jsdom", "vitest", "Vue", "test environment"], "state": 2, "file_id": 355, "knowledge_revision": 1382, "git_revision": "1aee8ed1eca8330cc765b711c43546e90b04ff39", "ctags": [], "hash": "fbf1ae958316eb66f11ca04b23d38fff", "format-version": 4, "code-base-name": "universalinit", "filename": "src/universalinit/templates/vue/vitest.config.ts", "revision_history": [{"1382": "1aee8ed1eca8330cc765b711c43546e90b04ff39"}]}