{"is_source_file": true, "format": "Python", "description": "This script defines a Django management command that generates an OpenAPI schema using drf_yasg, and saves it as a JSON file in the 'interfaces' directory.", "external_files": ["django/core/management/base.py", "django/test/request_factory.py", "drf_yasg/openapi.py", "drf_yasg/views.py", "rest_framework/permissions.py", "os", "json"], "external_methods": ["get_schema_view", "AllowAny", "json.loads", "json.dump", "os.makedirs", "os.path.join"], "published": ["Command"], "classes": [{"name": "Command", "description": "A Django management command that generates and saves an OpenAPI schema."}], "methods": [{"name": "handle(self, *args, **options)", "description": "Handles the command execution: generates the OpenAPI schema and writes it to 'interfaces/openapi.json'.", "scope": "Command", "scopeKind": "class"}], "calls": ["get_schema_view", "AllowAny", "json.loads", "json.dump", "os.makedirs", "os.path.join", "schema_view.without_ui"], "search-terms": ["Django management command", "openapi", "drf_yasg", "generate_openapi", "schema view", "OpenAPI JSON generation"], "state": 2, "file_id": 560, "knowledge_revision": 1584, "git_revision": "1aee8ed1eca8330cc765b711c43546e90b04ff39", "ctags": [{"_type": "tag", "name": "Command", "path": "/home/kavia/workspace/code-generation/universalinit/src/universalinit/templates/django/api/management/commands/generate_openapi.py", "pattern": "/^class Command(BaseCommand):$/", "language": "Python", "kind": "class"}, {"_type": "tag", "name": "handle", "path": "/home/kavia/workspace/code-generation/universalinit/src/universalinit/templates/django/api/management/commands/generate_openapi.py", "pattern": "/^    def handle(self, *args, **options):$/", "language": "Python", "kind": "member", "signature": "(self, *args, **options)", "scope": "Command", "scopeKind": "class"}], "hash": "ecbef1ab975654f383ec74e3c38d3bd0", "format-version": 4, "code-base-name": "universalinit", "filename": "src/universalinit/templates/django/api/management/commands/generate_openapi.py", "revision_history": [{"1584": "1aee8ed1eca8330cc765b711c43546e90b04ff39"}]}