{"is_source_file": true, "format": "Python", "description": "This file implements an interactive command-line interface for managing and querying an SQLite database specific to the {KAVIA_TEMPLATE_PROJECT_NAME} project. It provides commands to list tables, show schemas, describe tables, execute SQL queries, and includes help and exit commands.", "external_files": ["sqlite3", "sys"], "external_methods": ["sqlite3.connect"], "published": ["main", "print_help", "list_tables", "show_schema", "describe_table", "execute_query"], "classes": [], "methods": [{"name": "print_help()", "description": "Prints help information about available commands in the interactive shell.", "scope": "", "scopeKind": ""}, {"name": "list_tables(cursor)", "description": "Lists all user-defined tables in the database, excluding internal SQLite tables.", "scope": "", "scopeKind": ""}, {"name": "show_schema(cursor, table_name=None)", "description": "Displays the CREATE statement(s) for tables, either for a specific table or all tables.", "scope": "", "scopeKind": ""}, {"name": "describe_table(cursor, table_name)", "description": "Shows the structure/columns of a specified table.", "scope": "", "scopeKind": ""}, {"name": "execute_query(cursor, query)", "description": "Executes a provided SQL query and displays the results or success message.", "scope": "", "scopeKind": ""}, {"name": "main()", "description": "Main entry point of the script; runs an interactive SQLite shell allowing command and query execution.", "scope": "", "scopeKind": ""}], "calls": ["sqlite3.connect", "cursor.execute", "cursor.fetchall", "cursor.description", "print", "sys.exit"], "search-terms": ["sqlite_shell", "interactive_sqlite", "database_commands", "sqlite3", "db_shell_script"], "state": 2, "file_id": 419, "knowledge_revision": 1455, "git_revision": "1aee8ed1eca8330cc765b711c43546e90b04ff39", "ctags": [{"_type": "tag", "name": "DB_NAME", "path": "/home/kavia/workspace/code-generation/universalinit/src/universalinit/templates/sqlite/db_shell.py", "pattern": "/^DB_NAME = \"{KAVIA_DB_NAME}\"$/", "language": "Python", "kind": "variable"}, {"_type": "tag", "name": "describe_table", "path": "/home/kavia/workspace/code-generation/universalinit/src/universalinit/templates/sqlite/db_shell.py", "pattern": "/^def describe_table(cursor, table_name):$/", "language": "Python", "kind": "function", "signature": "(cursor, table_name)"}, {"_type": "tag", "name": "execute_query", "path": "/home/kavia/workspace/code-generation/universalinit/src/universalinit/templates/sqlite/db_shell.py", "pattern": "/^def execute_query(cursor, query):$/", "language": "Python", "kind": "function", "signature": "(cursor, query)"}, {"_type": "tag", "name": "list_tables", "path": "/home/kavia/workspace/code-generation/universalinit/src/universalinit/templates/sqlite/db_shell.py", "pattern": "/^def list_tables(cursor):$/", "language": "Python", "kind": "function", "signature": "(cursor)"}, {"_type": "tag", "name": "main", "path": "/home/kavia/workspace/code-generation/universalinit/src/universalinit/templates/sqlite/db_shell.py", "pattern": "/^def main():$/", "language": "Python", "kind": "function", "signature": "()"}, {"_type": "tag", "name": "print_help", "path": "/home/kavia/workspace/code-generation/universalinit/src/universalinit/templates/sqlite/db_shell.py", "pattern": "/^def print_help():$/", "language": "Python", "kind": "function", "signature": "()"}, {"_type": "tag", "name": "show_schema", "path": "/home/kavia/workspace/code-generation/universalinit/src/universalinit/templates/sqlite/db_shell.py", "pattern": "/^def show_schema(cursor, table_name=None):$/", "language": "Python", "kind": "function", "signature": "(cursor, table_name=None)"}], "hash": "df36b3623a628775706fe80456e65d60", "format-version": 4, "code-base-name": "universalinit", "filename": "src/universalinit/templates/sqlite/db_shell.py", "fields": [{"name": "DB_NAME = \"{KAVIA_DB_NAME}\"", "scope": "", "scopeKind": "", "description": "unavailable"}], "revision_history": [{"1455": "1aee8ed1eca8330cc765b711c43546e90b04ff39"}]}