{"is_source_file": false, "format": "", "description": "", "external_files": [], "external_methods": [], "published": [], "classes": [], "methods": [], "calls": [], "search-terms": [], "state": 2, "file_id": 379, "knowledge_revision": 1385, "git_revision": "1aee8ed1eca8330cc765b711c43546e90b04ff39", "hash": "4cd78a84a59f9b986939e5b8fc713b7d", "format-version": 4, "code-base-name": "universalinit", "filename": "src/universalinit/templates/nuxt/package.json", "revision_history": [{"1385": "1aee8ed1eca8330cc765b711c43546e90b04ff39"}]}