{"is_source_file": false, "format": null, "description": null, "external_files": [], "external_methods": [], "published": [], "classes": [], "methods": [], "calls": [], "search-terms": [], "state": 2, "file_id": 503, "knowledge_revision": 1514, "git_revision": "1aee8ed1eca8330cc765b711c43546e90b04ff39", "hash": "06c47043f62b05a55163546faef89b6b", "format-version": 4, "code-base-name": "universalinit", "filename": "src/universalinit/templates/flask/config.yml", "revision_history": [{"1514": "1aee8ed1eca8330cc765b711c43546e90b04ff39"}]}