{"is_source_file": true, "format": "JavaScript", "description": "Defines a controller class 'HealthController' that handles health check requests by invoking a health service and returning its status as a JSON response.", "external_files": ["../services/health"], "external_methods": ["healthService.getStatus"], "published": ["new HealthController()"], "classes": [{"name": "HealthController", "description": "Handles health check API requests by calling the health service and returning health status."}], "methods": [{"name": "check(req, res)", "description": "Processes an incoming request to check system health, uses the healthService to get status, and responds with a JSON payload.", "scope": "HealthController", "scopeKind": "class"}], "calls": ["healthService.getStatus", "res.status", "res.json"], "search-terms": ["health.js", "HealthController", "check", "healthService", "status"], "state": 2, "file_id": 402, "knowledge_revision": 1426, "git_revision": "1aee8ed1eca8330cc765b711c43546e90b04ff39", "ctags": [{"_type": "tag", "name": "HealthController", "path": "/home/kavia/workspace/code-generation/universalinit/src/universalinit/templates/express/src/controllers/health.js", "pattern": "/^class HealthController {$/", "language": "JavaScript", "kind": "class"}, {"_type": "tag", "name": "check", "path": "/home/kavia/workspace/code-generation/universalinit/src/universalinit/templates/express/src/controllers/health.js", "pattern": "/^  check(req, res) {$/", "language": "JavaScript", "kind": "method", "signature": "(req, res)", "scope": "HealthController", "scopeKind": "class"}, {"_type": "tag", "name": "exports", "path": "/home/kavia/workspace/code-generation/universalinit/src/universalinit/templates/express/src/controllers/health.js", "pattern": "/^module.exports = new HealthController();$/", "language": "JavaScript", "kind": "variable", "scope": "module", "scopeKind": "class"}, {"_type": "tag", "name": "healthService", "path": "/home/kavia/workspace/code-generation/universalinit/src/universalinit/templates/express/src/controllers/health.js", "pattern": "/^const healthService = require('..\\/services\\/health');$/", "language": "JavaScript", "kind": "constant"}], "hash": "05c26663041fbc83dd60748f0bc705da", "format-version": 4, "code-base-name": "universalinit", "filename": "src/universalinit/templates/express/src/controllers/health.js", "fields": [{"name": "module.exports = new HealthController();", "scope": "module", "scopeKind": "class", "description": "unavailable"}], "revision_history": [{"1426": "1aee8ed1eca8330cc765b711c43546e90b04ff39"}]}