{"is_source_file": true, "format": "JavaScript (Vite configuration)", "description": "Vite configuration script for a LightningJS project, setting up base, plugins, resolution, server options, and worker format.", "external_files": ["@lightningjs/blits/vite"], "external_methods": ["defineConfig"], "published": [], "classes": [], "methods": [{"name": "defineConfig", "description": "Defines and exports Vite configuration based on environment parameters."}], "calls": ["defineConfig"], "search-terms": ["vite", "lightningjs", "blits", "vite.config.js", "server configuration", "plugins"], "state": 2, "file_id": 435, "knowledge_revision": 1454, "git_revision": "1aee8ed1eca8330cc765b711c43546e90b04ff39", "ctags": [], "hash": "8acdac9175269e76719fddf670b22d2f", "format-version": 4, "code-base-name": "universalinit", "filename": "src/universalinit/templates/lightningjs/vite.config.js", "revision_history": [{"1454": "1aee8ed1eca8330cc765b711c43546e90b04ff39"}]}