{"is_source_file": true, "file_id": 448, "git_revision": "1aee8ed1eca8330cc765b711c43546e90b04ff39", "state": 1, "description": "", "external_files": [], "external_methods": [], "published": [], "classes": [], "methods": [], "calls": [], "search-terms": [], "ctags": [{"_type": "tag", "name": "application", "path": "/home/kavia/workspace/code-generation/universalinit/src/universalinit/templates/django/config/asgi.py", "pattern": "/^application = get_asgi_application()$/", "language": "Python", "kind": "variable"}], "format": "Python", "hash": "63d5777b090ac063ecd29c3dfa786ba5", "format-version": 4, "code-base-name": "universalinit", "filename": "src/universalinit/templates/django/config/asgi.py", "knowledge_revision": 1120}