{"is_source_file": true, "format": "bash", "description": "This is a shell script to automate the setup, initialization, and management of a MySQL server instance, including checking if MySQL is running, starting the server, configuring database and user privileges, and saving connection info.", "external_files": ["db_connection.txt", "db_visualizer/mysql.env"], "external_methods": ["sudo mysqladmin ping", "sudo mysql --socket", "pgrep", "sudo mysqld", "sleep", "grep", "awk", "sudo mysqladmin shutdown"], "published": [], "classes": [], "methods": [], "calls": ["sudo mysqladmin ping", "sudo mysql --socket", "mysql -u root -p", "sudo mysql --socket", "sudo mysql --socket", "sudo mysql --socket", "sudo mysql --socket", "sudo mysql --socket", "sudo mysql", "sudo mysql --socket"], "search-terms": ["MySQL setup script", "start MySQL server bash", "MySQL authentication fix script", "MySQL server management", "database connection shell script"], "state": 2, "file_id": 640, "knowledge_revision": 1660, "git_revision": "1aee8ed1eca8330cc765b711c43546e90b04ff39", "hash": "ee15961aa0bd2f6ec7099cb4bae5cc4d", "format-version": 4, "code-base-name": "universalinit", "filename": "src/universalinit/templates/mysql/startup.sh", "revision_history": [{"1660": "1aee8ed1eca8330cc765b711c43546e90b04ff39"}]}