{"is_source_file": true, "format": "TypeScript/TSX", "description": "This file defines a React-like UI component using Qwik framework for rendering a gauge with a value indicator and gradient style.", "external_files": ["@builder.io/qwik", "./gauge.module.css"], "external_methods": ["component$"], "published": ["default"], "classes": [], "methods": [{"name": "anonymous", "description": "An anonymous functional component accepting a 'value' prop that renders a styled gauge SVG."}], "calls": ["component$"], "search-terms": ["Qwik gauge component", "React-like component", "SVG gauge with gradient", "TypeScript gauge", "Gauge visualization"], "state": 2, "file_id": 397, "knowledge_revision": 1420, "git_revision": "1aee8ed1eca8330cc765b711c43546e90b04ff39", "ctags": [], "hash": "27f4579126cf32b622a56b0aff87aafc", "format-version": 4, "code-base-name": "universalinit", "filename": "src/universalinit/templates/qwik/src/components/starter/gauge/index.tsx", "revision_history": [{"1420": "1aee8ed1eca8330cc765b711c43546e90b04ff39"}]}