{"is_source_file": true, "format": "TypeScript", "description": "This file defines the main component of an Angular application, specifically the root component 'AppComponent'. It sets up the component with a selector, template, styles, and imports the RouterOutlet for routing within the app.", "external_files": ["./app.component.html", "./app.component.css"], "external_methods": [], "published": ["AppComponent"], "classes": [{"name": "AppComponent", "description": "The root Angular component of the application, responsible for the main layout and containing the application title."}], "methods": [{"name": "title", "description": "A component property holding the string 'angular', likely used in the template for display purposes."}], "calls": [], "search-terms": ["Angular", "AppComponent", "Component decorator", "RouterOutlet", "app-root"], "state": 2, "file_id": 652, "knowledge_revision": 1673, "git_revision": "1aee8ed1eca8330cc765b711c43546e90b04ff39", "ctags": [{"_type": "tag", "name": "AppComponent", "path": "/home/kavia/workspace/code-generation/universalinit/src/universalinit/templates/angular/src/app/app.component.ts", "pattern": "/^export class AppComponent {$/", "language": "TypeScript", "kind": "class"}, {"_type": "tag", "name": "title", "path": "/home/kavia/workspace/code-generation/universalinit/src/universalinit/templates/angular/src/app/app.component.ts", "pattern": "/^  title = 'angular';$/", "language": "TypeScript", "kind": "property", "scope": "AppComponent", "scopeKind": "class"}], "hash": "2a17ec2457a7ef8b5deb107dd7a74f59", "format-version": 4, "code-base-name": "universalinit", "filename": "src/universalinit/templates/angular/src/app/app.component.ts", "fields": [{"name": "title = 'angular';", "scope": "AppComponent", "scopeKind": "class", "description": "unavailable"}], "revision_history": [{"1673": "1aee8ed1eca8330cc765b711c43546e90b04ff39"}]}