{"is_source_file": true, "format": "TypeScript", "description": "This file is the main entry point for a Vue.js application, setting up the app, router, and state management with Pinia.", "external_files": ["./assets/main.css", "./App.vue", "./router"], "external_methods": ["createApp", "createPinia"], "published": [], "classes": [], "methods": [{"name": "app.use", "description": "Method to register plugins (Pinia, router) to the Vue app instance."}, {"name": "app.mount", "description": "Method to mount the Vue app to the DOM element with id 'app'."}], "calls": ["createApp(App)", "app.use(createPinia())", "app.use(router)", "app.mount('#app')"], "search-terms": ["main.ts", "vue app initialization", "createApp", "Pinia", "router", "mount"], "state": 2, "file_id": 510, "knowledge_revision": 1533, "git_revision": "1aee8ed1eca8330cc765b711c43546e90b04ff39", "ctags": [{"_type": "tag", "name": "app", "path": "/home/kavia/workspace/code-generation/universalinit/src/universalinit/templates/vue/src/main.ts", "pattern": "/^const app = createApp(App)$/", "language": "TypeScript", "kind": "constant"}], "hash": "787582f2e0c8ceb362a78df92c25daaa", "format-version": 4, "code-base-name": "universalinit", "filename": "src/universalinit/templates/vue/src/main.ts", "revision_history": [{"1533": "1aee8ed1eca8330cc765b711c43546e90b04ff39"}]}