{"is_source_file": true, "format": "JavaScript", "description": "This file is the entry point for a React application. It imports necessary modules like React and ReactDOM, applies styles from 'index.css', and renders the main 'App' component within a strict mode wrapper, mounting it to the DOM element with id 'root'.", "external_files": ["./index.css", "./App"], "external_methods": ["ReactDOM.createRoot", "root.render"], "published": ["React", "ReactDOM"], "classes": [], "methods": [{"name": "ReactDOM.createRoot", "description": "Creates a root for rendering React components to the specified DOM element."}, {"name": "root.render", "description": "Renders the React component tree within the created root."}], "calls": ["ReactDOM.createRoot", "root.render", "<React.StrictMode>", "<App />"], "search-terms": ["React", "ReactDOM", "createRoot", "render", "index.js", "main entry", "React.StrictMode", "root render"], "state": 2, "file_id": 394, "knowledge_revision": 1423, "git_revision": "1aee8ed1eca8330cc765b711c43546e90b04ff39", "ctags": [{"_type": "tag", "name": "root", "path": "/home/kavia/workspace/code-generation/universalinit/src/universalinit/templates/react/src/index.js", "pattern": "/^const root = ReactDOM.createRoot(document.getElementById('root'));$/", "language": "JavaScript", "kind": "constant"}], "hash": "9fc5841375336fc175b49f8767a11383", "format-version": 4, "code-base-name": "universalinit", "filename": "src/universalinit/templates/react/src/index.js", "revision_history": [{"1423": "1aee8ed1eca8330cc765b711c43546e90b04ff39"}]}