{"is_source_file": true, "format": "TypeScript with JSX (TSX)", "description": "A React component for the index route in a Remix application. It defines page metadata and renders a homepage with links to resources and logos, including embedded SVG icons.", "external_files": ["@remix-run/node"], "external_methods": ["MetaFunction"], "published": ["meta"], "classes": [], "methods": [{"name": "Index", "description": "React component function that renders the homepage layout with resource links and logos."}], "calls": ["meta", "resources.map"], "search-terms": ["remix app route", "index.tsx", "MetaFunction", "homepage layout", "resource links", "embedded SVG icons", "React component"], "state": 2, "file_id": 521, "knowledge_revision": 1541, "git_revision": "1aee8ed1eca8330cc765b711c43546e90b04ff39", "ctags": [], "hash": "6d28052a030fa0277aebc7c4bb572511", "format-version": 4, "code-base-name": "universalinit", "filename": "src/universalinit/templates/remix/app/routes/_index.tsx", "revision_history": [{"1541": "1aee8ed1eca8330cc765b711c43546e90b04ff39"}]}