{"is_source_file": true, "format": "TypeScript/TSX", "description": "This file defines a React component 'RemotionRoot' that uses the 'remotion' library to compose video segments. It imports other components and schemas, and sets up video compositions with specified properties.", "external_files": ["./HelloWorld", "./HelloWorld/Logo"], "external_methods": ["remotion.Composition", "React.FC"], "published": [], "classes": [], "methods": [{"name": "RemotionRoot", "description": "React functional component that renders Composition elements for video segments."}], "calls": ["remotion.Composition"], "search-terms": ["RemotionRoot", "remotion", "Composition", "HelloWorld", "Logo", "tsx", "React"], "state": 2, "file_id": 383, "knowledge_revision": 1405, "git_revision": "1aee8ed1eca8330cc765b711c43546e90b04ff39", "ctags": [], "hash": "e7dd365e19e3e2c921953e942d5e0cad", "format-version": 4, "code-base-name": "universalinit", "filename": "src/universalinit/templates/remotion/src/Root.tsx", "revision_history": [{"1405": "1aee8ed1eca8330cc765b711c43546e90b04ff39"}]}