{"is_source_file": false, "format": "", "description": "", "external_files": [], "external_methods": [], "published": [], "classes": [], "methods": [], "calls": [], "search-terms": [], "state": 2, "file_id": 627, "knowledge_revision": 1639, "git_revision": "1aee8ed1eca8330cc765b711c43546e90b04ff39", "hash": "806eeecd1f9b30d3af064ea8984f68d2", "format-version": 4, "code-base-name": "universalinit", "filename": "src/universalinit/templates/vue/README.md", "revision_history": [{"1639": "1aee8ed1eca8330cc765b711c43546e90b04ff39"}]}