{"is_source_file": true, "format": "XML", "description": "Android styles and theme definitions for a NativeScript application targeting API level 21, including custom styles for DatePicker, TimePicker, and Toolbar.", "external_files": [], "external_methods": [], "published": [], "classes": [], "methods": [], "calls": [], "search-terms": ["styles.xml", "AppThemeBase21", "SpinnerDatePicker", "SpinnerTimePicker", "NativeScriptToolbarStyle", "android:datePickerStyle", "android:timePickerStyle", "android:windowTranslucentStatus", "android:elevation", "android:paddingTop"], "state": 2, "file_id": 587, "knowledge_revision": 1609, "git_revision": "1aee8ed1eca8330cc765b711c43546e90b04ff39", "hash": "a03b94a12ce4e5c605b5ce4a3f188aab", "format-version": 4, "code-base-name": "universalinit", "filename": "src/universalinit/templates/nativescript/App_Resources/Android/src/main/res/values-v21/styles.xml", "revision_history": [{"1609": "1aee8ed1eca8330cc765b711c43546e90b04ff39"}]}