{"is_source_file": false, "format": "", "description": "", "external_files": [], "external_methods": [], "published": [], "classes": [], "methods": [], "calls": [], "search-terms": [], "state": 2, "file_id": 393, "knowledge_revision": 1409, "git_revision": "1aee8ed1eca8330cc765b711c43546e90b04ff39", "hash": "c0e8cde0a00f7ca45c6e57745d3ce18c", "format-version": 4, "code-base-name": "universalinit", "filename": "src/universalinit/templates/astro/README.md", "revision_history": [{"1409": "1aee8ed1eca8330cc765b711c43546e90b04ff39"}]}