{"is_source_file": true, "format": "Python", "description": "This is a Django manage.py script used for running administrative tasks for a Django project.", "external_files": ["django.core.management"], "external_methods": ["django.core.management.execute_from_command_line"], "published": ["main"], "classes": [], "methods": [{"name": "main()", "description": "Runs Django administrative commands after setting default environment variables.", "scope": "", "scopeKind": ""}], "calls": ["django.core.management.execute_from_command_line"], "search-terms": ["manage.py", "Django", "execute_from_command_line", "settings", "administrative tasks"], "state": 2, "file_id": 520, "knowledge_revision": 1535, "git_revision": "2028ea7a4a4843e6263708f2139ded60b9650606", "ctags": [{"_type": "tag", "name": "main", "path": "/home/kavia/workspace/code-generation/universalinit/src/universalinit/templates/django/manage.py", "pattern": "/^def main():$/", "language": "Python", "kind": "function", "signature": "()"}], "hash": "09ce28f22db4398409f377833475117f", "format-version": 4, "code-base-name": "universalinit", "filename": "src/universalinit/templates/django/manage.py", "revision_history": [{"1535": "2028ea7a4a4843e6263708f2139ded60b9650606"}]}