{"is_source_file": true, "format": "TypeScript (TSX)", "description": "A React functional component named Subtitle that renders a styled subtitle with animated opacity based on frame interpolation, used within a Remotion video project.", "external_files": ["./constants"], "external_methods": ["useCurrentFrame", "interpolate"], "published": ["Subtitle"], "classes": [], "methods": [{"name": "Subtitle", "description": "React functional component that renders a subtitle with animated opacity."}], "calls": ["useCurrentFrame()", "interpolate(frame, [0, 30], [0, 1])"], "search-terms": ["Subtitle", "React.FC", "useCurrentFrame", "interpolate", "remotion", "CSSProperties", "animated opacity", "video subtitle"], "state": 2, "file_id": 414, "knowledge_revision": 1433, "git_revision": "1aee8ed1eca8330cc765b711c43546e90b04ff39", "ctags": [], "hash": "a4a6f5bec7582a30b3d43db862a5acf7", "format-version": 4, "code-base-name": "universalinit", "filename": "src/universalinit/templates/remotion/src/HelloWorld/Subtitle.tsx", "revision_history": [{"1433": "1aee8ed1eca8330cc765b711c43546e90b04ff39"}]}