{"is_source_file": true, "format": "JavaScript", "description": "A source file defining middleware exports for a Node.js application, currently empty with a placeholder comment.", "external_files": [], "external_methods": [], "published": ["module.exports"], "classes": [], "methods": [], "calls": [], "search-terms": ["middleware", "express", "index.js", "exported middleware", "Node.js"], "state": 2, "file_id": 631, "knowledge_revision": 1649, "git_revision": "1aee8ed1eca8330cc765b711c43546e90b04ff39", "ctags": [], "hash": "e9169fe9b751451d433ec5c4d4734b4a", "format-version": 4, "code-base-name": "universalinit", "filename": "src/universalinit/templates/express/src/middleware/index.js", "revision_history": [{"1649": "1aee8ed1eca8330cc765b711c43546e90b04ff39"}]}