{"is_source_file": true, "format": "TypeScript", "description": "A service worker setup file for Qwik framework's prefetching and performance optimization.", "external_files": ["@builder.io/qwik-city/service-worker"], "external_methods": ["setupServiceWorker"], "published": [], "classes": [], "methods": [{"name": "addEventListener", "description": "Registers event handlers for 'install' and 'activate' events in the service worker."}], "calls": ["setupServiceWorker()", "addEventListener(\"install\", ...)", "addEventListener(\"activate\", ...)"], "search-terms": ["service worker", "prefetching", "Qwik", "QwikCity", "install event", "activate event", "self.skipWaiting", "self.clients.claim", "service-worker.ts"], "state": 2, "file_id": 144, "knowledge_revision": 539, "git_revision": "bf8e83a03386cc13b14f840fc39dc9004aad1478", "ctags": [{"_type": "tag", "name": "self", "path": "/home/kavia/workspace/code-generation/universalinit/src/universalinit/templates/qwik/src/routes/service-worker.ts", "pattern": "/^declare const self: ServiceWorkerGlobalScope;$/", "language": "TypeScript", "kind": "constant"}], "hash": "4691e997442ba9f8be7690530ed1ce95", "format-version": 4, "code-base-name": "universalinit", "filename": "src/universalinit/templates/qwik/src/routes/service-worker.ts", "revision_history": [{"539": "bf8e83a03386cc13b14f840fc39dc9004aad1478"}]}