{"is_source_file": true, "format": "JavaScript", "description": "ESLint configuration file for a Svelte project using TypeScript, including plugin integrations and overrides.", "external_files": ["@eslint/js", "@eslint/compat", "eslint-plugin-svelte", "globals", "node:url", "typescript-eslint", "./svelte.config.js"], "external_methods": ["fileURLToPath", "URL"], "published": [], "classes": [], "methods": [{"name": "default export", "description": "Exports the ESLint configuration object built using ts.config with recommended settings and overrides."}], "calls": ["ts.config", "includeIgnoreFile", "js.configs.recommended", "...ts.configs.recommended", "...svelte.configs.recommended"], "search-terms": ["eslint configuration", "svelte plugin", "typescript-eslint", "ESLint override", "recommended configs"], "state": 2, "file_id": 638, "knowledge_revision": 1660, "git_revision": "1aee8ed1eca8330cc765b711c43546e90b04ff39", "ctags": [{"_type": "tag", "name": "gitignorePath", "path": "/home/kavia/workspace/code-generation/universalinit/src/universalinit/templates/svelte/eslint.config.js", "pattern": "/^const gitignorePath = fileURLToPath(new URL(\".\\/.gitignore\", import.meta.url));$/", "language": "JavaScript", "kind": "constant"}], "hash": "a81d06efe1486ab8e93e8c96a9bdf6b8", "format-version": 4, "code-base-name": "universalinit", "filename": "src/universalinit/templates/svelte/eslint.config.js", "revision_history": [{"1660": "1aee8ed1eca8330cc765b711c43546e90b04ff39"}]}