{"is_source_file": true, "format": "JavaScript", "description": "This file imports the LightningJS Blits module and an application module, then launches the application with specified window dimensions and debug level.", "external_files": ["@lightningjs/blits", "./App.js"], "external_methods": ["Blits.Launch"], "published": [], "classes": [], "methods": [], "calls": ["Blits.Launch"], "search-terms": ["lightningjs", "Blits.Launch", "App.js", "index.js"], "state": 2, "file_id": 533, "knowledge_revision": 1555, "git_revision": "1aee8ed1eca8330cc765b711c43546e90b04ff39", "ctags": [], "hash": "699987a61e1fdce808bdbadf75592f5a", "format-version": 4, "code-base-name": "universalinit", "filename": "src/universalinit/templates/lightningjs/src/index.js", "revision_history": [{"1555": "1aee8ed1eca8330cc765b711c43546e90b04ff39"}]}