{"is_source_file": true, "format": "TypeScript (TSX)", "description": "A Next.js layout component defining the root layout for an application, including font settings and global styles.", "external_files": ["./globals.css"], "external_methods": ["next/font/google.Geist", "next/font/google.Geist_Mono"], "published": ["metadata"], "classes": [], "methods": [{"name": "RootLayout", "description": "React component for the application's root layout, applying fonts and rendering children."}], "calls": ["Geist", "Geist_Mono"], "search-terms": ["Next.js layout", "TypeScript", "React", "fonts", "Metadata", "Global styles", "layout component"], "state": 2, "file_id": 477, "knowledge_revision": 1505, "git_revision": "1aee8ed1eca8330cc765b711c43546e90b04ff39", "ctags": [], "hash": "5f8776fc8a71cd5f17746f7ac3672e84", "format-version": 4, "code-base-name": "universalinit", "filename": "src/universalinit/templates/nextjs/src/app/layout.tsx", "revision_history": [{"1505": "1aee8ed1eca8330cc765b711c43546e90b04ff39"}]}