{"is_source_file": true, "file_id": 446, "git_revision": "1aee8ed1eca8330cc765b711c43546e90b04ff39", "state": 2, "description": "", "external_files": [], "external_methods": [], "published": [], "classes": [], "methods": [], "calls": [], "search-terms": [], "ctags": [], "hash": null, "format-version": 4, "code-base-name": "universalinit", "filename": "src/universalinit/templates/django/config/__init__.py", "knowledge_revision": 1457, "revision_history": [{"1457": "1aee8ed1eca8330cc765b711c43546e90b04ff39"}]}