{"is_source_file": true, "format": "TypeScript (TSX)", "description": "This file defines a React functional component named 'Atom' that renders an animated SVG circle with a gradient fill. It utilizes hooks like useState and useVideoConfig from 'react' and 'remotion' respectively, and manages a unique gradient ID with a random value. The component's appearance is customizable via 'scale', 'color1', and 'color2' props.", "external_files": ["react", "remotion"], "external_methods": ["useState", "useVideoConfig", "random"], "published": ["Atom"], "classes": [], "methods": [{"name": "Atom", "description": "React functional component that renders an SVG circle with a linear gradient fill, scaled according to the 'scale' prop."}], "calls": ["useState", "useVideoConfig", "random"], "search-terms": ["React", "SVG", "linearGradient", "remotion", "Atom component", "random ID"], "state": 2, "file_id": 637, "knowledge_revision": 1660, "git_revision": "1aee8ed1eca8330cc765b711c43546e90b04ff39", "ctags": [], "hash": "84d6d103c82561539bc9e4df504626a7", "format-version": 4, "code-base-name": "universalinit", "filename": "src/universalinit/templates/remotion/src/HelloWorld/Atom.tsx", "revision_history": [{"1660": "1aee8ed1eca8330cc765b711c43546e90b04ff39"}]}