{"is_source_file": true, "format": "TypeScript (TSX)", "description": "This file is a source code file for a Qwik framework based web application, defining the root component with routing and service worker setup.", "external_files": ["@builder.io/qwik", "@builder.io/qwik", "@builder.io/qwik-city", "./components/router-head/router-head"], "external_methods": ["component$", "isDev"], "published": [], "classes": [], "methods": [{"name": "default", "description": "Exports the main root component for the Qwik application, setting up routing, head metadata, and service worker registration."}], "calls": ["component$", "isDev", "QwikCityProvider", "RouterHead", "ServiceWorkerRegister", "RouterOutlet"], "search-terms": ["QwikCityProvider", "RouterOutlet", "ServiceWorkerRegister", "component$", "root", "qwik"], "state": 2, "file_id": 523, "knowledge_revision": 1543, "git_revision": "1aee8ed1eca8330cc765b711c43546e90b04ff39", "ctags": [], "hash": "9bbf0df29be90ef336ed559eb7c371c7", "format-version": 4, "code-base-name": "universalinit", "filename": "src/universalinit/templates/qwik/src/root.tsx", "revision_history": [{"1543": "1aee8ed1eca8330cc765b711c43546e90b04ff39"}]}