{"is_source_file": true, "format": "TypeScript declaration file", "description": "Type declaration file for environment variables or types related to Vite's client-side runtime in a Vue project.", "external_files": ["vite/client"], "external_methods": [], "published": [], "classes": [], "methods": [], "calls": [], "search-terms": ["env.d.ts", "vite", "vue", "types", "reference", "client"], "state": 2, "file_id": 629, "knowledge_revision": 1647, "git_revision": "1aee8ed1eca8330cc765b711c43546e90b04ff39", "ctags": [], "hash": "0352474ba2918efe13895edbc3780d94", "format-version": 4, "code-base-name": "universalinit", "filename": "src/universalinit/templates/vue/env.d.ts", "revision_history": [{"1647": "1aee8ed1eca8330cc765b711c43546e90b04ff39"}]}