{"is_source_file": true, "format": "bash script", "description": "This file is a shell script that automates the setup and startup process for a MySQL server, including initialization, process checks, configuration, and environment setup.", "external_files": ["db_connection.txt", "db_visualizer/mysql.env"], "external_methods": ["sudo mysqladmin ping", "sudo mysql --socket=... -e", "pgrep -f", "mysql -u ... -e", "sudo mysql --socket=... -e 'SHOW VARIABLES LIKE 'port';'", "sudo mysqld --initialize-insecure", "sudo mysqld"], "published": ["db_connection.txt", "db_visualizer/mysql.env"], "classes": [], "methods": [], "calls": ["sudo mysqladmin ping", "sudo mysql --socket=... -e", "pgrep -f \"mysqld.*--port=${DB_PORT}\"", "mysql -u ... -h 127.0.0.1 -P ... -e 'SELECT 1;'", "sudo mysql --socket=... -e 'SHOW VARIABLES LIKE ''port'';'", "sudo mysqld --initialize-insecure --user=mysql --datadir=/var/lib/mysql", "sudo mysqld --user=mysql --datadir=/var/lib/mysql --socket=... --pid-file=... --port=${DB_PORT}", "sudo mysql --socket=... << EOF ... EOF"], "search-terms": ["startup.sh", "MySQL setup script", "database initialization", "MySQL port check", "MySQL authentication fix", "bash script for MySQL"], "state": 2, "file_id": 344, "knowledge_revision": 1361, "git_revision": "1aee8ed1eca8330cc765b711c43546e90b04ff39", "hash": "ee15961aa0bd2f6ec7099cb4bae5cc4d", "format-version": 4, "code-base-name": "universalinit", "filename": "src/universalinit/templates/mysql/startup.sh", "revision_history": [{"1361": "1aee8ed1eca8330cc765b711c43546e90b04ff39"}]}