{"is_source_file": true, "format": "TypeScript", "description": "Configuration file for a Nuxt.js project, defining runtime and build settings using defineNuxtConfig.", "external_files": ["https://nuxt.com/docs/api/configuration/nuxt-config"], "external_methods": ["defineNuxtConfig"], "published": ["defineNuxtConfig"], "classes": [], "methods": [{"name": "defineNuxtConfig", "description": "Function that sets up the Nuxt.js project configuration."}], "calls": ["defineNuxtConfig"], "search-terms": ["Nuxt.js", "nuxt.config.ts", "defineNuxtConfig", "routeRules", "compatibilityDate", "devtools", "nitro", "vite"], "state": 2, "file_id": 637, "knowledge_revision": 1659, "git_revision": "1aee8ed1eca8330cc765b711c43546e90b04ff39", "ctags": [], "hash": "5f9df0d4eaa42a5ea12a40cd14adef50", "format-version": 4, "code-base-name": "universalinit", "filename": "src/universalinit/templates/nuxt/nuxt.config.ts", "revision_history": [{"1659": "1aee8ed1eca8330cc765b711c43546e90b04ff39"}]}