{"is_source_file": true, "format": "TypeScript (TSX)", "description": "The RouterHead component for managing document `<head>` content in a Qwik framework project, including dynamic title, meta tags, links, styles, and scripts.", "external_files": ["@builder.io/qwik", "@builder.io/qwik-city"], "external_methods": ["useDocumentHead", "useLocation", "component$"], "published": ["RouterHead"], "classes": [], "methods": [{"name": "RouterHead", "description": "A Qwik component that injects dynamic content into the document `<head>` based on the current route."}], "calls": ["useDocumentHead()", "useLocation()"], "search-terms": ["RouterHead", "Qwik", "Head management", "Dynamic head content", "Route metadata"], "state": 2, "file_id": 606, "knowledge_revision": 1628, "git_revision": "1aee8ed1eca8330cc765b711c43546e90b04ff39", "ctags": [], "hash": "822ca7bb4d7b877473e28386699dbe73", "format-version": 4, "code-base-name": "universalinit", "filename": "src/universalinit/templates/qwik/src/components/router-head/router-head.tsx", "revision_history": [{"1628": "1aee8ed1eca8330cc765b711c43546e90b04ff39"}]}