{"is_source_file": true, "format": "HTML", "description": "This is an HTML file that implements the front-end interface for a database visualizer tool. It provides a user interface with sidebar navigation for selecting databases and tables, and a main content area for displaying data tables, error messages, and loading states. It includes JavaScript code for fetching data from API endpoints, dynamically updating the DOM, and handling user interactions.", "external_files": ["/api/databases", "/api/{db}/tables", "/api/{db}/tables/{tableName}/data"], "external_methods": ["fetch"], "published": [], "classes": [], "methods": [{"name": "loadDatabases", "description": "Fetches the list of databases from the API and populates the sidebar."}, {"name": "refreshDatabases", "description": "Refreshes the list of databases, resets state, and updates UI."}, {"name": "toggleDatabase", "description": "Expands or collapses the list of tables for a selected database, loads tables if needed."}, {"name": "loadTables", "description": "Fetches the tables for a specific database and displays them in the sidebar."}, {"name": "loadTableData", "description": "Fetches data for a specific table and renders it in the main content area."}, {"name": "renderTable", "description": "Constructs and displays an HTML table from data rows."}, {"name": "renderCell", "description": "Generates the HTML for a table cell, handling object, null, or long string content."}, {"name": "expandCell", "description": "Toggles expansion of cell content for long strings or objects."}], "calls": ["fetchData('/api/databases')", "fetchData(`/api/${db}/tables`)", "fetchData(`/api/${db}/tables/${tableName}/data?limit=50`)"], "search-terms": ["Database Viewer", "JavaScript fetch API", "dynamic data table", "interactive SQL result display", "tabular data visualization"], "state": 2, "file_id": 340, "knowledge_revision": 1356, "git_revision": "1aee8ed1eca8330cc765b711c43546e90b04ff39", "hash": "ee63333a4841bf025439c755a74c9881", "format-version": 4, "code-base-name": "universalinit", "filename": "src/universalinit/common/db_visualizer/public/index.html", "revision_history": [{"1356": "1aee8ed1eca8330cc765b711c43546e90b04ff39"}]}