{"is_source_file": true, "format": "JavaScript", "description": "This file generates an OpenAPI JSON file by writing a Swagger specification to a designated directory.", "external_files": ["./swagger"], "external_methods": ["require", "path.join", "fs.existsSync", "fs.mkdirSync", "fs.writeFileSync", "JSON.stringify"], "published": [], "classes": [], "methods": [{"name": "none", "description": "This script runs procedural code to generate an OpenAPI specification file."}], "calls": ["require", "path.join", "fs.existsSync", "fs.mkdirSync", "fs.writeFileSync", "JSON.stringify"], "search-terms": ["generate_openapi", "swaggerSpec", "interfaces", "openapi.json", "fs", "path", "swagger"], "state": 2, "file_id": 413, "knowledge_revision": 1436, "git_revision": "1aee8ed1eca8330cc765b711c43546e90b04ff39", "ctags": [{"_type": "tag", "name": "fs", "path": "/home/kavia/workspace/code-generation/universalinit/src/universalinit/templates/express/generate_openapi.js", "pattern": "/^const fs = require('fs');$/", "language": "JavaScript", "kind": "constant"}, {"_type": "tag", "name": "outputDir", "path": "/home/kavia/workspace/code-generation/universalinit/src/universalinit/templates/express/generate_openapi.js", "pattern": "/^const outputDir = path.join(__dirname, 'interfaces');$/", "language": "JavaScript", "kind": "constant"}, {"_type": "tag", "name": "outputPath", "path": "/home/kavia/workspace/code-generation/universalinit/src/universalinit/templates/express/generate_openapi.js", "pattern": "/^const outputPath = path.join(outputDir, 'openapi.json');$/", "language": "JavaScript", "kind": "constant"}, {"_type": "tag", "name": "path", "path": "/home/kavia/workspace/code-generation/universalinit/src/universalinit/templates/express/generate_openapi.js", "pattern": "/^const path = require('path');$/", "language": "JavaScript", "kind": "constant"}, {"_type": "tag", "name": "swaggerSpec", "path": "/home/kavia/workspace/code-generation/universalinit/src/universalinit/templates/express/generate_openapi.js", "pattern": "/^const swaggerSpec = require('.\\/swagger');$/", "language": "JavaScript", "kind": "constant"}], "hash": "55a8452439ff8971a692025b12dc20dc", "format-version": 4, "code-base-name": "universalinit", "filename": "src/universalinit/templates/express/generate_openapi.js", "revision_history": [{"1436": "1aee8ed1eca8330cc765b711c43546e90b04ff39"}]}