{"is_source_file": false, "format": "", "description": "", "external_files": [], "external_methods": [], "published": [], "classes": [], "methods": [], "calls": [], "search-terms": [], "state": 2, "file_id": 488, "knowledge_revision": 1500, "git_revision": "1aee8ed1eca8330cc765b711c43546e90b04ff39", "hash": "9483450ea96c056ca5d32e968e351567", "format-version": 4, "code-base-name": "universalinit", "filename": "src/universalinit/templates/express/package.json", "revision_history": [{"1500": "1aee8ed1eca8330cc765b711c43546e90b04ff39"}]}