{"is_source_file": true, "format": "JavaScript/ECMAScript Module (MJS)", "description": "This file defines an ESLint configuration for a Next.js project, extending recommended settings for core web vitals and TypeScript through the '@eslint/eslintrc' package.", "external_files": ["@eslint/eslintrc"], "external_methods": ["compat.extends"], "published": ["eslintConfig"], "classes": [], "methods": [{"name": "compat.extends", "description": "Method to extend base ESLint configurations, used to include Next.js specific rules"}], "calls": ["compat.extends"], "search-terms": ["eslint", "nextjs", "eslint.config.mjs", "typescript", "core-web-vitals"], "state": 2, "file_id": 649, "knowledge_revision": 1673, "git_revision": "1aee8ed1eca8330cc765b711c43546e90b04ff39", "hash": "b43f470c5df5e9ff4c2f5e0bd917a881", "format-version": 4, "code-base-name": "universalinit", "filename": "src/universalinit/templates/nextjs/eslint.config.mjs", "revision_history": [{"1673": "1aee8ed1eca8330cc765b711c43546e90b04ff39"}]}