{"is_source_file": true, "format": "JavaScript/ESM Module", "description": "This file is an ESLint configuration module for a TypeScript project, defining recommended rules, file ignores, language options, and plugin configurations.", "external_files": ["@eslint/js", "@typescript-eslint/eslint-plugin", "@typescript-eslint/parser"], "external_methods": [], "published": ["default"], "classes": [], "methods": [{"name": "export default", "description": "Exports the ESLint configuration array, combining recommended settings, ignore patterns, language options, plugins, and rules."}], "calls": ["js.configs.recommended"], "search-terms": ["eslint", "typescript", "eslint.config.mjs", "typescript-eslint", "eslint plugin", "eslint ignore patterns"], "state": 2, "file_id": 403, "knowledge_revision": 1413, "git_revision": "1aee8ed1eca8330cc765b711c43546e90b04ff39", "hash": "e07c5093c78842a4ba4667fc4b86ccee", "format-version": 4, "code-base-name": "universalinit", "filename": "src/universalinit/templates/typescript/eslint.config.mjs", "revision_history": [{"1413": "1aee8ed1eca8330cc765b711c43546e90b04ff39"}]}