{"is_source_file": true, "format": "TypeScript", "description": "Configuration file for Vite bundler integrating Remix plugin with specific future flags and server options.", "external_files": ["@remix-run/dev", "vite", "vite-tsconfig-paths"], "external_methods": ["vitePlugin as remix from \"@remix-run/dev\"", "defineConfig from \"vite\"", "tsconfigPaths from \"vite-tsconfig-paths\""], "published": ["default"], "classes": [], "methods": [{"name": "defineConfig", "description": "Defines the configuration for Vite, including plugins and server settings."}], "calls": ["defineConfig", "remix", "tsconfigPaths"], "search-terms": ["vite config", "remix plugin", "typescript bundler", "server configuration", "vite-tsconfig-paths"], "state": 2, "file_id": 553, "knowledge_revision": 1577, "git_revision": "1aee8ed1eca8330cc765b711c43546e90b04ff39", "ctags": [{"_type": "tag", "name": "Future", "path": "/home/kavia/workspace/code-generation/universalinit/src/universalinit/templates/remix/vite.config.ts", "pattern": "/^  interface Future {$/", "language": "TypeScript", "kind": "interface"}, {"_type": "tag", "name": "v3_singleFetch", "path": "/home/kavia/workspace/code-generation/universalinit/src/universalinit/templates/remix/vite.config.ts", "pattern": "/^    v3_singleFetch: true;$/", "language": "TypeScript", "kind": "property", "scope": "Future", "scopeKind": "interface"}], "hash": "52c7db1cd6c721057729f39be3ba5586", "format-version": 4, "code-base-name": "universalinit", "filename": "src/universalinit/templates/remix/vite.config.ts", "fields": [{"name": "interface Future {", "scope": "", "scopeKind": "", "description": "unavailable"}, {"name": "v3_singleFetch: true;", "scope": "Future", "scopeKind": "interface", "description": "unavailable"}], "revision_history": [{"1577": "1aee8ed1eca8330cc765b711c43546e90b04ff39"}]}