{"is_source_file": true, "format": "TypeScript", "description": "Configuration script for Remotion project, setting video image format and overwrite options via @remotion/cli/config API.", "external_files": ["@remotion/cli/config"], "external_methods": ["Config.setVideoImageFormat", "Config.setOverwriteOutput"], "published": [], "classes": [], "methods": [{"name": "setVideoImageFormat", "description": "Sets the image format for videos, such as 'jpeg'."}, {"name": "setOverwriteOutput", "description": "Configures whether output files should be overwritten."}], "calls": ["Config.setVideoImageFormat(\"jpeg\")", "Config.setOverwriteOutput(true)"], "search-terms": ["remotion.config.ts", "Config", "setVideoImageFormat", "setOverwriteOutput", "remotion"], "state": 2, "file_id": 506, "knowledge_revision": 1524, "git_revision": "1aee8ed1eca8330cc765b711c43546e90b04ff39", "ctags": [], "hash": "59c56da67f1bfdb377d7df8bd4fadc25", "format-version": 4, "code-base-name": "universalinit", "filename": "src/universalinit/templates/remotion/remotion.config.ts", "revision_history": [{"1524": "1aee8ed1eca8330cc765b711c43546e90b04ff39"}]}