{"is_source_file": false, "format": "", "description": "", "external_files": [], "external_methods": [], "published": [], "classes": [], "methods": [], "calls": [], "search-terms": ["file structure", "getting started", "Lightning 3 app", "Blits App", "index.html", "index.js", "App.js", "project files", "folder structure", "public assets"], "state": 2, "file_id": 645, "knowledge_revision": 1662, "git_revision": "1aee8ed1eca8330cc765b711c43546e90b04ff39", "hash": "9401bc25f84d43545bf8d0b2c15cee5b", "format-version": 4, "code-base-name": "universalinit", "filename": "src/universalinit/templates/lightningjs/docs/getting_started_file_structure.md", "revision_history": [{"1662": "1aee8ed1eca8330cc765b711c43546e90b04ff39"}]}