{"is_source_file": false, "format": "", "description": "", "external_files": [], "external_methods": [], "published": [], "classes": [], "methods": [], "calls": [], "search-terms": ["app.component.html", "Angular", "HTML template", "Angular logo SVG", "CSS Styles", "UI layout", "Placeholder content", "Angular project template"], "state": 2, "file_id": 546, "knowledge_revision": 1559, "git_revision": "1aee8ed1eca8330cc765b711c43546e90b04ff39", "hash": "b6871fc3869e1deaa3a3cf72a7ceda12", "format-version": 4, "code-base-name": "universalinit", "filename": "src/universalinit/templates/angular/src/app/app.component.html", "revision_history": [{"1559": "1aee8ed1eca8330cc765b711c43546e90b04ff39"}]}