{"is_source_file": true, "format": "TypeScript React (TSX)", "description": "This file is a source component for a Remix application. It defines a React component for the index route, including meta information and a UI layout with resource links and icons.", "external_files": ["@remix-run/node"], "external_methods": ["MetaFunction"], "published": ["meta"], "classes": [], "methods": [{"name": "Index", "description": "React component rendering the index page with welcome message and resource links."}], "calls": ["meta", "resources.map"], "search-terms": ["remix", "meta", "index route", "TSX", "React component", "resource links", "remix-run/node"], "state": 2, "file_id": 529, "knowledge_revision": 1552, "git_revision": "1aee8ed1eca8330cc765b711c43546e90b04ff39", "ctags": [], "hash": "6d28052a030fa0277aebc7c4bb572511", "format-version": 4, "code-base-name": "universalinit", "filename": "src/universalinit/templates/remix/app/routes/_index.tsx", "revision_history": [{"1552": "1aee8ed1eca8330cc765b711c43546e90b04ff39"}]}