{"is_source_file": true, "format": "TypeScript", "description": "This file is a configuration script for Vite, a build tool for frontend projects. It exports a default configuration object for the development server, including settings for host, allowed hosts, port, CORS, headers, and file watching.", "external_files": ["vite"], "external_methods": ["defineConfig"], "published": ["default"], "classes": [], "methods": [{"name": "defineConfig", "description": "Function to define a Vite configuration object, imported from the 'vite' package."}], "calls": ["defineConfig"], "search-terms": ["vite.config.ts", "Vite", "development server configuration", "host", "allowedHosts", "cors", "headers", "watch"], "state": 2, "file_id": 554, "knowledge_revision": 1578, "git_revision": "1aee8ed1eca8330cc765b711c43546e90b04ff39", "ctags": [], "hash": "aa804215dee9fd8b018893fb255987eb", "format-version": 4, "code-base-name": "universalinit", "filename": "src/universalinit/templates/typescript/vite.config.ts", "revision_history": [{"1578": "1aee8ed1eca8330cc765b711c43546e90b04ff39"}]}