{"is_source_file": true, "format": "TypeScript", "description": "This file is a configuration script for ESLint, specifying rules and plugins for code linting in a Vue and TypeScript project.", "external_files": ["eslint-plugin-vue", "@vue/eslint-config-typescript", "@vitest/eslint-plugin", "@vue/eslint-config-prettier/skip-formatting"], "external_methods": ["defineConfigWithVueTs", "vueTsConfigs.recommended"], "published": ["default (ESLint configuration object)"], "classes": [], "methods": [{"name": "defineConfigWithVueTs", "description": "Defines the ESLint configuration with specific Vue and TypeScript settings."}, {"name": "vueTsConfigs.recommended", "description": "Provides recommended Vue + TypeScript ESLint configurations."}], "calls": ["defineConfigWithVueTs"], "search-terms": ["eslint", "eslint-plugin-vue", "vue-ts-config", "eslint configuration", "Vue ESLint plugin", "TypeScript ESLint"], "state": 2, "file_id": 498, "knowledge_revision": 1521, "git_revision": "1aee8ed1eca8330cc765b711c43546e90b04ff39", "ctags": [], "hash": "e25c340ceed14d09bdaf1f13a69b34bc", "format-version": 4, "code-base-name": "universalinit", "filename": "src/universalinit/templates/vue/eslint.config.ts", "revision_history": [{"1521": "1aee8ed1eca8330cc765b711c43546e90b04ff39"}]}