{"is_source_file": false, "format": "", "description": "", "external_files": [], "external_methods": [], "published": [], "classes": [], "methods": [], "calls": [], "search-terms": [], "state": 2, "file_id": 386, "knowledge_revision": 1402, "git_revision": "1aee8ed1eca8330cc765b711c43546e90b04ff39", "hash": "b3fcd7c93e7e5e95e306349fc943efd6", "format-version": 4, "code-base-name": "universalinit", "filename": "src/universalinit/templates/lightningjs/docs/essentials_template_syntax.md", "revision_history": [{"1402": "1aee8ed1eca8330cc765b711c43546e90b04ff39"}]}