{"is_source_file": true, "format": "TypeScript/TSX", "description": "This file is an entry point for a Remix React application, handling client-side hydration by rendering the RemixBrowser component within React's StrictMode.", "external_files": ["@remix-run/react", "react", "react-dom/client"], "external_methods": ["hydrateRoot", "startTransition"], "published": ["RemixBrowser"], "classes": [], "methods": [{"name": "hydrateRoot", "description": "Hydrates the React application within the specified DOM node."}, {"name": "startTransition", "description": "Starts a React transition for rendering updates."}], "calls": ["startTransition", "hydrateRoot"], "search-terms": ["remix app entry", "hydrate", "RemixBrowser", "client hydration", "ReactStrictMode"], "state": 2, "file_id": 550, "knowledge_revision": 1579, "git_revision": "1aee8ed1eca8330cc765b711c43546e90b04ff39", "ctags": [], "hash": "5d53ef36a3075b464b930b7d096d41a0", "format-version": 4, "code-base-name": "universalinit", "filename": "src/universalinit/templates/remix/app/entry.client.tsx", "revision_history": [{"1579": "1aee8ed1eca8330cc765b711c43546e90b04ff39"}]}