{"is_source_file": false, "format": "", "description": "", "external_files": [], "external_methods": [], "published": [], "classes": [], "methods": [], "calls": [], "search-terms": [], "state": 2, "file_id": 110, "knowledge_revision": 503, "git_revision": "4330057fca31336bcc735d1a8030957ee6598c61", "hash": "f58bfe1e468374b7d24b7ec645265b6a", "format-version": 4, "code-base-name": "universalinit", "filename": "src/universalinit/templates/typescript/tsconfig.json", "revision_history": [{"503": "4330057fca31336bcc735d1a8030957ee6598c61"}]}