{"is_source_file": true, "format": "Python", "description": "This file configures URL routing for a Django project with API documentation views provided by drf_yasg. It defines URL patterns for admin, API endpoints, and API documentation interfaces like Swagger and Redoc. It also includes a dynamic schema view that generates the API schema URL based on request information.", "external_files": ["django.contrib.admin", "django.urls", "rest_framework.permissions", "drf_yasg.views.get_schema_view", "drf_yasg.openapi", "django.views.decorators.csrf.csrf_exempt"], "external_methods": ["path", "include", "re_path", "permissions.AllowAny", "get_schema_view", "csrf_exempt", "get_host"], "published": ["urlpatterns", "schema_view", "get_full_url", "dynamic_schema_view"], "classes": [], "methods": [{"name": "get_full_url(request)", "description": "Constructs the full request URL including the scheme, host, and forwarded port if present.", "scope": "", "scopeKind": ""}, {"name": "dynamic_schema_view(request, *args, **kwargs)", "description": "Dynamically generates and returns the API schema UI (Swagger) view, adjusting the URL based on the incoming request.", "scope": "", "scopeKind": ""}], "calls": ["get_schema_view", "permissions.AllowAny", "re_path", "get_full_url", "view.with_ui", "view.without_ui"], "search-terms": ["Django URL configuration", "drf_yasg", "API schema views", "swagger", "redoc", "dynamic URL generation"], "state": 2, "file_id": 444, "knowledge_revision": 1467, "git_revision": "1aee8ed1eca8330cc765b711c43546e90b04ff39", "ctags": [{"_type": "tag", "name": "dynamic_schema_view", "path": "/home/kavia/workspace/code-generation/universalinit/src/universalinit/templates/django/config/urls.py", "pattern": "/^def dynamic_schema_view(request, *args, **kwargs):$/", "language": "Python", "kind": "function", "signature": "(request, *args, **kwargs)"}, {"_type": "tag", "name": "get_full_url", "path": "/home/kavia/workspace/code-generation/universalinit/src/universalinit/templates/django/config/urls.py", "pattern": "/^def get_full_url(request):$/", "language": "Python", "kind": "function", "signature": "(request)"}, {"_type": "tag", "name": "schema_view", "path": "/home/kavia/workspace/code-generation/universalinit/src/universalinit/templates/django/config/urls.py", "pattern": "/^schema_view = get_schema_view($/", "language": "Python", "kind": "variable"}, {"_type": "tag", "name": "urlpatterns", "path": "/home/kavia/workspace/code-generation/universalinit/src/universalinit/templates/django/config/urls.py", "pattern": "/^urlpatterns = [$/", "language": "Python", "kind": "variable"}], "hash": "482cd4ea609c28e217819d5339030112", "format-version": 4, "code-base-name": "universalinit", "filename": "src/universalinit/templates/django/config/urls.py", "fields": [{"name": "schema_view = get_schema_view(", "scope": "", "scopeKind": "", "description": "unavailable"}, {"name": "urlpatterns = [", "scope": "", "scopeKind": "", "description": "unavailable"}], "revision_history": [{"1467": "1aee8ed1eca8330cc765b711c43546e90b04ff39"}]}