{"is_source_file": true, "format": "Python", "description": "This file defines a mapping between various project types and their corresponding string identifiers, likely used for configuration or template selection in a software project.", "external_files": ["from .templateconfig import ProjectType"], "external_methods": [], "published": ["TEMPLATE_MAP"], "classes": [], "methods": [], "calls": ["from .templateconfig import ProjectType"], "search-terms": ["TEMPLATE_MAP", "ProjectType", "template", "mapping", "project type"], "state": 2, "file_id": 676, "knowledge_revision": 1690, "git_revision": "1aee8ed1eca8330cc765b711c43546e90b04ff39", "ctags": [{"_type": "tag", "name": "TEMPLATE_MAP", "path": "/home/kavia/workspace/code-generation/universalinit/src/universalinit/templates.py", "pattern": "/^TEMPLATE_MAP = {$/", "language": "Python", "kind": "variable"}], "hash": "fb4a8316bb2de64afa0b8a76b6d5471b", "format-version": 4, "code-base-name": "universalinit", "filename": "src/universalinit/templates.py", "fields": [{"name": "TEMPLATE_MAP = {", "scope": "", "scopeKind": "", "description": "unavailable"}], "revision_history": [{"1690": "1aee8ed1eca8330cc765b711c43546e90b04ff39"}]}