{"is_source_file": true, "format": "JavaScript", "description": "This file defines a function to initialize the binding context of a page in a NativeScript application, setting it to a new instance of HomeViewModel.", "external_files": ["./home-view-model"], "external_methods": ["HomeViewModel"], "published": [], "classes": [], "methods": [{"name": "onNavigatingTo(args)", "description": "Handles the navigation event, initializing the page's binding context with an instance of HomeViewModel.", "scope": "", "scopeKind": ""}], "calls": ["new HomeViewModel"], "search-terms": ["NativeScript", "onNavigatingTo", "HomeViewModel", "page.bindingContext", "home-page.js"], "state": 2, "file_id": 564, "knowledge_revision": 1594, "git_revision": "1aee8ed1eca8330cc765b711c43546e90b04ff39", "ctags": [{"_type": "tag", "name": "onNavigatingTo", "path": "/home/kavia/workspace/code-generation/universalinit/src/universalinit/templates/nativescript/app/home/home-page.js", "pattern": "/^export function onNavigatingTo(args) {$/", "language": "JavaScript", "kind": "function", "signature": "(args)"}], "hash": "c73fa2a2554cc1c125b9f2ab5a64132c", "format-version": 4, "code-base-name": "universalinit", "filename": "src/universalinit/templates/nativescript/app/home/home-page.js", "revision_history": [{"1594": "1aee8ed1eca8330cc765b711c43546e90b04ff39"}]}