{"is_source_file": true, "format": "TypeScript", "description": "This file is a server-side bootstrap script for an Angular application, responsible for initializing the application with a specific configuration.", "external_files": ["@angular/platform-browser", "./app/app.component", "./app/app.config.server"], "external_methods": ["bootstrapApplication"], "published": [], "classes": [], "methods": [{"name": "bootstrap", "description": "A function that bootstraps the Angular application using AppComponent and a server configuration."}], "calls": ["bootstrapApplication"], "search-terms": ["angular", "main.server.ts", "bootstrapApplication", "AppComponent", "server bootstrap"], "state": 2, "file_id": 400, "knowledge_revision": 1421, "git_revision": "1aee8ed1eca8330cc765b711c43546e90b04ff39", "ctags": [{"_type": "tag", "name": "bootstrap", "path": "/home/kavia/workspace/code-generation/universalinit/src/universalinit/templates/angular/src/main.server.ts", "pattern": "/^const bootstrap = () => bootstrapApplication(AppComponent, config);$/", "language": "TypeScript", "kind": "constant"}], "hash": "2f67d3e7163632b8f077f15a810789b6", "format-version": 4, "code-base-name": "universalinit", "filename": "src/universalinit/templates/angular/src/main.server.ts", "revision_history": [{"1421": "1aee8ed1eca8330cc765b711c43546e90b04ff39"}]}