{"is_source_file": true, "format": "TypeScript (TSX)", "description": "A React component for the main page of a Next.js application, rendering static content with images, links, and styling.", "external_files": ["next/image"], "external_methods": ["Image"], "published": [], "classes": [], "methods": [{"name": "Home", "description": "Default exported React functional component that renders the homepage content."}], "calls": ["Image"], "search-terms": ["Next.js page component", "React functional component", "Next/image usage", "homepage layout", "static content rendering"], "state": 2, "file_id": 457, "knowledge_revision": 1479, "git_revision": "1aee8ed1eca8330cc765b711c43546e90b04ff39", "ctags": [], "hash": "1717a2c38b856d93284b673ec27c8cf8", "format-version": 4, "code-base-name": "universalinit", "filename": "src/universalinit/templates/nextjs/src/app/page.tsx", "revision_history": [{"1479": "1aee8ed1eca8330cc765b711c43546e90b04ff39"}]}