{"is_source_file": false, "format": "", "description": "", "external_files": [], "external_methods": [], "published": [], "classes": [], "methods": [], "calls": [], "search-terms": ["gauge", "CSS", "styles", "responsive", "component"], "state": 2, "file_id": 541, "knowledge_revision": 1555, "git_revision": "1aee8ed1eca8330cc765b711c43546e90b04ff39", "hash": "4dd0b55644e657588592b6547a7f29b8", "format-version": 4, "code-base-name": "universalinit", "filename": "src/universalinit/templates/qwik/src/components/starter/gauge/gauge.module.css", "revision_history": [{"1555": "1aee8ed1eca8330cc765b711c43546e90b04ff39"}]}