{"is_source_file": true, "format": "JavaScript", "description": "This file defines a HealthService class that provides a method to retrieve the current health status of the service, including status message, timestamp, and environment.", "external_files": ["process", "module"], "external_methods": ["new Date()", "process.env.NODE_ENV", "ISOString()"], "published": ["new HealthService()"], "classes": [{"name": "HealthService", "description": "A class that offers a method to check the health status of the service."}], "methods": [{"name": "getStatus()", "description": "Returns an object representing the current health status, including status message, timestamp, and environment.", "scope": "HealthService", "scopeKind": "class"}], "calls": ["new Date()", "process.env.NODE_ENV", "toISOString()"], "search-terms": ["HealthService", "getStatus", "health check", "service status", "node environment"], "state": 2, "file_id": 492, "knowledge_revision": 1515, "git_revision": "1aee8ed1eca8330cc765b711c43546e90b04ff39", "ctags": [{"_type": "tag", "name": "HealthService", "path": "/home/kavia/workspace/code-generation/universalinit/src/universalinit/templates/express/src/services/health.js", "pattern": "/^class HealthService {$/", "language": "JavaScript", "kind": "class"}, {"_type": "tag", "name": "exports", "path": "/home/kavia/workspace/code-generation/universalinit/src/universalinit/templates/express/src/services/health.js", "pattern": "/^module.exports = new HealthService();$/", "language": "JavaScript", "kind": "variable", "scope": "module", "scopeKind": "class"}, {"_type": "tag", "name": "getStatus", "path": "/home/kavia/workspace/code-generation/universalinit/src/universalinit/templates/express/src/services/health.js", "pattern": "/^    getStatus() {$/", "language": "JavaScript", "kind": "method", "signature": "()", "scope": "HealthService", "scopeKind": "class"}], "hash": "dcfa21416da8734d1481f1ce9d7ffe4c", "format-version": 4, "code-base-name": "universalinit", "filename": "src/universalinit/templates/express/src/services/health.js", "fields": [{"name": "module.exports = new HealthService();", "scope": "module", "scopeKind": "class", "description": "unavailable"}], "revision_history": [{"1515": "1aee8ed1eca8330cc765b711c43546e90b04ff39"}]}