{"is_source_file": true, "format": "TypeScript/TSX", "description": "This file defines a React functional component named 'Logo' using the Remotion library for video composition. It imports various utilities from 'remotion', other components ('Arc', 'Atom'), and schema validation ('z', 'zColor'). The component generates an animated logo with rotation and scaling effects, parameterized by colors.", "external_files": ["./Arc", "./Atom", "@remotion/zod-types"], "external_methods": ["useVideoConfig", "useCurrentFrame", "spring", "interpolate", "AbsoluteFill"], "published": ["Logo"], "classes": [], "methods": [{"name": "Logo", "description": "React functional component rendering animated logo with rotation and scaling based on video frame and config."}], "calls": ["spring", "interpolate", "useVideoConfig", "useCurrentFrame"], "search_terms": ["Logo", "remotion", "spring", "interpolate", "AbsoluteFill", "Arc", "Atom", "zColor"], "state": 2, "file_id": 371, "knowledge_revision": 1396, "git_revision": "1aee8ed1eca8330cc765b711c43546e90b04ff39", "ctags": [], "hash": "da067dd9634b1290d01907f36ef18835", "format-version": 4, "code-base-name": "universalinit", "filename": "src/universalinit/templates/remotion/src/HelloWorld/Logo.tsx", "search-terms": [], "revision_history": [{"1396": "1aee8ed1eca8330cc765b711c43546e90b04ff39"}]}