{"is_source_file": true, "format": "TypeScript/TSX", "description": "This file serves as the entry point for a React Native web application, setting up the root DOM element and rendering the main App component within React's StrictMode.", "external_files": ["react", "react-dom/client", "./App"], "external_methods": ["createRoot", "React.StrictMode"], "published": [], "classes": [], "methods": [{"name": "createRoot", "description": "Creates a React root for rendering the component tree."}], "calls": ["createRoot", "render"], "search-terms": ["reactnative", "index.web.tsx", "createRoot", "React.StrictMode", "render"], "state": 2, "file_id": 261, "knowledge_revision": 659, "git_revision": "fca16966001981e75dff4fc9dc0fd55172597ad8", "ctags": [], "hash": "84b0b95c8824eff77f4295acae0be1d9", "format-version": 4, "code-base-name": "universalinit", "filename": "src/universalinit/templates/reactnative/index.web.tsx", "revision_history": [{"659": "fca16966001981e75dff4fc9dc0fd55172597ad8"}]}