{"is_source_file": true, "format": "Python", "description": "This file is a Django models module where database models are defined for a Django project.", "external_files": ["django.db"], "external_methods": [], "published": [], "classes": [], "methods": [], "calls": [], "search-terms": ["django models", "api models", "universalinit", "models.py"], "state": 2, "file_id": 487, "knowledge_revision": 1510, "git_revision": "1aee8ed1eca8330cc765b711c43546e90b04ff39", "ctags": [], "hash": "8c4eb991c6dca757bdd77f539092e29b", "format-version": 4, "code-base-name": "universalinit", "filename": "src/universalinit/templates/django/api/models.py", "revision_history": [{"1510": "1aee8ed1eca8330cc765b711c43546e90b04ff39"}]}