{"is_source_file": true, "format": "TypeScript", "description": "Configuration file for Vite, a build tool for frontend projects, defining server options such as host, port, CORS, headers, and polling behavior.", "external_files": ["vite"], "external_methods": ["defineConfig"], "published": ["default"], "classes": [], "methods": [], "calls": ["defineConfig"], "search-terms": ["vite.config.ts", "defineConfig", "server", "allowedHosts", "cors", "headers", "watch", "strictPort"], "state": 2, "file_id": 407, "knowledge_revision": 1426, "git_revision": "1aee8ed1eca8330cc765b711c43546e90b04ff39", "ctags": [], "hash": "aa804215dee9fd8b018893fb255987eb", "format-version": 4, "code-base-name": "universalinit", "filename": "src/universalinit/templates/typescript/vite.config.ts", "revision_history": [{"1426": "1aee8ed1eca8330cc765b711c43546e90b04ff39"}]}