{"is_source_file": true, "format": "TypeScript", "description": "This file serves as the entry point for the Remotion project, setting up the root component for rendering a video.", "external_files": ["./Root"], "external_methods": ["registerRoot"], "published": ["registerRoot"], "classes": [], "methods": [{"name": "registerRoot", "description": "Function imported from Remotion to register the root component for rendering."}], "calls": ["registerRoot(RemotionRoot)"], "search-terms": ["remotion", "entry file", "registerRoot", "Root", "index.ts"], "state": 2, "file_id": 432, "knowledge_revision": 1447, "git_revision": "1aee8ed1eca8330cc765b711c43546e90b04ff39", "ctags": [], "hash": "6c2ce436880cb16c98160769ed0f6150", "format-version": 4, "code-base-name": "universalinit", "filename": "src/universalinit/templates/remotion/src/index.ts", "revision_history": [{"1447": "1aee8ed1eca8330cc765b711c43546e90b04ff39"}]}