{"is_source_file": true, "format": "TypeScript", "description": "This file configures the Angular application by setting up providers for routing, zone change detection, and client hydration.", "external_files": ["./app.routes", "@angular/core", "@angular/platform-browser", "@angular/router"], "external_methods": ["provideZoneChangeDetection", "provideRouter", "provideClientHydration", "withEventReplay"], "published": ["appConfig"], "classes": [], "methods": [{"name": "appConfig", "description": "Application configuration object setting up providers for Angular app initialization."}], "calls": ["provideZoneChangeDetection({ eventCoalescing: true })", "provideRouter(routes)", "provideClientHydration(withEventReplay())"], "search-terms": ["Angular app configuration", "provideZoneChangeDetection", "provideRouter", "provideClientHydration", "app.config.ts"], "state": 2, "file_id": 477, "knowledge_revision": 1500, "git_revision": "1aee8ed1eca8330cc765b711c43546e90b04ff39", "ctags": [{"_type": "tag", "name": "appConfig", "path": "/home/kavia/workspace/code-generation/universalinit/src/universalinit/templates/angular/src/app/app.config.ts", "pattern": "/^export const appConfig: ApplicationConfig = {$/", "language": "TypeScript", "kind": "constant"}], "hash": "ddcd5a984786347b39d244da3ac0d836", "format-version": 4, "code-base-name": "universalinit", "filename": "src/universalinit/templates/angular/src/app/app.config.ts", "revision_history": [{"1500": "1aee8ed1eca8330cc765b711c43546e90b04ff39"}]}