{"is_source_file": true, "format": "TypeScript", "description": "This file is a main entry point for a web application built with Vite and TypeScript. It imports CSS, images, and a setup function, then dynamically sets inner HTML of a DOM element and initializes a counter button.", "external_files": ["./style.css", "./typescript.svg", "/vite.svg", "./counter.ts"], "external_methods": ["setupCounter"], "published": [], "classes": [], "methods": [{"name": "setupCounter", "description": "Initializes a counter UI component on a specified button element."}], "calls": ["document.querySelector", "setupCounter"], "search-terms": ["main.ts", "Vite", "TypeScript", "counter", "setupCounter", "src/universalinit/templates/typescript/src"], "state": 2, "file_id": 417, "knowledge_revision": 1442, "git_revision": "1aee8ed1eca8330cc765b711c43546e90b04ff39", "ctags": [], "hash": "9ae7fb6d204e0434b836ab83915f60d0", "format-version": 4, "code-base-name": "universalinit", "filename": "src/universalinit/templates/typescript/src/main.ts", "revision_history": [{"1442": "1aee8ed1eca8330cc765b711c43546e90b04ff39"}]}