{"is_source_file": true, "format": "bash script / shell script", "description": "This file is a shell script that initializes a Kotlin Android project. It sets up directory structure, creates configuration files (Gradle build scripts, Android manifest, resource files, etc.), and downloads the necessary Gradle wrapper. The script automates project scaffolding based on input parameters such as project name, SDK versions, and Gradle version.", "external_files": ["gradle/wrapper/gradle-wrapper.jar", "gradle/wrapper/gradle-wrapper.properties", "settings.gradle.kts", "build.gradle.kts (top level)", "app/build.gradle.kts", "gradlew", "gradlew.bat", "app/src/main/AndroidManifest.xml", "app/src/main/java/<package_path>/MainActivity.kt", "app/src/main/res/layout/activity_main.xml", "app/src/main/res/values/strings.xml", "app/src/main/res/values/themes.xml", "app/src/main/res/values/colors.xml", "app/proguard-rules.pro"], "external_methods": ["echo", "mkdir", "base64", "sed", "tr", "cat", "chmod", "command -v", "curl", "wget", "test -s"], "published": [], "classes": [], "methods": [], "calls": ["echo", "mkdir -p", "base64 -d", "sed", "tr", "cat", "chmod +x", "command -v curl", "command -v wget", "curl", "wget", "test -s", "exit"], "search-terms": ["project scaffold", "Android project init", "bash script", "gradle wrapper setup", "AndroidManifest", "MainActivity", "resource files", "project directory", "Gradle configuration"], "state": 2, "file_id": 606, "knowledge_revision": 1632, "git_revision": "1aee8ed1eca8330cc765b711c43546e90b04ff39", "hash": "8a68f05b97405edde091c7cc776d6ef3", "format-version": 4, "code-base-name": "universalinit", "filename": "src/universalinit/templates/kotlin/init_script.sh", "revision_history": [{"1632": "1aee8ed1eca8330cc765b711c43546e90b04ff39"}]}