{"is_source_file": true, "format": "TypeScript", "description": "This file is a Vitest configuration file for a Vue project, used to set up testing environment and options.", "external_files": ["./vite.config"], "external_methods": ["mergeConfig", "defineConfig"], "published": ["default"], "classes": [], "methods": [], "calls": ["mergeConfig", "defineConfig", "fileURLToPath", "new URL"], "search-terms": ["vitest.config.ts", "mergeConfig", "defineConfig", "jsdom", "test environment", "viteConfig", "configDefaults", "exclude", "fileURLToPath"], "state": 2, "file_id": 596, "knowledge_revision": 1621, "git_revision": "1aee8ed1eca8330cc765b711c43546e90b04ff39", "ctags": [], "hash": "fbf1ae958316eb66f11ca04b23d38fff", "format-version": 4, "code-base-name": "universalinit", "filename": "src/universalinit/templates/vue/vitest.config.ts", "revision_history": [{"1621": "1aee8ed1eca8330cc765b711c43546e90b04ff39"}]}