{"is_source_file": true, "format": "TypeScript (TSX)", "description": "The RouterHead component in a Qwik framework project responsible for rendering document `<head>` content such as title, meta tags, links, styles, and scripts based on document head state and current location.", "external_files": ["@builder.io/qwik", "@builder.io/qwik-city"], "external_methods": ["useDocumentHead", "useLocation", "component$"], "published": ["RouterHead"], "classes": [], "methods": [{"name": "RouterHead", "description": "A Qwik component that manages and renders the `<head>` content of a document based on routing and document head data."}], "calls": ["useDocumentHead()", "useLocation()"], "search-terms": ["RouterHead", "Qwik", "useDocumentHead", "useLocation", "components", "head elements", "script", "meta", "link", "style"], "state": 2, "file_id": 395, "knowledge_revision": 1422, "git_revision": "1aee8ed1eca8330cc765b711c43546e90b04ff39", "ctags": [], "hash": "822ca7bb4d7b877473e28386699dbe73", "format-version": 4, "code-base-name": "universalinit", "filename": "src/universalinit/templates/qwik/src/components/router-head/router-head.tsx", "revision_history": [{"1422": "1aee8ed1eca8330cc765b711c43546e90b04ff39"}]}