{"is_source_file": false, "format": "", "description": "", "external_files": [], "external_methods": [], "published": [], "classes": [], "methods": [], "calls": [], "search-terms": [], "state": 2, "file_id": 573, "knowledge_revision": 1583, "git_revision": "1aee8ed1eca8330cc765b711c43546e90b04ff39", "hash": "7dea0cc2fb98e87d0df3173e0658e68f", "format-version": 4, "code-base-name": "universalinit", "filename": "src/universalinit/templates/svelte/tsconfig.json", "revision_history": [{"1583": "1aee8ed1eca8330cc765b711c43546e90b04ff39"}]}