{"is_source_file": true, "format": "JSON", "description": "This is a package.json file for a JavaScript project using modules, defining project metadata, scripts, dependencies, and devDependencies.", "external_files": ["eslint", "vite", "@lightningjs/blits"], "external_methods": [], "published": ["name", "version", "description", "main", "type", "scripts", "devDependencies", "dependencies", "lint-staged"], "classes": [], "methods": [], "calls": [], "search-terms": ["package.json", "lightningjs", "scripts", "dependencies", "devDependencies", "lint-staged", "npm"], "state": 2, "file_id": 388, "knowledge_revision": 1404, "git_revision": "1aee8ed1eca8330cc765b711c43546e90b04ff39", "hash": "f3763571c97a5a9168b17e220e24ca4a", "format-version": 4, "code-base-name": "universalinit", "filename": "src/universalinit/templates/lightningjs/package.json", "revision_history": [{"1404": "1aee8ed1eca8330cc765b711c43546e90b04ff39"}]}