{"is_source_file": true, "format": "bash", "description": "This file is a shell script that automates the startup and setup of a PostgreSQL database server, including checks for existing server instances, initialization, database and user creation, permission settings, and environment variable generation.", "external_files": ["pg_isready", "psql", "initdb", "postgres", "createdb"], "external_methods": ["ls", "cat", "pgrep", "sleep", "echo", "sudo", "tail"], "published": [], "classes": [], "methods": [{"name": "Main script execution", "description": "Automates the entire PostgreSQL setup process including checks, initialization, and permission configuration."}], "calls": ["ls /usr/lib/postgresql/", "sudo -u postgres pg_isready", "sudo -u postgres psql", "sudo -u postgres initdb", "sudo -u postgres postgres", "sudo -u postgres createdb", "sudo -u postgres psql (multiple times)", "cat db_connection.txt", "sleep", "pgrep -f \"postgres.*-p ${DB_PORT}\""], "search-terms": ["postgresql startup script", "database initialization bash", "PostgreSQL user setup", "database permissions script", "psql database creation", "PostgreSQL version detection"], "state": 2, "file_id": 612, "knowledge_revision": 1633, "git_revision": "1aee8ed1eca8330cc765b711c43546e90b04ff39", "hash": "3664b8e1a9d0acb09ef2cd72feece193", "format-version": 4, "code-base-name": "universalinit", "filename": "src/universalinit/templates/postgresql/startup.sh", "revision_history": [{"1633": "1aee8ed1eca8330cc765b711c43546e90b04ff39"}]}