{"is_source_file": true, "format": "TypeScript (TSX/React-like syntax)", "description": "This file defines a route layout component for a Qwik-based web application, including request handling, style application, and composition of header, footer, and slot components.", "external_files": ["../components/starter/header/header", "../components/starter/footer/footer", "./styles.css"], "external_methods": ["cacheControl", "routeLoader$", "component$", "useStyles$"], "published": [], "classes": [], "methods": [{"name": "onGet", "description": "Handles GET requests for caching control to optimize performance and reduce costs."}, {"name": "useServerTimeLoader", "description": "Provides server-side current date-time data for the component."}], "calls": ["cacheControl", "routeLoader$", "component$", "useStyles$", "Header", "Footer"], "search-terms": ["Qwik layout", "routeLoader$", "cacheControl configuration", "component$", "useServerTimeLoader", "styles.css"], "state": 2, "file_id": 598, "knowledge_revision": 1621, "git_revision": "1aee8ed1eca8330cc765b711c43546e90b04ff39", "ctags": [], "hash": "a2a9cade445a753cf96a48b1a0f2cd34", "format-version": 4, "code-base-name": "universalinit", "filename": "src/universalinit/templates/qwik/src/routes/layout.tsx", "revision_history": [{"1621": "1aee8ed1eca8330cc765b711c43546e90b04ff39"}]}