{"is_source_file": true, "format": "TypeScript (TSX)", "description": "This file defines a React-like functional component named 'gauge' that renders a circular gauge visualization with a gradient stroke, based on a 'value' prop with default 50 and constrained between 0 and 100.", "external_files": ["./gauge.module.css"], "external_methods": [], "published": ["default"], "classes": [], "methods": [{"name": "default", "description": "A component$ function that renders a gauge visualization with dynamic stroke length based on 'value' prop."}], "calls": ["component$", "styles.wrapper", "styles.gauge", "styles.value"], "search-terms": ["Qwik", "Gauge component", "SVG circle gauge", "Gradient stroke", "value prop"], "state": 2, "file_id": 398, "knowledge_revision": 1423, "git_revision": "1aee8ed1eca8330cc765b711c43546e90b04ff39", "ctags": [], "hash": "27f4579126cf32b622a56b0aff87aafc", "format-version": 4, "code-base-name": "universalinit", "filename": "src/universalinit/templates/qwik/src/components/starter/gauge/index.tsx", "revision_history": [{"1423": "1aee8ed1eca8330cc765b711c43546e90b04ff39"}]}