{"is_source_file": true, "format": "bash", "description": "A shell script that manages the startup and configuration of a PostgreSQL database, including initialization, process checks, database and user setup, permissions, and environment configuration.", "external_files": ["/usr/lib/postgresql/${PG_VERSION}/bin/initdb", "/usr/lib/postgresql/${PG_VERSION}/bin/pg_isready", "/usr/lib/postgresql/${PG_VERSION}/bin/psql", "/usr/lib/postgresql/${PG_VERSION}/bin/createdb", "/usr/lib/postgresql/${PG_VERSION}/bin/postgres"], "external_methods": ["ls", "head", "sudo", "pgrep", "sleep", "cat"], "published": ["db_connection.txt", "db_visualizer/postgres.env"], "classes": [], "methods": [], "calls": ["ls", "head", "sudo -u postgres pg_isready", "sudo -u postgres psql", "sudo -u postgres initdb", "sudo -u postgres postgres", "sudo -u postgres createdb", "sudo -u postgres psql", "cat"], "search-terms": ["PostgreSQL startup script", "initdb", "pg_isready", "create user", "set permissions", "postgresql environment setup", "database initialization"], "state": 2, "file_id": 475, "knowledge_revision": 1494, "git_revision": "1aee8ed1eca8330cc765b711c43546e90b04ff39", "hash": "3664b8e1a9d0acb09ef2cd72feece193", "format-version": 4, "code-base-name": "universalinit", "filename": "src/universalinit/templates/postgresql/startup.sh", "revision_history": [{"1494": "1aee8ed1eca8330cc765b711c43546e90b04ff39"}]}