{"is_source_file": false, "format": null, "description": null, "external_files": [], "external_methods": [], "published": [], "classes": [], "methods": [], "calls": [], "search-terms": ["index.css", "CSS stylesheet", "react", "styles", "font-family"], "state": 2, "file_id": 416, "knowledge_revision": 1429, "git_revision": "1aee8ed1eca8330cc765b711c43546e90b04ff39", "hash": "6c2104b8d219ed99234ae2d6329f4357", "format-version": 4, "code-base-name": "universalinit", "filename": "src/universalinit/templates/react/src/index.css", "revision_history": [{"1429": "1aee8ed1eca8330cc765b711c43546e90b04ff39"}]}