{"is_source_file": true, "format": "JavaScript", "description": "This file initializes and starts an Express server, sets up listening on specified host and port, and handles graceful shutdown on SIGTERM signal. It exports the server instance.", "external_files": ["./app"], "external_methods": ["app.listen", "process.on", "server.close", "console.log", "process.exit"], "published": ["server"], "classes": [], "methods": [{"name": "app.listen", "description": "Starts the Express application listening on specified port and host"}, {"name": "process.on", "description": "Registers an event handler for process signals such as SIGTERM"}, {"name": "server.close", "description": "Stops the server from accepting new connections and executes a callback when closed"}, {"name": "console.log", "description": "Logs messages to the console"}, {"name": "process.exit", "description": "Exits the process with specified code"}], "calls": ["app.listen", "process.on", "server.close", "console.log", "process.exit"], "search-terms": ["express", "server setup", "graceful shutdown", "SIGTERM", "app.listen", "module.exports"], "state": 2, "file_id": 625, "knowledge_revision": 1657, "git_revision": "1aee8ed1eca8330cc765b711c43546e90b04ff39", "ctags": [{"_type": "tag", "name": "HOST", "path": "/home/kavia/workspace/code-generation/universalinit/src/universalinit/templates/express/src/server.js", "pattern": "/^const HOST = process.env.HOST || '0.0.0.0';$/", "language": "JavaScript", "kind": "constant"}, {"_type": "tag", "name": "PORT", "path": "/home/kavia/workspace/code-generation/universalinit/src/universalinit/templates/express/src/server.js", "pattern": "/^const PORT = process.env.PORT || 3000;$/", "language": "JavaScript", "kind": "constant"}, {"_type": "tag", "name": "app", "path": "/home/kavia/workspace/code-generation/universalinit/src/universalinit/templates/express/src/server.js", "pattern": "/^const app = require('.\\/app');$/", "language": "JavaScript", "kind": "constant"}, {"_type": "tag", "name": "server", "path": "/home/kavia/workspace/code-generation/universalinit/src/universalinit/templates/express/src/server.js", "pattern": "/^const server = app.listen(PORT, HOST, () => {$/", "language": "JavaScript", "kind": "constant"}], "hash": "e5d7d8ed0764ea86a77b8fe15cd2b83e", "format-version": 4, "code-base-name": "universalinit", "filename": "src/universalinit/templates/express/src/server.js", "revision_history": [{"1657": "1aee8ed1eca8330cc765b711c43546e90b04ff39"}]}