{"is_source_file": true, "format": "JavaScript Module (ES module)", "description": "This file exports a PostCSS configuration object, primarily used for setting up TailwindCSS plugins in a Next.js project.", "external_files": ["@tailwindcss/postcss"], "external_methods": [], "published": ["default"], "classes": [], "methods": [], "calls": ["export default"], "search-terms": ["postcss", "tailwindcss", "nextjs", "config", "postcss.config.mjs"], "state": 2, "file_id": 416, "knowledge_revision": 1429, "git_revision": "1aee8ed1eca8330cc765b711c43546e90b04ff39", "hash": "675899342e765a4d16acd75a53389101", "format-version": 4, "code-base-name": "universalinit", "filename": "src/universalinit/templates/nextjs/postcss.config.mjs", "revision_history": [{"1429": "1aee8ed1eca8330cc765b711c43546e90b04ff39"}]}