{"is_source_file": true, "format": "HTML", "description": "This is an HTML source file for a web-based database visualizer UI, including CSS styles and JavaScript for dynamic interactions.", "external_files": [], "external_methods": [], "published": [], "classes": [], "methods": [], "calls": ["fetch", "refreshDatabases", "loadDatabases", "toggleDatabase", "loadTables", "loadTableData", "renderTable", "renderCell", "expandCell"], "search-terms": ["database-visualizer", "HTML UI", "client-side scripting", "AJAX data loading", "interactive table", "dynamic content", "responsive layout"], "state": 2, "file_id": 371, "knowledge_revision": 1381, "git_revision": "1aee8ed1eca8330cc765b711c43546e90b04ff39", "hash": "ee63333a4841bf025439c755a74c9881", "format-version": 4, "code-base-name": "universalinit", "filename": "src/universalinit/common/db_visualizer/public/index.html", "revision_history": [{"1381": "1aee8ed1eca8330cc765b711c43546e90b04ff39"}]}