{"is_source_file": true, "file_id": 368, "git_revision": "1aee8ed1eca8330cc765b711c43546e90b04ff39", "state": 1, "description": "", "external_files": [], "external_methods": [], "published": [], "classes": [], "methods": [], "calls": [], "search-terms": [], "ctags": [{"_type": "tag", "name": "create_project_config", "path": "/home/kavia/workspace/code-generation/universalinit/src/universalinit/cli.py", "pattern": "/^def create_project_config(args) -> ProjectConfig:$/", "language": "Python", "typeref": "typename:ProjectConfig", "kind": "function", "signature": "(args)"}, {"_type": "tag", "name": "main", "path": "/home/kavia/workspace/code-generation/universalinit/src/universalinit/cli.py", "pattern": "/^def main():$/", "language": "Python", "kind": "function", "signature": "()"}, {"_type": "tag", "name": "make_path_absolute", "path": "/home/kavia/workspace/code-generation/universalinit/src/universalinit/cli.py", "pattern": "/^def make_path_absolute(path: str, base_path: Path) -> str:$/", "language": "Python", "typeref": "typename:str", "kind": "function", "signature": "(path: str, base_path: Path)"}, {"_type": "tag", "name": "output_json", "path": "/home/kavia/workspace/code-generation/universalinit/src/universalinit/cli.py", "pattern": "/^def output_json(success: bool, message: str, template_info: TemplateInitInfo = None, project_pat/", "language": "Python", "kind": "function", "signature": "(success: bool, message: str, template_info: TemplateInitInfo = None, project_path: Path = None)"}, {"_type": "tag", "name": "parse_parameters", "path": "/home/kavia/workspace/code-generation/universalinit/src/universalinit/cli.py", "pattern": "/^def parse_parameters(params_str: str) -> Dict[str, Any]:$/", "language": "Python", "typeref": "typename:Dict[str,Any]", "kind": "function", "signature": "(params_str: str)"}, {"_type": "tag", "name": "template_init_info_to_dict", "path": "/home/kavia/workspace/code-generation/universalinit/src/universalinit/cli.py", "pattern": "/^def template_init_info_to_dict(init_info: TemplateInitInfo, project_path: Path) -> dict:$/", "language": "Python", "typeref": "typename:dict", "kind": "function", "signature": "(init_info: TemplateInitInfo, project_path: Path)"}], "format": "Python", "hash": "757b2e18b385e1a9f5ec0b4e7fc257e0", "format-version": 4, "code-base-name": "universalinit", "filename": "src/universalinit/cli.py", "knowledge_revision": 1045}