{"is_source_file": true, "format": "JavaScript", "description": "This file is a configuration script for Webpack in a NativeScript project, setting up and initializing Webpack with environment variables.", "external_files": ["@nativescript/webpack"], "external_methods": ["webpack.init", "webpack.resolveConfig"], "published": ["module.exports"], "classes": [], "methods": [{"name": "webpack.init", "description": "Initializes Webpack with the given environment settings."}, {"name": "webpack.resolveConfig", "description": "Resolves and returns the Webpack configuration based on current environment."}], "calls": ["webpack.init", "webpack.resolveConfig"], "search-terms": ["webpack.config.js", "NativeScript", "webpack", "require", "module.exports", "nativescript/webpack"], "state": 2, "file_id": 528, "knowledge_revision": 1554, "git_revision": "1aee8ed1eca8330cc765b711c43546e90b04ff39", "ctags": [{"_type": "tag", "name": "webpack", "path": "/home/kavia/workspace/code-generation/universalinit/src/universalinit/templates/nativescript/webpack.config.js", "pattern": "/^const webpack = require(\"@nativescript\\/webpack\");$/", "language": "JavaScript", "kind": "constant"}], "hash": "e0e53d44fe24f88b703146dfd498a1f8", "format-version": 4, "code-base-name": "universalinit", "filename": "src/universalinit/templates/nativescript/webpack.config.js", "revision_history": [{"1554": "1aee8ed1eca8330cc765b711c43546e90b04ff39"}]}