{"is_source_file": true, "format": "Python", "description": "This file defines a Django app configuration class for the 'api' application.", "external_files": ["django.apps"], "external_methods": [], "published": ["ApiConfig"], "classes": [{"name": "ApiConfig", "description": "A Django application configuration class for the 'api' app, specifying the default auto field and app name."}], "methods": [], "calls": [], "search-terms": ["ApiConfig", "django.app", "default_auto_field", "api"], "state": 2, "file_id": 84, "knowledge_revision": 485, "git_revision": "2028ea7a4a4843e6263708f2139ded60b9650606", "ctags": [{"_type": "tag", "name": "ApiConfig", "path": "/home/kavia/workspace/code-generation/universalinit/src/universalinit/templates/django/api/apps.py", "pattern": "/^class ApiConfig(AppConfig):$/", "language": "Python", "kind": "class"}, {"_type": "tag", "name": "default_auto_field", "path": "/home/kavia/workspace/code-generation/universalinit/src/universalinit/templates/django/api/apps.py", "pattern": "/^    default_auto_field = 'django.db.models.BigAutoField'$/", "language": "Python", "kind": "variable", "scope": "ApiConfig", "scopeKind": "class"}, {"_type": "tag", "name": "name", "path": "/home/kavia/workspace/code-generation/universalinit/src/universalinit/templates/django/api/apps.py", "pattern": "/^    name = 'api'$/", "language": "Python", "kind": "variable", "scope": "ApiConfig", "scopeKind": "class"}], "hash": "bab3d631f5f5469f51f393529afba367", "format-version": 4, "code-base-name": "universalinit", "filename": "src/universalinit/templates/django/api/apps.py", "fields": [{"name": "default_auto_field = 'django.db.models.BigAutoField'", "scope": "ApiConfig", "scopeKind": "class", "description": "unavailable"}, {"name": "name = 'api'", "scope": "ApiConfig", "scopeKind": "class", "description": "unavailable"}], "revision_history": [{"485": "2028ea7a4a4843e6263708f2139ded60b9650606"}]}