{"is_source_file": true, "format": "TypeScript", "description": "Main bootstrap file for an Angular application that initializes the app with AppComponent and configuration.", "external_files": ["@angular/platform-browser", "./app/app.config", "./app/app.component"], "external_methods": ["bootstrapApplication"], "published": ["bootstrapApplication"], "classes": [], "methods": [{"name": "bootstrapApplication", "description": "Function that bootstraps the Angular application with a root component and configuration."}], "calls": ["bootstrapApplication(AppComponent, appConfig)"], "search-terms": ["main.ts", "Angular bootstrap", "AppComponent", "appConfig", "bootstrapApplication"], "state": 2, "file_id": 532, "knowledge_revision": 1546, "git_revision": "1aee8ed1eca8330cc765b711c43546e90b04ff39", "ctags": [], "hash": "c986c915181c0d91d6ea1af9fc003131", "format-version": 4, "code-base-name": "universalinit", "filename": "src/universalinit/templates/angular/src/main.ts", "revision_history": [{"1546": "1aee8ed1eca8330cc765b711c43546e90b04ff39"}]}