{"is_source_file": true, "format": "TypeScript", "description": "This file is responsible for bootstrapping an Angular application on the server-side. It imports necessary Angular functions and application components, then initiates the application with specific server-side configuration.", "external_files": ["@angular/platform-browser", "./app/app.component", "./app/app.config.server"], "external_methods": ["bootstrapApplication"], "published": ["default"], "classes": [], "methods": [{"name": "bootstrap", "description": "Function that initializes the Angular application with server configuration."}], "calls": ["bootstrapApplication"], "search-terms": ["main.server.ts", "Angular SSR bootstrap", "bootstrapApplication", "AppComponent", "server-side Angular", "initialization"], "state": 2, "file_id": 499, "knowledge_revision": 1520, "git_revision": "1aee8ed1eca8330cc765b711c43546e90b04ff39", "ctags": [{"_type": "tag", "name": "bootstrap", "path": "/home/kavia/workspace/code-generation/universalinit/src/universalinit/templates/angular/src/main.server.ts", "pattern": "/^const bootstrap = () => bootstrapApplication(AppComponent, config);$/", "language": "TypeScript", "kind": "constant"}], "hash": "2f67d3e7163632b8f077f15a810789b6", "format-version": 4, "code-base-name": "universalinit", "filename": "src/universalinit/templates/angular/src/main.server.ts", "revision_history": [{"1520": "1aee8ed1eca8330cc765b711c43546e90b04ff39"}]}