{"is_source_file": true, "format": "TypeScript / JSX", "description": "This file is a source file defining the root component of a Qwik-based web application. It sets up the QwikCity provider, includes head elements, conditionally adds manifest and service worker registration in production, and renders the router outlet.", "external_files": ["@builder.io/qwik", "@builder.io/qwik", "@builder.io/qwik-city", "./components/router-head/router-head", "./global.css"], "external_methods": ["component$", "isDev"], "published": [], "classes": [], "methods": [{"name": "default export (component$)", "description": "The main root component for the Qwik site, setting up the document structure and routing."}], "calls": ["component$", "isDev", "QwikCityProvider", "RouterHead", "ServiceWorkerRegister", "RouterOutlet"], "search-terms": ["QwikCityProvider", "RouterOutlet", "ServiceWorkerRegister", "component$", "QwikCity", "root component", "router-head"], "state": 2, "file_id": 587, "knowledge_revision": 1618, "git_revision": "1aee8ed1eca8330cc765b711c43546e90b04ff39", "ctags": [], "hash": "9bbf0df29be90ef336ed559eb7c371c7", "format-version": 4, "code-base-name": "universalinit", "filename": "src/universalinit/templates/qwik/src/root.tsx", "revision_history": [{"1618": "1aee8ed1eca8330cc765b711c43546e90b04ff39"}]}