{"is_source_file": false, "format": "", "description": "", "external_files": [], "external_methods": [], "published": [], "classes": [], "methods": [], "calls": [], "search-terms": [], "state": 2, "file_id": 432, "knowledge_revision": 1441, "git_revision": "1aee8ed1eca8330cc765b711c43546e90b04ff39", "hash": "4f3ae4b2ea0a3062e3cd4b94b5ea886a", "format-version": 4, "code-base-name": "universalinit", "filename": "src/universalinit/templates/typescript/index.html", "revision_history": [{"1441": "1aee8ed1eca8330cc765b711c43546e90b04ff39"}]}