{"is_source_file": true, "format": "JavaScript (ES Module)", "description": "This file configures ESLint for a Next.js project, extending standard configurations with specific Next.js presets.", "external_files": ["@eslint/eslintrc", "path", "url"], "external_methods": ["FlatCompat.extends", "fileURLToPath", "dirname"], "published": ["eslintConfig"], "classes": [], "methods": [{"name": "extends", "description": "Method from FlatCompat to extend ESLint configuration presets."}], "calls": ["compat.extends"], "search-terms": ["eslint", "nextjs", "eslint.config.mjs", "FlatCompat", "TypeScript", "next/core-web-vitals"], "state": 2, "file_id": 484, "knowledge_revision": 1504, "git_revision": "1aee8ed1eca8330cc765b711c43546e90b04ff39", "hash": "b43f470c5df5e9ff4c2f5e0bd917a881", "format-version": 4, "code-base-name": "universalinit", "filename": "src/universalinit/templates/nextjs/eslint.config.mjs", "revision_history": [{"1504": "1aee8ed1eca8330cc765b711c43546e90b04ff39"}]}