{"is_source_file": false, "format": "CSS", "description": "Styling for the 'Getting Started' section of a web component, including layout, font sizes, colors, responsiveness, and link styles.", "external_files": [], "external_methods": [], "published": [], "classes": [], "methods": [], "calls": [], "search-terms": ["gettingstarted", "CSS", "flexbox", "responsive design", "media queries", "var(--qwik-dark-purple)"], "state": 2, "file_id": 376, "knowledge_revision": 1388, "git_revision": "1aee8ed1eca8330cc765b711c43546e90b04ff39", "hash": "9a83818848f824f5462f2d45d17cf83c", "format-version": 4, "code-base-name": "universalinit", "filename": "src/universalinit/templates/qwik/src/components/starter/next-steps/next-steps.module.css", "revision_history": [{"1388": "1aee8ed1eca8330cc765b711c43546e90b04ff39"}]}