{"is_source_file": true, "format": "JavaScript", "description": "This file imports LightningJS Blits and an application component, and launches the application with specified width, height, and debug level.", "external_files": ["@lightningjs/blits", "./App.js"], "external_methods": ["Blits.Launch"], "published": [], "classes": [], "methods": [], "calls": ["Blits.Launch"], "search-terms": ["lightningjs", "Blits.Launch", "App.js", "universalinit"], "state": 2, "file_id": 456, "knowledge_revision": 1472, "git_revision": "1aee8ed1eca8330cc765b711c43546e90b04ff39", "ctags": [], "hash": "699987a61e1fdce808bdbadf75592f5a", "format-version": 4, "code-base-name": "universalinit", "filename": "src/universalinit/templates/lightningjs/src/index.js", "revision_history": [{"1472": "1aee8ed1eca8330cc765b711c43546e90b04ff39"}]}