{"is_source_file": true, "format": "TypeScript", "description": "Main entry point for an Angular application that bootstraps the AppComponent with provided configuration.", "external_files": ["./app/app.config", "./app/app.component"], "external_methods": ["bootstrapApplication"], "published": [], "classes": [], "methods": [{"name": "bootstrapApplication", "description": "Function that initializes the Angular application with a root component and configuration."}], "calls": ["bootstrapApplication"], "search-terms": ["angular", "main.ts", "bootstrapApplication", "AppComponent", "appConfig"], "state": 2, "file_id": 391, "knowledge_revision": 1410, "git_revision": "1aee8ed1eca8330cc765b711c43546e90b04ff39", "ctags": [], "hash": "c986c915181c0d91d6ea1af9fc003131", "format-version": 4, "code-base-name": "universalinit", "filename": "src/universalinit/templates/angular/src/main.ts", "revision_history": [{"1410": "1aee8ed1eca8330cc765b711c43546e90b04ff39"}]}