{"is_source_file": false, "format": "", "description": "", "external_files": [], "external_methods": [], "published": [], "classes": [], "methods": [], "calls": [], "search-terms": ["props", "component", "Blits", "props array", "props configuration", "props definition", "props advanced usage", "props validation"], "state": 2, "file_id": 586, "knowledge_revision": 1600, "git_revision": "1aee8ed1eca8330cc765b711c43546e90b04ff39", "hash": "08b64a0c61ab929b9eb6626b0372f02e", "format-version": 4, "code-base-name": "universalinit", "filename": "src/universalinit/templates/lightningjs/docs/components_props.md", "revision_history": [{"1600": "1aee8ed1eca8330cc765b711c43546e90b04ff39"}]}