{"is_source_file": true, "format": "JavaScript Module (.mjs)", "description": "This file defines an ESLint configuration for a TypeScript project, combining recommended settings, ignore patterns, and specific rules and plugin configurations.", "external_files": ["@eslint/js", "@typescript-eslint/eslint-plugin", "@typescript-eslint/parser"], "external_methods": [], "published": [], "classes": [], "methods": [], "calls": ["js.configs.recommended", "tseslint", "tsParser"], "search-terms": ["eslint", "typescript-eslint", "eslint.config.mjs", "typescript", "linting configuration", "import statements", "ESLint configuration"], "state": 2, "file_id": 484, "knowledge_revision": 1499, "git_revision": "1aee8ed1eca8330cc765b711c43546e90b04ff39", "hash": "e07c5093c78842a4ba4667fc4b86ccee", "format-version": 4, "code-base-name": "universalinit", "filename": "src/universalinit/templates/typescript/eslint.config.mjs", "revision_history": [{"1499": "1aee8ed1eca8330cc765b711c43546e90b04ff39"}]}