{"is_source_file": true, "format": "TypeScript", "description": "This is a configuration file for ESLint in a Vue.js project using TypeScript. It imports various plugins and configurations, and defines ESLint settings using a custom configuration function.", "external_files": ["eslint-plugin-vue", "@vue/eslint-config-typescript", "@vitest/eslint-plugin", "@vue/eslint-config-prettier/skip-formatting"], "external_methods": ["defineConfigWithVueTs", "vueTsConfigs", "pluginVue.configs['flat/essential']", "pluginVitest.configs.recommended"], "published": [], "classes": [], "methods": [{"name": "defineConfigWithVueTs", "description": "A function used to define ESLint configuration with Vue and TypeScript support."}], "calls": ["defineConfigWithVueTs"], "search-terms": ["eslint", "vue", "typescript", "eslint-plugin-vue", "@vue/eslint-config-typescript", "vitest"], "state": 2, "file_id": 493, "knowledge_revision": 1521, "git_revision": "1aee8ed1eca8330cc765b711c43546e90b04ff39", "ctags": [], "hash": "e25c340ceed14d09bdaf1f13a69b34bc", "format-version": 4, "code-base-name": "universalinit", "filename": "src/universalinit/templates/vue/eslint.config.ts", "revision_history": [{"1521": "1aee8ed1eca8330cc765b711c43546e90b04ff39"}]}