{"is_source_file": false, "format": "", "description": "", "external_files": [], "external_methods": [], "published": [], "classes": [], "methods": [], "calls": [], "search-terms": [], "state": 2, "file_id": 384, "knowledge_revision": 1393, "git_revision": "1aee8ed1eca8330cc765b711c43546e90b04ff39", "hash": "b7fd98b6befd69a66b76be59ab6ea8ed", "format-version": 4, "code-base-name": "universalinit", "filename": "src/universalinit/templates/qwik/src/routes/styles.css", "revision_history": [{"1393": "1aee8ed1eca8330cc765b711c43546e90b04ff39"}]}