{"is_source_file": true, "format": "JavaScript", "description": "This file sets up Swagger API documentation for an Express.js project using swagger-jsdoc. It defines configuration options and exports a Swagger specification object.", "external_files": ["./src/routes/*.js"], "external_methods": ["swagger-jsdoc"], "published": ["swaggerSpec"], "classes": [], "methods": [{"name": "module.exports", "description": "Exports the Swagger specification object for use in other parts of the application."}], "calls": ["swagger-jsdoc"], "search-terms": ["swagger", "swagger-jsdoc", "Express API documentation", "openapi 3.0.0", "swaggerSpec"], "state": 2, "file_id": 435, "knowledge_revision": 1462, "git_revision": "1aee8ed1eca8330cc765b711c43546e90b04ff39", "ctags": [{"_type": "tag", "name": "apis", "path": "/home/kavia/workspace/code-generation/universalinit/src/universalinit/templates/express/swagger.js", "pattern": "/^  apis: ['.\\/src\\/routes\\/*.js'], \\/\\/ Path to the API docs$/", "language": "JavaScript", "kind": "property", "scope": "options", "scopeKind": "class"}, {"_type": "tag", "name": "definition", "path": "/home/kavia/workspace/code-generation/universalinit/src/universalinit/templates/express/swagger.js", "pattern": "/^  definition: {$/", "language": "JavaScript", "kind": "class", "scope": "options", "scopeKind": "class"}, {"_type": "tag", "name": "description", "path": "/home/kavia/workspace/code-generation/universalinit/src/universalinit/templates/express/swagger.js", "pattern": "/^      description: 'A simple Express API documented with Swagger',$/", "language": "JavaScript", "kind": "property", "scope": "options.definition.info", "scopeKind": "class"}, {"_type": "tag", "name": "info", "path": "/home/kavia/workspace/code-generation/universalinit/src/universalinit/templates/express/swagger.js", "pattern": "/^    info: {$/", "language": "JavaScript", "kind": "class", "scope": "options.definition", "scopeKind": "class"}, {"_type": "tag", "name": "openapi", "path": "/home/kavia/workspace/code-generation/universalinit/src/universalinit/templates/express/swagger.js", "pattern": "/^    openapi: '3.0.0',$/", "language": "JavaScript", "kind": "property", "scope": "options.definition", "scopeKind": "class"}, {"_type": "tag", "name": "options", "path": "/home/kavia/workspace/code-generation/universalinit/src/universalinit/templates/express/swagger.js", "pattern": "/^const options = {$/", "language": "JavaScript", "kind": "class"}, {"_type": "tag", "name": "swaggerJSDoc", "path": "/home/kavia/workspace/code-generation/universalinit/src/universalinit/templates/express/swagger.js", "pattern": "/^const swaggerJSDoc = require('swagger-jsdoc');$/", "language": "JavaScript", "kind": "constant"}, {"_type": "tag", "name": "swaggerSpec", "path": "/home/kavia/workspace/code-generation/universalinit/src/universalinit/templates/express/swagger.js", "pattern": "/^const swaggerSpec = swaggerJSDoc(options);$/", "language": "JavaScript", "kind": "constant"}, {"_type": "tag", "name": "title", "path": "/home/kavia/workspace/code-generation/universalinit/src/universalinit/templates/express/swagger.js", "pattern": "/^      title: 'My Express API',$/", "language": "JavaScript", "kind": "property", "scope": "options.definition.info", "scopeKind": "class"}, {"_type": "tag", "name": "version", "path": "/home/kavia/workspace/code-generation/universalinit/src/universalinit/templates/express/swagger.js", "pattern": "/^      version: '1.0.0',$/", "language": "JavaScript", "kind": "property", "scope": "options.definition.info", "scopeKind": "class"}], "hash": "5ce111636df545f8efe5c6c246a819cd", "format-version": 4, "code-base-name": "universalinit", "filename": "src/universalinit/templates/express/swagger.js", "fields": [{"name": "apis: ['.\\/src\\/routes\\/*.js'], \\/\\/ Path to the API docs", "scope": "options", "scopeKind": "class", "description": "unavailable"}, {"name": "description: 'A simple Express API documented with Swagger',", "scope": "options.definition.info", "scopeKind": "class", "description": "unavailable"}, {"name": "openapi: '3.0.0',", "scope": "options.definition", "scopeKind": "class", "description": "unavailable"}, {"name": "title: 'My Express API',", "scope": "options.definition.info", "scopeKind": "class", "description": "unavailable"}, {"name": "version: '1.0.0',", "scope": "options.definition.info", "scopeKind": "class", "description": "unavailable"}], "revision_history": [{"1462": "1aee8ed1eca8330cc765b711c43546e90b04ff39"}]}