{"is_source_file": false, "format": "", "description": "", "external_files": [], "external_methods": [], "published": [], "classes": [], "methods": [], "calls": [], "search-terms": ["router_transitions", "route", "transition", "Page transitions", "blits", "custom transitions", "route object", "Transition object", "before", "in", "out", "page transition"], "state": 2, "file_id": 216, "knowledge_revision": 612, "git_revision": "6c5bd0b03bfbd97fc549575a252482105eeffcb7", "hash": "ad660910aeee4eb9590f53a9b9247342", "format-version": 4, "code-base-name": "universalinit", "filename": "src/universalinit/templates/lightningjs/docs/router_transitions.md", "revision_history": [{"612": "6c5bd0b03bfbd97fc549575a252482105eeffcb7"}]}