{"is_source_file": true, "format": "JavaScript (ES module)", "description": "ESLint configuration file written in JavaScript that exports an array of configuration objects for linting TypeScript and JavaScript files, including parser, plugins, rules, and ignore patterns.", "external_files": ["@typescript-eslint/eslint-plugin", "@typescript-eslint/parser"], "external_methods": [], "published": ["[default export]"], "classes": [], "methods": [], "calls": ["require('@typescript-eslint/eslint-plugin')", "require('@typescript-eslint/parser')"], "search-terms": ["eslint", "typescript-eslint", "eslint.config.mjs", "typescript", "parser", "rules", "plugins"], "state": 2, "file_id": 494, "knowledge_revision": 1513, "git_revision": "1aee8ed1eca8330cc765b711c43546e90b04ff39", "hash": "02cd7331bca35b47f30dcc5eb38213b4", "format-version": 4, "code-base-name": "universalinit", "filename": "src/universalinit/templates/remotion/eslint.config.mjs", "revision_history": [{"1513": "1aee8ed1eca8330cc765b711c43546e90b04ff39"}]}