{"is_source_file": false, "format": "", "description": "", "external_files": [], "external_methods": [], "published": [], "classes": [], "methods": [], "calls": [], "search-terms": ["xml", "resources", "color", "ic_launcher_background"], "state": 2, "file_id": 393, "knowledge_revision": 1412, "git_revision": "1aee8ed1eca8330cc765b711c43546e90b04ff39", "hash": "5be7ddce2ded77e31bf239689008eb7b", "format-version": 4, "code-base-name": "universalinit", "filename": "src/universalinit/templates/nativescript/App_Resources/Android/src/main/res/values/ic_launcher_background.xml", "revision_history": [{"1412": "1aee8ed1eca8330cc765b711c43546e90b04ff39"}]}