{"is_source_file": true, "format": "TypeScript", "description": "Vite configuration file written in TypeScript, setting up development server options such as host, port, CORS, and watch polling.", "external_files": ["vite"], "external_methods": ["defineConfig"], "published": [], "classes": [], "methods": [], "calls": ["defineConfig"], "search-terms": ["vite", "vite.config.ts", "server", "host", "port", "cors", "headers", "watch"], "state": 2, "file_id": 624, "knowledge_revision": 1646, "git_revision": "1aee8ed1eca8330cc765b711c43546e90b04ff39", "ctags": [], "hash": "aa804215dee9fd8b018893fb255987eb", "format-version": 4, "code-base-name": "universalinit", "filename": "src/universalinit/templates/typescript/vite.config.ts", "revision_history": [{"1646": "1aee8ed1eca8330cc765b711c43546e90b04ff39"}]}