{"is_source_file": true, "format": "TypeScript", "description": "Vite configuration file for a Vue.js project, setting up plugins, server options, and path aliases.", "external_files": ["node:url", "@vitejs/plugin-vue", "@vitejs/plugin-vue-jsx", "vite-plugin-vue-devtools"], "external_methods": ["fileURLToPath", "URL", "defineConfig"], "published": ["default"], "classes": [], "methods": [{"name": "defineConfig", "description": "Defines and exports the Vite configuration object."}], "calls": ["defineConfig", "vue()", "vueJsx()", "vueDevTools()", "fileURLToPath", "new URL"], "search-terms": ["vite", "vue", "vite.config.ts", "vue-devtools", "alias", "server", "plugins"], "state": 2, "file_id": 554, "knowledge_revision": 1580, "git_revision": "1aee8ed1eca8330cc765b711c43546e90b04ff39", "ctags": [], "hash": "651273496df370ea0757c4c61a2c9ee4", "format-version": 4, "code-base-name": "universalinit", "filename": "src/universalinit/templates/vue/vite.config.ts", "revision_history": [{"1580": "1aee8ed1eca8330cc765b711c43546e90b04ff39"}]}