{"is_source_file": true, "format": "TypeScript", "description": "This file configures the Angular application by setting up providers including zone change detection, router, and client hydration.", "external_files": ["@angular/core", "@angular/router", "./app.routes", "@angular/platform-browser"], "external_methods": ["provideZoneChangeDetection", "provideRouter", "provideClientHydration", "withEventReplay"], "published": ["appConfig"], "classes": [], "methods": [{"name": "provideZoneChangeDetection", "description": "Configures Angular's zone change detection with event coalescing enabled."}, {"name": "provideRouter", "description": "Provides routing configuration for the Angular application using specified routes."}, {"name": "provideClientHydration", "description": "Enables client-side hydration with event replay functionality."}, {"name": "withEventReplay", "description": "Configures event replay options for hydration."}], "calls": ["provideZoneChangeDetection({ eventCoalescing: true })", "provideRouter(routes)", "provideClientHydration(withEventReplay())"], "search-terms": ["Angular app configuration", "ApplicationConfig", "provideRouter", "provideZoneChangeDetection", "client hydration", "app.config.ts"], "state": 2, "file_id": 575, "knowledge_revision": 1601, "git_revision": "1aee8ed1eca8330cc765b711c43546e90b04ff39", "ctags": [{"_type": "tag", "name": "appConfig", "path": "/home/kavia/workspace/code-generation/universalinit/src/universalinit/templates/angular/src/app/app.config.ts", "pattern": "/^export const appConfig: ApplicationConfig = {$/", "language": "TypeScript", "kind": "constant"}], "hash": "ddcd5a984786347b39d244da3ac0d836", "format-version": 4, "code-base-name": "universalinit", "filename": "src/universalinit/templates/angular/src/app/app.config.ts", "revision_history": [{"1601": "1aee8ed1eca8330cc765b711c43546e90b04ff39"}]}