{"is_source_file": true, "format": "TypeScript", "description": "Configuration script for the Remotion video rendering library, setting specific options via the imported Config API.", "external_files": ["@remotion/cli/config"], "external_methods": ["Config.setVideoImageFormat", "Config.setOverwriteOutput"], "published": [], "classes": [], "methods": [{"name": "setVideoImageFormat", "description": "Sets the image format for video frames, here configured to 'jpeg'."}, {"name": "setOverwriteOutput", "description": "Configures the system to overwrite existing output files."}], "calls": ["Config.setVideoImageFormat", "Config.setOverwriteOutput"], "search-terms": ["remotion.config", "remotion", "Config", "setVideoImageFormat", "setOverwriteOutput", "video image format", "configuration"], "state": 2, "file_id": 428, "knowledge_revision": 1448, "git_revision": "1aee8ed1eca8330cc765b711c43546e90b04ff39", "ctags": [], "hash": "59c56da67f1bfdb377d7df8bd4fadc25", "format-version": 4, "code-base-name": "universalinit", "filename": "src/universalinit/templates/remotion/remotion.config.ts", "revision_history": [{"1448": "1aee8ed1eca8330cc765b711c43546e90b04ff39"}]}