{"is_source_file": true, "format": "TypeScript (TSX)", "description": "This file defines a React functional component 'Arc' that renders an animated elliptical arc using SVG. It utilizes React hooks such as useState and integrates with the remotion library for video rendering. The component dynamically creates a gradient fill and manages SVG attributes to animate the arc based on progress and rotation parameters.", "external_files": ["react", "remotion"], "external_methods": ["useState", "useVideoConfig", "random"], "published": ["Arc"], "classes": [], "methods": [{"name": "getCircumferenceOfArc", "description": "Calculates the circumference of an elliptical arc based on x and y radii."}], "calls": ["useState", "random", "useVideoConfig"], "search-terms": ["Arc", "getCircumferenceOfArc", "SVG ellipse animation", "React functional component", "remotion", "animated SVG arc"], "state": 2, "file_id": 514, "knowledge_revision": 1538, "git_revision": "1aee8ed1eca8330cc765b711c43546e90b04ff39", "ctags": [], "hash": "81c9128f01c7b242ea106b7d86496df5", "format-version": 4, "code-base-name": "universalinit", "filename": "src/universalinit/templates/remotion/src/HelloWorld/Arc.tsx", "revision_history": [{"1538": "1aee8ed1eca8330cc765b711c43546e90b04ff39"}]}