{"is_source_file": true, "format": "TypeScript (TSX)", "description": "A React functional component named 'Arc' that renders an animated elliptical arc using SVG, with configurable colors, rotation, and progress. It uses react hooks such as useState and remotion hooks like useVideoConfig.", "external_files": ["react", "remotion"], "external_methods": ["useState", "useVideoConfig", "random"], "published": ["Arc"], "classes": [], "methods": [{"name": "getCircumferenceOfArc", "description": "Calculates the circumference of an elliptical arc based on radii rx and ry"}], "calls": ["React.useState", "remotion.useVideoConfig", "Math.PI", "Math.sqrt", "random()"], "search-terms": ["Arc", "Ellipse SVG React", "useVideoConfig remotion", "arc rendering", "SVG gradient"], "state": 2, "file_id": 66, "knowledge_revision": 464, "git_revision": "94781c9538a488e1e0d0eedb4c9b28700e40616c", "ctags": [], "hash": "81c9128f01c7b242ea106b7d86496df5", "format-version": 4, "code-base-name": "universalinit", "filename": "src/universalinit/templates/remotion/src/HelloWorld/Arc.tsx", "revision_history": [{"464": "94781c9538a488e1e0d0eedb4c9b28700e40616c"}]}