{"is_source_file": true, "format": "TypeScript", "description": "This file sets up testing environment configurations for Svelte using Vitest, including imports for testing utilities, mock setup for window.matchMedia, and potential placeholders for additional mocks.", "external_files": ["@testing-library/jest-dom/vitest", "vitest"], "external_methods": ["vi.fn()", "Object.defineProperty"], "published": ["matchMedia"], "classes": [], "methods": [{"name": "Object.defineProperty", "description": "Defines the property 'matchMedia' on the window object with a mocked implementation."}], "calls": ["import '@testing-library/jest-dom/vitest'", "import { vi } from 'vitest'", "Object.defineProperty(window, 'matchMedia', {...})"], "search-terms": ["vitest setup", "matchMedia mock", "svelte testing", "vitest jest-dom", "unit test setup"], "state": 2, "file_id": 343, "knowledge_revision": 1361, "git_revision": "1aee8ed1eca8330cc765b711c43546e90b04ff39", "ctags": [], "hash": "b7bf9deeb7ba165ebe85a32fe6ac036e", "format-version": 4, "code-base-name": "universalinit", "filename": "src/universalinit/templates/svelte/vitest-setup-client.ts", "revision_history": [{"1361": "1aee8ed1eca8330cc765b711c43546e90b04ff39"}]}