{"is_source_file": false, "format": "", "description": "", "external_files": [], "external_methods": [], "published": [], "classes": [], "methods": [], "calls": [], "search-terms": [], "state": 2, "file_id": 422, "knowledge_revision": 1436, "git_revision": "1aee8ed1eca8330cc765b711c43546e90b04ff39", "hash": "5f490868fb9b83df3a226ef49fa0889a", "format-version": 4, "code-base-name": "universalinit", "filename": "src/universalinit/templates/lightningjs/index.html", "revision_history": [{"1436": "1aee8ed1eca8330cc765b711c43546e90b04ff39"}]}