{"is_source_file": true, "format": "JavaScript", "description": "Setup configuration for tests using testing-library's jest-dom matchers in a React project.", "external_files": ["@testing-library/jest-dom"], "external_methods": [], "published": [], "classes": [], "methods": [], "calls": ["require('@testing-library/jest-dom')"], "search-terms": ["setupTests.js", "jest-dom", "testing-library", "React", "test setup"], "state": 2, "file_id": 360, "knowledge_revision": 762, "git_revision": "ca4234c1ba905df46cb271e20dea9ad53ab41797", "ctags": [], "hash": "1a77571e1a8cf36018a41bcedf60db75", "format-version": 4, "code-base-name": "universalinit", "filename": "src/universalinit/templates/react/src/setupTests.js", "revision_history": [{"762": "ca4234c1ba905df46cb271e20dea9ad53ab41797"}]}