{"is_source_file": true, "format": "TypeScript / TSX", "description": "This file is a server entry point for a Remix application, handling incoming requests, determining if the request is from a bot or a browser, and streaming server-side rendered React components accordingly.", "external_files": ["@remix-run/node", "@remix-run/react", "isbot", "react-dom/server"], "external_methods": ["createReadableStreamFromReadable", "renderToPipeableStream"], "published": ["handleRequest"], "classes": [], "methods": [{"name": "handleRequest", "description": "Main request handler that sets CORS headers, handles OPTIONS requests, and delegates to bot or browser-specific rendering functions."}, {"name": "handleBotRequest", "description": "Handles server-side rendering for bot requests, streaming the response as HTML once ready."}, {"name": "handleBrowserRequest", "description": "Handles server-side rendering for browser requests, streaming the response as HTML once ready."}], "calls": ["renderToPipeableStream", "createReadableStreamFromReadable"], "search-terms": ["entry.server.tsx", "handleRequest", "RemixServer", "renderToPipeableStream", "isbot", "streaming SSR"], "state": 2, "file_id": 499, "knowledge_revision": 1522, "git_revision": "1aee8ed1eca8330cc765b711c43546e90b04ff39", "ctags": [], "hash": "ea3fdec8a39ab86ca67d22f9ecc48c65", "format-version": 4, "code-base-name": "universalinit", "filename": "src/universalinit/templates/remix/app/entry.server.tsx", "revision_history": [{"1522": "1aee8ed1eca8330cc765b711c43546e90b04ff39"}]}