{"is_source_file": false, "format": "", "description": "", "external_files": [], "external_methods": [], "published": [], "classes": [], "methods": [], "calls": [], "search-terms": [], "state": 2, "file_id": 469, "knowledge_revision": 1482, "git_revision": "1aee8ed1eca8330cc765b711c43546e90b04ff39", "hash": "a244a2a037aa8f17e59349b5c9a0f10a", "format-version": 4, "code-base-name": "universalinit", "filename": "src/universalinit/templates/nativescript/app/app-root.xml", "revision_history": [{"1482": "1aee8ed1eca8330cc765b711c43546e90b04ff39"}]}