{"is_source_file": true, "format": "JavaScript", "description": "This file defines a controller class for health check endpoint, facilitating a health status check in a Node.js application using Express. It imports a health service and exposes a method to respond with current health status.", "external_files": ["../services/health"], "external_methods": ["healthService.getStatus"], "published": ["HealthController"], "classes": [{"name": "HealthController", "description": "A controller class with a method to handle health check requests."}], "methods": [{"name": "check(req, res)", "description": "Handles HTTP request to check the application's health status, returning the status as a JSON response.", "scope": "HealthController", "scopeKind": "class"}], "calls": ["healthService.getStatus"], "search-terms": ["health", "controller", "express", "healthService", "health check"], "state": 2, "file_id": 627, "knowledge_revision": 1645, "git_revision": "1aee8ed1eca8330cc765b711c43546e90b04ff39", "ctags": [{"_type": "tag", "name": "HealthController", "path": "/home/kavia/workspace/code-generation/universalinit/src/universalinit/templates/express/src/controllers/health.js", "pattern": "/^class HealthController {$/", "language": "JavaScript", "kind": "class"}, {"_type": "tag", "name": "check", "path": "/home/kavia/workspace/code-generation/universalinit/src/universalinit/templates/express/src/controllers/health.js", "pattern": "/^  check(req, res) {$/", "language": "JavaScript", "kind": "method", "signature": "(req, res)", "scope": "HealthController", "scopeKind": "class"}, {"_type": "tag", "name": "exports", "path": "/home/kavia/workspace/code-generation/universalinit/src/universalinit/templates/express/src/controllers/health.js", "pattern": "/^module.exports = new HealthController();$/", "language": "JavaScript", "kind": "variable", "scope": "module", "scopeKind": "class"}, {"_type": "tag", "name": "healthService", "path": "/home/kavia/workspace/code-generation/universalinit/src/universalinit/templates/express/src/controllers/health.js", "pattern": "/^const healthService = require('..\\/services\\/health');$/", "language": "JavaScript", "kind": "constant"}], "hash": "05c26663041fbc83dd60748f0bc705da", "format-version": 4, "code-base-name": "universalinit", "filename": "src/universalinit/templates/express/src/controllers/health.js", "fields": [{"name": "module.exports = new HealthController();", "scope": "module", "scopeKind": "class", "description": "unavailable"}], "revision_history": [{"1645": "1aee8ed1eca8330cc765b711c43546e90b04ff39"}]}