{"is_source_file": false, "format": null, "description": "", "external_files": [], "external_methods": [], "published": [], "classes": [], "methods": [], "calls": [], "search-terms": ["Text-to-Speech", "Announcer", "blits", "speak()", "router", "configure", "route", "component", "hooks", "queue", "enable", "disable"], "state": 2, "file_id": 377, "knowledge_revision": 1395, "git_revision": "1aee8ed1eca8330cc765b711c43546e90b04ff39", "hash": "bd1be0e1e461f26e275ce5dd64fc4e37", "format-version": 4, "code-base-name": "universalinit", "filename": "src/universalinit/templates/lightningjs/docs/plugins_text-to-speech-announcer.md", "revision_history": [{"1395": "1aee8ed1eca8330cc765b711c43546e90b04ff39"}]}