{"is_source_file": true, "format": "JavaScript module (ESM)", "description": "ESLint configuration file written in JavaScript, exporting an array of configuration objects that specify linting rules and options for TypeScript and JavaScript files.", "external_files": ["@typescript-eslint/eslint-plugin", "@typescript-eslint/parser"], "external_methods": [], "published": [], "classes": [], "methods": [{"name": "default", "description": "Exports an array of ESLint configuration objects defining rules for TypeScript and JavaScript files."}], "calls": ["import typescript from '@typescript-eslint/eslint-plugin'", "import tsParser from '@typescript-eslint/parser'"], "search-terms": ["eslint", "typescript-eslint", "eslint.config.mjs", "eslint configuration", "linting rules", "ESM module"], "state": 2, "file_id": 352, "knowledge_revision": 1368, "git_revision": "1aee8ed1eca8330cc765b711c43546e90b04ff39", "hash": "02cd7331bca35b47f30dcc5eb38213b4", "format-version": 4, "code-base-name": "universalinit", "filename": "src/universalinit/templates/remotion/eslint.config.mjs", "revision_history": [{"1368": "1aee8ed1eca8330cc765b711c43546e90b04ff39"}]}