{"is_source_file": false, "format": "", "description": "", "external_files": [], "external_methods": [], "published": [], "classes": [], "methods": [], "calls": [], "search-terms": [], "state": 2, "file_id": 464, "knowledge_revision": 1475, "git_revision": "1aee8ed1eca8330cc765b711c43546e90b04ff39", "hash": "4ea4d7f89b8aabc003aceaa4a29fcd2a", "format-version": 4, "code-base-name": "universalinit", "filename": "src/universalinit/templates/qwik/tsconfig.json", "revision_history": [{"1475": "1aee8ed1eca8330cc765b711c43546e90b04ff39"}]}