{"is_source_file": true, "format": "JavaScript module (ESM)", "description": "ESLint configuration file written in JavaScript using ES module syntax, setting up ESLint configurations, ignore patterns, and TypeScript plugin integrations for an Angular project.", "external_files": ["@eslint/js", "@typescript-eslint/eslint-plugin", "@typescript-eslint/parser"], "external_methods": [], "published": [], "classes": [], "methods": [], "calls": ["js.configs.recommended", "tseslint", "tsParser"], "search-terms": ["eslint", "typescript-eslint", "angular", "eslint.config.mjs", "typescript", "project ignore patterns"], "state": 2, "file_id": 522, "knowledge_revision": 1539, "git_revision": "1aee8ed1eca8330cc765b711c43546e90b04ff39", "hash": "6045fbadb189e01a808ff3519512d8d7", "format-version": 4, "code-base-name": "universalinit", "filename": "src/universalinit/templates/angular/eslint.config.mjs", "revision_history": [{"1539": "1aee8ed1eca8330cc765b711c43546e90b04ff39"}]}