{"is_source_file": true, "format": "Markdown with embedded JavaScript code", "description": "This file contains documentation and example code for methods within a Blits component, illustrating how to organize business logic and references in a LightningJS component.", "external_files": ["API.js"], "external_methods": ["API.get"], "published": [], "classes": [{"name": "Carousel", "description": "A Blits.Component representing a carousel with state, hooks, input handlers, and methods to fetch data."}], "methods": [{"name": "fetchData", "description": "Asynchronous method that fetches data from an external API and updates the component's items state."}], "calls": ["this.fetchData", "API.get"], "search-terms": ["Blits.Component", "methods", "fetchData", "LightningJS", "Lightning", "component configuration", "reactive attributes", "computed property", "watcher", "lifecycle hook", "input handling", "API"], "state": 2, "file_id": 370, "knowledge_revision": 1386, "git_revision": "1aee8ed1eca8330cc765b711c43546e90b04ff39", "hash": "d8c36107918230c2e3e15beb9486f0ac", "format-version": 4, "code-base-name": "universalinit", "filename": "src/universalinit/templates/lightningjs/docs/components_methods.md", "revision_history": [{"1386": "1aee8ed1eca8330cc765b711c43546e90b04ff39"}]}