{"is_source_file": true, "file_id": 130, "git_revision": "30855f8b919fb13ee78b71b2b324c162ab5ea6e5", "state": 3, "description": "", "external_files": [], "external_methods": [], "published": [], "classes": [], "methods": [], "calls": [], "search-terms": [], "ctags": [{"_type": "tag", "name": "NEXT_PUBLIC_SOLANA_RPC_URL", "path": "/home/kavia/workspace/code-generation/universalinit/src/universalinit/templates/solananextjs/src/types/global.d.ts", "pattern": "/^    NEXT_PUBLIC_SOLANA_RPC_URL: string;$/", "language": "TypeScript", "kind": "property", "scope": "NodeJS.ProcessEnv", "scopeKind": "interface"}, {"_type": "tag", "name": "NEXT_PUBLIC_SOLANA_WS_URL", "path": "/home/kavia/workspace/code-generation/universalinit/src/universalinit/templates/solananextjs/src/types/global.d.ts", "pattern": "/^    NEXT_PUBLIC_SOLANA_WS_URL: string;$/", "language": "TypeScript", "kind": "property", "scope": "NodeJS.ProcessEnv", "scopeKind": "interface"}, {"_type": "tag", "name": "NodeJS", "path": "/home/kavia/workspace/code-generation/universalinit/src/universalinit/templates/solananextjs/src/types/global.d.ts", "pattern": "/^declare namespace NodeJS {$/", "language": "TypeScript", "kind": "namespace"}, {"_type": "tag", "name": "ProcessEnv", "path": "/home/kavia/workspace/code-generation/universalinit/src/universalinit/templates/solananextjs/src/types/global.d.ts", "pattern": "/^  interface ProcessEnv {$/", "language": "TypeScript", "kind": "interface", "scope": "NodeJS", "scopeKind": "namespace"}, {"_type": "tag", "name": "Window", "path": "/home/kavia/workspace/code-generation/universalinit/src/universalinit/templates/solananextjs/src/types/global.d.ts", "pattern": "/^interface Window {$/", "language": "TypeScript", "kind": "interface"}, {"_type": "tag", "name": "solana", "path": "/home/kavia/workspace/code-generation/universalinit/src/universalinit/templates/solananextjs/src/types/global.d.ts", "pattern": "/^  solana?: {$/", "language": "TypeScript", "kind": "property", "scope": "Window", "scopeKind": "interface"}], "format": "TypeScript", "hash": "4597127c5bed1596539ed0472d2019d9", "format-version": 4, "code-base-name": "universalinit", "filename": "src/universalinit/templates/solananextjs/src/types/global.d.ts", "knowledge_revision": 140}