{"is_source_file": true, "format": "JavaScript Module (ESM)", "description": "This file defines a PostCSS configuration object for a Next.js project, specifically registering the Tailwind CSS plugin.", "external_files": ["@tailwindcss/postcss"], "external_methods": [], "published": ["config"], "classes": [], "methods": [], "calls": ["export default config"], "search-terms": ["postcss", "nextjs", "tailwindcss", "postcss.config.mjs", "universalinit"], "state": 2, "file_id": 517, "knowledge_revision": 1532, "git_revision": "1aee8ed1eca8330cc765b711c43546e90b04ff39", "hash": "675899342e765a4d16acd75a53389101", "format-version": 4, "code-base-name": "universalinit", "filename": "src/universalinit/templates/nextjs/postcss.config.mjs", "revision_history": [{"1532": "1aee8ed1eca8330cc765b711c43546e90b04ff39"}]}