{"is_source_file": false, "format": null, "description": "", "external_files": [], "external_methods": [], "published": [], "classes": [], "methods": [], "calls": [], "search-terms": ["template syntax", "Blits", "XML-style template", "Component configuration", "template literals", "Element tag", "attributes", "hardcoded arguments", "dynamic arguments", "reactive arguments", "template organization", "custom components", "import", "register", "components key"], "state": 2, "file_id": 465, "knowledge_revision": 1481, "git_revision": "1aee8ed1eca8330cc765b711c43546e90b04ff39", "hash": "b3fcd7c93e7e5e95e306349fc943efd6", "format-version": 4, "code-base-name": "universalinit", "filename": "src/universalinit/templates/lightningjs/docs/essentials_template_syntax.md", "revision_history": [{"1481": "1aee8ed1eca8330cc765b711c43546e90b04ff39"}]}