{"is_source_file": true, "format": "CSS", "description": "CSS stylesheet defining theme variables, layout styles, and animations for a React application's UI components.", "external_files": [], "external_methods": [], "published": [], "classes": [], "methods": [], "calls": [], "search-terms": ["CSS variables", "theme management", "responsive design", "React UI styles", "dark/light theme toggle", "CSS animations", "media queries", ":root CSS selector"], "state": 2, "file_id": 516, "knowledge_revision": 1530, "git_revision": "1aee8ed1eca8330cc765b711c43546e90b04ff39", "hash": "22f9e17cc1848b56dbb244518ac2707e", "format-version": 4, "code-base-name": "universalinit", "filename": "src/universalinit/templates/react/src/App.css", "revision_history": [{"1530": "1aee8ed1eca8330cc765b711c43546e90b04ff39"}]}