{"is_source_file": true, "format": "JavaScript Module (ESM)", "description": "This file defines a PostCSS configuration for a Next.js project using Tailwind CSS plugins.", "external_files": ["@tailwindcss/postcss"], "external_methods": [], "published": ["config"], "classes": [], "methods": [], "calls": ["export default config"], "search-terms": ["postcss", "tailwindcss", "Next.js", "postcss.config.mjs"], "state": 2, "file_id": 400, "knowledge_revision": 1414, "git_revision": "1aee8ed1eca8330cc765b711c43546e90b04ff39", "hash": "675899342e765a4d16acd75a53389101", "format-version": 4, "code-base-name": "universalinit", "filename": "src/universalinit/templates/nextjs/postcss.config.mjs", "revision_history": [{"1414": "1aee8ed1eca8330cc765b711c43546e90b04ff39"}]}