{"is_source_file": true, "format": "JavaScript", "description": "This file exports a configuration object for PostCSS, specifying plugins such as Tailwind CSS and Autoprefixer.", "external_files": [], "external_methods": [], "published": ["default"], "classes": [], "methods": [], "calls": [], "search-terms": ["postcss", "tailwindcss", "autoprefixer"], "state": 2, "file_id": 371, "knowledge_revision": 1389, "git_revision": "1aee8ed1eca8330cc765b711c43546e90b04ff39", "ctags": [], "hash": "c735540bb63936a123bc867d950c9f69", "format-version": 4, "code-base-name": "universalinit", "filename": "src/universalinit/templates/remix/postcss.config.js", "revision_history": [{"1389": "1aee8ed1eca8330cc765b711c43546e90b04ff39"}]}