{"is_source_file": true, "format": "TypeScript", "description": "This file defines the Angular application configuration, including providers for zone change detection, routing, and client hydration.", "external_files": ["@angular/core", "@angular/router", "./app.routes", "@angular/platform-browser"], "external_methods": ["provideZoneChangeDetection", "provideRouter", "provideClientHydration", "withEventReplay"], "published": ["appConfig"], "classes": [], "methods": [{"name": "appConfig", "description": "An Angular ApplicationConfig object that sets up providers for zone change detection, routing, and hydration."}], "calls": ["provideZoneChangeDetection", "provideRouter", "provideClientHydration", "withEventReplay"], "search-terms": ["Angular", "ApplicationConfig", "provideZoneChangeDetection", "provideRouter", "appConfig", "hydration", "routing configuration"], "state": 2, "file_id": 169, "knowledge_revision": 568, "git_revision": "7a786e794c869a907959867b8b6688a6b0aff98e", "ctags": [{"_type": "tag", "name": "appConfig", "path": "/home/kavia/workspace/code-generation/universalinit/src/universalinit/templates/angular/src/app/app.config.ts", "pattern": "/^export const appConfig: ApplicationConfig = {$/", "language": "TypeScript", "kind": "constant"}], "hash": "ddcd5a984786347b39d244da3ac0d836", "format-version": 4, "code-base-name": "universalinit", "filename": "src/universalinit/templates/angular/src/app/app.config.ts", "revision_history": [{"568": "7a786e794c869a907959867b8b6688a6b0aff98e"}]}