{"is_source_file": true, "format": "TypeScript (Angular test spec)", "description": "This is a test specification file for the Angular component AppComponent. It contains unit tests to verify the component creation, the title property, and rendering correctness.", "external_files": ["./app.component"], "external_methods": ["TestBed.configureTestingModule", "TestBed.createComponent", "fixture.detectChanges", "fixture.nativeElement.querySelector", "expect"], "published": [], "classes": [], "methods": [{"name": "beforeEach", "description": "Sets up the testing module with AppComponent imported before each test."}, {"name": "it (should create the app)", "description": "Tests whether the AppComponent can be instantiated successfully."}, {"name": "it (should have the 'angular' title)", "description": "Verifies that the AppComponent's 'title' property equals 'angular'."}, {"name": "it (should render title)", "description": "Checks if the component renders the expected title text within an h1 element."}], "calls": ["TestBed.configureTestingModule", "TestBed.createComponent", "fixture.detectChanges", "fixture.nativeElement.querySelector", "expect"], "search-terms": ["Angular", "app.component.spec.ts", "unit test", "Angular TestBed", "component testing", "spec file"], "state": 2, "file_id": 653, "knowledge_revision": 1688, "git_revision": "1aee8ed1eca8330cc765b711c43546e90b04ff39", "ctags": [{"_type": "tag", "name": "app", "path": "/home/kavia/workspace/code-generation/universalinit/src/universalinit/templates/angular/src/app/app.component.spec.ts", "pattern": "/^    const app = fixture.componentInstance;$/", "language": "TypeScript", "kind": "constant"}, {"_type": "tag", "name": "compiled", "path": "/home/kavia/workspace/code-generation/universalinit/src/universalinit/templates/angular/src/app/app.component.spec.ts", "pattern": "/^    const compiled = fixture.nativeElement as HTMLElement;$/", "language": "TypeScript", "kind": "constant"}, {"_type": "tag", "name": "fixture", "path": "/home/kavia/workspace/code-generation/universalinit/src/universalinit/templates/angular/src/app/app.component.spec.ts", "pattern": "/^    const fixture = TestBed.createComponent(AppComponent);$/", "language": "TypeScript", "kind": "constant"}], "hash": "5bff32fedc85513ebb007e779659ab1b", "format-version": 4, "code-base-name": "universalinit", "filename": "src/universalinit/templates/angular/src/app/app.component.spec.ts", "revision_history": [{"1688": "1aee8ed1eca8330cc765b711c43546e90b04ff39"}]}