{"is_source_file": true, "format": "JavaScript", "description": "This file defines a Lightning.js component named 'Home' that constructs a webpage layout including a logo, loader, text, and a button with animated transitions and state management.", "external_files": ["@lightningjs/blits", "../components/Loader.js", "../components/Button.js"], "external_methods": ["$setTimeout", "$setInterval", "$select", "$focus"], "published": ["default"], "classes": [{"name": "Home", "description": "A Lightning.js component representing the Home page with animated elements, including a logo, loader, text, and button."}], "methods": [{"name": "rotateColors", "description": "Changes the loader's color periodically by rotating through the 'colors' array."}], "calls": ["this.rotateColors", "this.$setTimeout", "this.$setInterval", "this.$select", "this.$focus"], "search-terms": ["Lightning.js component", "Home page layout", "logo animation", "loader transition", "button component", "state management in Lightning", "mounted hooks Lightning", "color rotation"], "state": 2, "file_id": 542, "knowledge_revision": 1566, "git_revision": "1aee8ed1eca8330cc765b711c43546e90b04ff39", "ctags": [{"_type": "tag", "name": "colors", "path": "/home/kavia/workspace/code-generation/universalinit/src/universalinit/templates/lightningjs/src/pages/Home.js", "pattern": "/^const colors = ['#f5f3ff', '#ede9fe', '#ddd6fe', '#c4b5fd', '#a78bfa']$/", "language": "JavaScript", "kind": "constant"}], "hash": "26a944e344bdf4adc32f5fef7345bff7", "format-version": 4, "code-base-name": "universalinit", "filename": "src/universalinit/templates/lightningjs/src/pages/Home.js", "revision_history": [{"1566": "1aee8ed1eca8330cc765b711c43546e90b04ff39"}]}