{"is_source_file": true, "format": "TypeScript (TSX)", "description": "This file defines a React functional component that renders an SVG logo, specifically exporting the QwikLogo component with customizable width and height.", "external_files": ["react"], "external_methods": [], "published": ["QwikLogo"], "classes": [], "methods": [{"name": "QwikLogo", "description": "A React functional component that renders an SVG image logo, with customizable width and height."}], "calls": [], "search-terms": ["QwikLogo", "tsx", "React", "SVG logo", "component", "qwik"], "state": 2, "file_id": 552, "knowledge_revision": 1570, "git_revision": "1aee8ed1eca8330cc765b711c43546e90b04ff39", "ctags": [], "hash": "9ffa787253daf27259a195140f7728cf", "format-version": 4, "code-base-name": "universalinit", "filename": "src/universalinit/templates/qwik/src/components/starter/icons/qwik.tsx", "revision_history": [{"1570": "1aee8ed1eca8330cc765b711c43546e90b04ff39"}]}