{"is_source_file": true, "format": "TypeScript", "description": "This is a configuration source file for ESLint in a Vue project, defining linting rules, plugins, and file patterns for linting and ignoring certain directories.", "external_files": ["eslint-plugin-vue", "@vue/eslint-config-typescript", "@vitest/eslint-plugin", "@vue/eslint-config-prettier/skip-formatting"], "external_methods": ["defineConfigWithVueTs", "vueTsConfigs"], "published": [], "classes": [], "methods": [{"name": "defineConfigWithVueTs", "description": "Defines and exports the ESLint configuration with Vue and TypeScript support"}], "calls": ["defineConfigWithVueTs"], "search-terms": ["eslint", "vue", "typescript", "eslint-plugin-vue", "eslint-config-typescript", "vite", "vue eslint config"], "state": 2, "file_id": 367, "knowledge_revision": 1391, "git_revision": "1aee8ed1eca8330cc765b711c43546e90b04ff39", "ctags": [], "hash": "e25c340ceed14d09bdaf1f13a69b34bc", "format-version": 4, "code-base-name": "universalinit", "filename": "src/universalinit/templates/vue/eslint.config.ts", "revision_history": [{"1391": "1aee8ed1eca8330cc765b711c43546e90b04ff39"}]}