{"is_source_file": true, "format": "TypeScript (TSX)", "description": "This file defines the root component for a QwikCity-based web application, setting up the main provider, head elements, and routing outlets.", "external_files": ["@builder.io/qwik", "@builder.io/qwik", "@builder.io/qwik-city", "./components/router-head/router-head", "./global.css"], "external_methods": ["component$", "isDev"], "published": [], "classes": [], "methods": [{"name": "Component$", "description": "Main exported component that sets up the application's root structure."}], "calls": ["component$", "isDev", "QwikCityProvider", "RouterHead", "ServiceWorkerRegister", "RouterOutlet"], "search-terms": ["QwikCityProvider", "RouterOutlet", "component$", "root.tsx", "service worker", "router", "head elements", "Qwik", "QwikCity"], "state": 2, "file_id": 392, "knowledge_revision": 1416, "git_revision": "1aee8ed1eca8330cc765b711c43546e90b04ff39", "ctags": [], "hash": "9bbf0df29be90ef336ed559eb7c371c7", "format-version": 4, "code-base-name": "universalinit", "filename": "src/universalinit/templates/qwik/src/root.tsx", "revision_history": [{"1416": "1aee8ed1eca8330cc765b711c43546e90b04ff39"}]}