{"is_source_file": true, "file_id": 379, "git_revision": "1aee8ed1eca8330cc765b711c43546e90b04ff39", "state": 1, "description": "", "external_files": [], "external_methods": [], "published": [], "classes": [], "methods": [], "calls": [], "search-terms": [], "ctags": [{"_type": "tag", "name": "health", "path": "/home/kavia/workspace/code-generation/universalinit/src/universalinit/templates/django/api/views.py", "pattern": "/^def health(request):$/", "language": "Python", "kind": "function", "signature": "(request)"}], "format": "Python", "hash": "e3ccd8059b968c2eaeb07756801c967e", "format-version": 4, "code-base-name": "universalinit", "filename": "src/universalinit/templates/django/api/views.py", "knowledge_revision": 1050}