{"is_source_file": true, "format": "TypeScript", "description": "This file configures a service worker for prefetching to improve site speed using Qwik's service worker setup.", "external_files": ["@builder.io/qwik-city/service-worker"], "external_methods": ["setupServiceWorker"], "published": [], "classes": [], "methods": [{"name": "addEventListener", "description": "Adds event listeners for 'install' and 'activate' events to manage service worker lifecycle."}], "calls": ["setupServiceWorker()"], "search-terms": ["service-worker", "prefetching", "Qwik", "qwik-city", "service worker setup"], "state": 2, "file_id": 604, "knowledge_revision": 1629, "git_revision": "1aee8ed1eca8330cc765b711c43546e90b04ff39", "ctags": [{"_type": "tag", "name": "self", "path": "/home/kavia/workspace/code-generation/universalinit/src/universalinit/templates/qwik/src/routes/service-worker.ts", "pattern": "/^declare const self: ServiceWorkerGlobalScope;$/", "language": "TypeScript", "kind": "constant"}], "hash": "4691e997442ba9f8be7690530ed1ce95", "format-version": 4, "code-base-name": "universalinit", "filename": "src/universalinit/templates/qwik/src/routes/service-worker.ts", "revision_history": [{"1629": "1aee8ed1eca8330cc765b711c43546e90b04ff39"}]}