{"is_source_file": true, "format": "TypeScript/TSX", "description": "This file defines a React functional component 'Logo' that uses the Remotion library to generate a video animation featuring arcs and an atom with animated transformations based on video frame data.", "external_files": ["./Arc", "./Atom", "@remotion/zod-types"], "external_methods": ["remotion.AbsoluteFill", "remotion.interpolate", "remotion.spring", "remotion.useCurrentFrame", "remotion.useVideoConfig"], "published": ["myCompSchema2", "Logo"], "classes": [], "methods": [{"name": "Logo", "description": "React functional component rendering animated arcs and atom"}], "calls": ["useVideoConfig", "useCurrentFrame", "spring", "interpolate", "AbsoluteFill", "Arc", "Atom"], "search-terms": ["remotion", "Logo", "Arc", "Atom", "spring animation", "react component", "video rendering", "Frame-based animation", "zod schema"], "state": 2, "file_id": 639, "knowledge_revision": 1661, "git_revision": "1aee8ed1eca8330cc765b711c43546e90b04ff39", "ctags": [], "hash": "da067dd9634b1290d01907f36ef18835", "format-version": 4, "code-base-name": "universalinit", "filename": "src/universalinit/templates/remotion/src/HelloWorld/Logo.tsx", "revision_history": [{"1661": "1aee8ed1eca8330cc765b711c43546e90b04ff39"}]}