{"is_source_file": true, "format": "TypeScript (TSX)", "description": "The file defines a React functional component 'RemotionRoot' which renders multiple 'Composition' elements from the 'remotion' library, configuring different video compositions with props and schemas.", "external_files": ["./HelloWorld", "./HelloWorld/Logo"], "external_methods": ["Composition"], "published": ["RemotionRoot"], "classes": [], "methods": [{"name": "RemotionRoot", "description": "A React functional component that renders multiple remotion compositions for a video project."}], "calls": ["React.FC", "React.FC", "Composition", "Composition"], "search-terms": ["RemotionRoot", "Composition", "react", "video composition", "TSX"], "state": 2, "file_id": 535, "knowledge_revision": 1556, "git_revision": "1aee8ed1eca8330cc765b711c43546e90b04ff39", "ctags": [], "hash": "e7dd365e19e3e2c921953e942d5e0cad", "format-version": 4, "code-base-name": "universalinit", "filename": "src/universalinit/templates/remotion/src/Root.tsx", "revision_history": [{"1556": "1aee8ed1eca8330cc765b711c43546e90b04ff39"}]}