{"is_source_file": true, "format": "JavaScript (ES Module, .mjs)", "description": "This file defines an ESLint configuration for a Next.js project using ES module syntax. It imports necessary modules, sets up compatibility configurations, and exports an ESLint config array.", "external_files": ["path", "url", "@eslint/eslintrc"], "external_methods": ["dirname", "fileURLToPath", "FlatCompat.extends"], "published": ["eslintConfig"], "classes": [], "methods": [{"name": "dirname", "description": "Returns a directory name from a path."}, {"name": "fileURLToPath", "description": "Converts a file URL to a path."}, {"name": "compat.extends", "description": "Extends existing ESLint configurations with specified configurations."}], "calls": ["compat.extends"], "search-terms": ["eslint", "nextjs", "eslint.config.mjs", "compat", "ES module", "eslint configuration"], "state": 2, "file_id": 364, "knowledge_revision": 1378, "git_revision": "1aee8ed1eca8330cc765b711c43546e90b04ff39", "hash": "b43f470c5df5e9ff4c2f5e0bd917a881", "format-version": 4, "code-base-name": "universalinit", "filename": "src/universalinit/templates/nextjs/eslint.config.mjs", "revision_history": [{"1378": "1aee8ed1eca8330cc765b711c43546e90b04ff39"}]}