{"is_source_file": true, "format": "Python", "description": "This file is a Django management script used to execute administrative commands, such as migrations or server runs, via the command line.", "external_files": ["django.core.management"], "external_methods": ["django.core.management.execute_from_command_line"], "published": [], "classes": [], "methods": [{"name": "main()", "description": "Sets the Django settings environment variable and executes command line management tasks.", "scope": "", "scopeKind": ""}], "calls": ["django.core.management.execute_from_command_line"], "search-terms": ["manage.py", "Django", "management", "execute_from_command_line", "DJANGO_SETTINGS_MODULE"], "state": 2, "file_id": 431, "knowledge_revision": 1451, "git_revision": "2028ea7a4a4843e6263708f2139ded60b9650606", "ctags": [{"_type": "tag", "name": "main", "path": "/home/kavia/workspace/code-generation/universalinit/src/universalinit/templates/django/manage.py", "pattern": "/^def main():$/", "language": "Python", "kind": "function", "signature": "()"}], "hash": "09ce28f22db4398409f377833475117f", "format-version": 4, "code-base-name": "universalinit", "filename": "src/universalinit/templates/django/manage.py", "revision_history": [{"1451": "2028ea7a4a4843e6263708f2139ded60b9650606"}]}