{"is_source_file": false, "format": "", "description": "", "external_files": [], "external_methods": [], "published": [], "classes": [], "methods": [], "calls": [], "search-terms": [], "state": 2, "file_id": 381, "knowledge_revision": 1393, "git_revision": "1aee8ed1eca8330cc765b711c43546e90b04ff39", "hash": "78bfe0c0bea479642e6a12b9aad269f9", "format-version": 4, "code-base-name": "universalinit", "filename": "src/universalinit/templates/slidev/netlify.toml", "revision_history": [{"1393": "1aee8ed1eca8330cc765b711c43546e90b04ff39"}]}