{"is_source_file": true, "format": "TypeScript (with JSX / TSX syntax)", "description": "A React/Qwik component named RouterHead that manages rendering of elements inside the document's <head> section, including dynamic metadata, links, styles, and scripts.", "external_files": ["@builder.io/qwik", "@builder.io/qwik-city"], "external_methods": ["useDocumentHead", "useLocation", "component$"], "published": ["RouterHead"], "classes": [], "methods": [{"name": "RouterHead", "description": "React/Qwik component that renders dynamic <head> content based on document head state and location info."}], "calls": ["useDocumentHead", "useLocation", "component$"], "search-terms": ["RouterHead", "useDocumentHead", "useLocation", "Qwik component", "<head>", "dynamic metadata", "Head elements"], "state": 2, "file_id": 448, "knowledge_revision": 1472, "git_revision": "1aee8ed1eca8330cc765b711c43546e90b04ff39", "ctags": [], "hash": "822ca7bb4d7b877473e28386699dbe73", "format-version": 4, "code-base-name": "universalinit", "filename": "src/universalinit/templates/qwik/src/components/router-head/router-head.tsx", "revision_history": [{"1472": "1aee8ed1eca8330cc765b711c43546e90b04ff39"}]}