{"is_source_file": true, "format": "JavaScript", "description": "This file imports LightningJS components and initializes an application instance with specific configuration parameters, including width, height, and debug level.", "external_files": ["@lightningjs/blits", "./App.js"], "external_methods": ["Blits.Launch"], "published": [], "classes": [], "methods": [], "calls": ["Blits.Launch"], "search-terms": ["LightningJS", "Blits", "Launch", "App.js", "lightningjs", "index.js"], "state": 2, "file_id": 439, "knowledge_revision": 1460, "git_revision": "1aee8ed1eca8330cc765b711c43546e90b04ff39", "ctags": [], "hash": "699987a61e1fdce808bdbadf75592f5a", "format-version": 4, "code-base-name": "universalinit", "filename": "src/universalinit/templates/lightningjs/src/index.js", "revision_history": [{"1460": "1aee8ed1eca8330cc765b711c43546e90b04ff39"}]}