{"is_source_file": false, "format": "", "description": "", "external_files": [], "external_methods": [], "published": [], "classes": [], "methods": [], "calls": [], "search-terms": [], "state": 2, "file_id": 159, "knowledge_revision": 546, "git_revision": "650ec2fcd22d254db3542fa36c80407535d01c3b", "hash": "13b1ad6d7171a28f078a3d041206c33f", "format-version": 4, "code-base-name": "universalinit", "filename": "src/universalinit/templates/android/config.yml", "revision_history": [{"546": "650ec2fcd22d254db3542fa36c80407535d01c3b"}]}