{"is_source_file": true, "format": "TypeScript (Vue.js project)", "description": "This file is the main entry point for a Vue.js application, initializing the app with plugins and mounting it to the DOM.", "external_files": ["./assets/main.css", "./App.vue", "./router"], "external_methods": ["createApp", "use", "mount"], "published": [], "classes": [], "methods": [{"name": "createApp", "description": "Creates a new Vue application instance with the root component App."}, {"name": "app.use", "description": "Registers plugins or modules with the Vue application, such as Pinia store and router."}, {"name": "app.mount", "description": "Mounts the Vue application to the DOM element with the specified selector."}], "calls": ["createApp", "app.use", "app.mount"], "search-terms": ["main.ts", "Vue application initialization", "createApp", "Pinia", "router", "mount('#app')"], "state": 2, "file_id": 484, "knowledge_revision": 1511, "git_revision": "1aee8ed1eca8330cc765b711c43546e90b04ff39", "ctags": [{"_type": "tag", "name": "app", "path": "/home/kavia/workspace/code-generation/universalinit/src/universalinit/templates/vue/src/main.ts", "pattern": "/^const app = createApp(App)$/", "language": "TypeScript", "kind": "constant"}], "hash": "787582f2e0c8ceb362a78df92c25daaa", "format-version": 4, "code-base-name": "universalinit", "filename": "src/universalinit/templates/vue/src/main.ts", "revision_history": [{"1511": "1aee8ed1eca8330cc765b711c43546e90b04ff39"}]}