{"is_source_file": true, "format": "Python", "description": "This file is a Python source file that serves as an entry point for running a Flask application.", "external_files": ["app"], "external_methods": ["app.run"], "published": [], "classes": [], "methods": [{"name": "__main__", "description": "Main execution block that runs the Flask app."}], "calls": ["app.run"], "search-terms": ["flask", "run.py", "app", "main"], "state": 2, "file_id": 554, "knowledge_revision": 1572, "git_revision": "1aee8ed1eca8330cc765b711c43546e90b04ff39", "ctags": [], "hash": "b4cfd2f2017c7f88e4049fa0ed026e86", "format-version": 4, "code-base-name": "universalinit", "filename": "src/universalinit/templates/flask/run.py", "revision_history": [{"1572": "1aee8ed1eca8330cc765b711c43546e90b04ff39"}]}