{"is_source_file": false, "format": "", "description": "", "external_files": [], "external_methods": [], "published": [], "classes": [], "methods": [], "calls": [], "search-terms": [], "state": 2, "file_id": 431, "knowledge_revision": 1441, "git_revision": "1aee8ed1eca8330cc765b711c43546e90b04ff39", "hash": "b94953f0120097438a9c314b8f57cac3", "format-version": 4, "code-base-name": "universalinit", "filename": "src/universalinit/templates/vue/package.json", "revision_history": [{"1441": "1aee8ed1eca8330cc765b711c43546e90b04ff39"}]}