{"is_source_file": false, "format": "", "description": "", "external_files": [], "external_methods": [], "published": [], "classes": [], "methods": [], "calls": [], "search-terms": ["Nuxt", "Nuxt Minimal Starter", "dependency installation", "development server", "build", "production", "deployment"], "state": 2, "file_id": 384, "knowledge_revision": 1400, "git_revision": "1aee8ed1eca8330cc765b711c43546e90b04ff39", "hash": "884261092c8d74ec62c5c0860a38bc9d", "format-version": 4, "code-base-name": "universalinit", "filename": "src/universalinit/templates/nuxt/README.md", "revision_history": [{"1400": "1aee8ed1eca8330cc765b711c43546e90b04ff39"}]}