{"is_source_file": false, "format": "", "description": "", "external_files": [], "external_methods": [], "published": [], "classes": [], "methods": [], "calls": [], "search-terms": [], "state": 2, "file_id": 136, "knowledge_revision": 530, "git_revision": "30855f8b919fb13ee78b71b2b324c162ab5ea6e5", "ctags": [{"_type": "tag", "name": "accent", "path": "/home/kavia/workspace/code-generation/universalinit/src/universalinit/templates/solananextjs/tailwind.config.js", "pattern": "/^        accent: '#E07A5F',$/", "language": "JavaScript", "kind": "property", "scope": "module.exports.theme.extend.colors", "scopeKind": "class"}, {"_type": "tag", "name": "background", "path": "/home/kavia/workspace/code-generation/universalinit/src/universalinit/templates/solananextjs/tailwind.config.js", "pattern": "/^        background: '#F6F9FC',$/", "language": "JavaScript", "kind": "property", "scope": "module.exports.theme.extend.colors", "scopeKind": "class"}, {"_type": "tag", "name": "colors", "path": "/home/kavia/workspace/code-generation/universalinit/src/universalinit/templates/solananextjs/tailwind.config.js", "pattern": "/^      colors: {$/", "language": "JavaScript", "kind": "class", "scope": "module.exports.theme.extend", "scopeKind": "class"}, {"_type": "tag", "name": "content", "path": "/home/kavia/workspace/code-generation/universalinit/src/universalinit/templates/solananextjs/tailwind.config.js", "pattern": "/^  content: [$/", "language": "JavaScript", "kind": "property", "scope": "module.exports", "scopeKind": "class"}, {"_type": "tag", "name": "exports", "path": "/home/kavia/workspace/code-generation/universalinit/src/universalinit/templates/solananextjs/tailwind.config.js", "pattern": "/^module.exports = {$/", "language": "JavaScript", "kind": "class", "scope": "module", "scopeKind": "class"}, {"_type": "tag", "name": "extend", "path": "/home/kavia/workspace/code-generation/universalinit/src/universalinit/templates/solananextjs/tailwind.config.js", "pattern": "/^    extend: {$/", "language": "JavaScript", "kind": "class", "scope": "module.exports.theme", "scopeKind": "class"}, {"_type": "tag", "name": "plugins", "path": "/home/kavia/workspace/code-generation/universalinit/src/universalinit/templates/solananextjs/tailwind.config.js", "pattern": "/^  plugins: [$/", "language": "JavaScript", "kind": "property", "scope": "module.exports", "scopeKind": "class"}, {"_type": "tag", "name": "primary", "path": "/home/kavia/workspace/code-generation/universalinit/src/universalinit/templates/solananextjs/tailwind.config.js", "pattern": "/^        primary: '#2E86AB',$/", "language": "JavaScript", "kind": "property", "scope": "module.exports.theme.extend.colors", "scopeKind": "class"}, {"_type": "tag", "name": "secondary", "path": "/home/kavia/workspace/code-generation/universalinit/src/universalinit/templates/solananextjs/tailwind.config.js", "pattern": "/^        secondary: '#ffffff',$/", "language": "JavaScript", "kind": "property", "scope": "module.exports.theme.extend.colors", "scopeKind": "class"}, {"_type": "tag", "name": "theme", "path": "/home/kavia/workspace/code-generation/universalinit/src/universalinit/templates/solananextjs/tailwind.config.js", "pattern": "/^  theme: {$/", "language": "JavaScript", "kind": "class", "scope": "module.exports", "scopeKind": "class"}], "hash": "9047469034f18af9ef5094fbb98a12c2", "format-version": 4, "code-base-name": "universalinit", "filename": "src/universalinit/templates/solananextjs/tailwind.config.js", "fields": [{"name": "accent: '#E07A5F',", "scope": "module.exports.theme.extend.colors", "scopeKind": "class", "description": "unavailable"}, {"name": "background: '#F6F9FC',", "scope": "module.exports.theme.extend.colors", "scopeKind": "class", "description": "unavailable"}, {"name": "content: [", "scope": "module.exports", "scopeKind": "class", "description": "unavailable"}, {"name": "plugins: [", "scope": "module.exports", "scopeKind": "class", "description": "unavailable"}, {"name": "primary: '#2E86AB',", "scope": "module.exports.theme.extend.colors", "scopeKind": "class", "description": "unavailable"}, {"name": "secondary: '#ffffff',", "scope": "module.exports.theme.extend.colors", "scopeKind": "class", "description": "unavailable"}], "revision_history": [{"530": "30855f8b919fb13ee78b71b2b324c162ab5ea6e5"}]}