{"is_source_file": true, "format": "TypeScript", "description": "Configuration file for Vite build tool, setting up server options including host, port, allowed hosts, headers, and watch options.", "external_files": ["vite"], "external_methods": ["defineConfig"], "published": [], "classes": [], "methods": [], "calls": ["defineConfig"], "search-terms": ["vite.config.ts", "Vite", "server configuration", "host", "port", "allowedHosts"], "state": 2, "file_id": 626, "knowledge_revision": 1646, "git_revision": "1aee8ed1eca8330cc765b711c43546e90b04ff39", "ctags": [], "hash": "6efeb32d6235067d6bad81a886455a94", "format-version": 4, "code-base-name": "universalinit", "filename": "src/universalinit/templates/slidev/vite.config.ts", "revision_history": [{"1646": "1aee8ed1eca8330cc765b711c43546e90b04ff39"}]}