{"is_source_file": true, "file_id": 620, "git_revision": "1aee8ed1eca8330cc765b711c43546e90b04ff39", "state": 2, "description": "", "external_files": [], "external_methods": [], "published": [], "classes": [], "methods": [], "calls": [], "search-terms": [], "hash": null, "format-version": 4, "code-base-name": "universalinit", "filename": "src/universalinit/templates/angular/src/app/app.component.css", "knowledge_revision": 1627, "revision_history": [{"1627": "1aee8ed1eca8330cc765b711c43546e90b04ff39"}]}