{"is_source_file": true, "format": "CSS", "description": "This file contains global CSS styles for a Next.js project, including custom CSS variables, theme definitions, and media query styles for dark mode.", "external_files": ["tailwindcss"], "external_methods": [], "published": [], "classes": [], "methods": [], "calls": [], "search-terms": ["CSS", "tailwindcss", "global styles", "dark mode", "variables", "Next.js", "globals.css"], "state": 2, "file_id": 479, "knowledge_revision": 1490, "git_revision": "1aee8ed1eca8330cc765b711c43546e90b04ff39", "hash": "20552b4b0f91d72bbf19051b78b2aff5", "format-version": 4, "code-base-name": "universalinit", "filename": "src/universalinit/templates/nextjs/src/app/globals.css", "revision_history": [{"1490": "1aee8ed1eca8330cc765b711c43546e90b04ff39"}]}