{"is_source_file": false, "format": "", "description": "", "external_files": [], "external_methods": [], "published": [], "classes": [], "methods": [], "calls": [], "search-terms": [], "state": 2, "file_id": 502, "knowledge_revision": 1511, "git_revision": "1aee8ed1eca8330cc765b711c43546e90b04ff39", "hash": "78359834b12623ee5bc1e5946523beb3", "format-version": 4, "code-base-name": "universalinit", "filename": "src/universalinit/templates/qwik/public/manifest.json", "revision_history": [{"1511": "1aee8ed1eca8330cc765b711c43546e90b04ff39"}]}