{"is_source_file": true, "file_id": 470, "git_revision": "1aee8ed1eca8330cc765b711c43546e90b04ff39", "state": 1, "description": "", "external_files": [], "external_methods": [], "published": [], "classes": [], "methods": [], "calls": [], "search-terms": [], "ctags": [{"_type": "tag", "name": "webpack", "path": "/home/kavia/workspace/code-generation/universalinit/src/universalinit/templates/nativescript/webpack.config.js", "pattern": "/^const webpack = require(\"@nativescript\\/webpack\");$/", "language": "JavaScript", "kind": "constant"}], "format": "JavaScript", "hash": "e0e53d44fe24f88b703146dfd498a1f8", "format-version": 4, "code-base-name": "universalinit", "filename": "src/universalinit/templates/nativescript/webpack.config.js", "knowledge_revision": 1147}