{"is_source_file": false, "format": "", "description": "", "external_files": [], "external_methods": [], "published": [], "classes": [], "methods": [], "calls": [], "search-terms": [], "state": 2, "file_id": 217, "knowledge_revision": 609, "git_revision": "6c5bd0b03bfbd97fc549575a252482105eeffcb7", "hash": "a9bc93e9c717436dab574ca9fa39a5a2", "format-version": 4, "code-base-name": "universalinit", "filename": "src/universalinit/templates/lightningjs/docs/components_watchers.md", "revision_history": [{"609": "6c5bd0b03bfbd97fc549575a252482105eeffcb7"}]}