{"is_source_file": true, "format": "Python", "description": "This file is a FastAPI application setup defining the main API instance, adding CORS middleware, and implementing a health check endpoint.", "external_files": ["fastapi", "fastapi.middleware.cors"], "external_methods": ["fastapi.FastAPI", "fastapi.middleware.cors.CORSMiddleware", "app.add_middleware", "app.get"], "published": ["app"], "classes": [], "methods": [{"name": "health_check()", "description": "FastAPI route handler that returns a simple health status message.", "scope": "", "scopeKind": ""}], "calls": ["CORSMiddleware", "app.add_middleware", "app.get"], "search-terms": ["FastAPI", "CORS middleware", "health check endpoint", "main.py"], "state": 2, "file_id": 550, "knowledge_revision": 1571, "git_revision": "1aee8ed1eca8330cc765b711c43546e90b04ff39", "ctags": [{"_type": "tag", "name": "app", "path": "/home/kavia/workspace/code-generation/universalinit/src/universalinit/templates/fastapi/src/api/main.py", "pattern": "/^app = FastAPI()$/", "language": "Python", "kind": "variable"}, {"_type": "tag", "name": "health_check", "path": "/home/kavia/workspace/code-generation/universalinit/src/universalinit/templates/fastapi/src/api/main.py", "pattern": "/^def health_check():$/", "language": "Python", "kind": "function", "signature": "()"}], "hash": "58352bf5f133908bab16643199aa483d", "format-version": 4, "code-base-name": "universalinit", "filename": "src/universalinit/templates/fastapi/src/api/main.py", "fields": [{"name": "app = FastAPI()", "scope": "", "scopeKind": "", "description": "unavailable"}], "revision_history": [{"1571": "1aee8ed1eca8330cc765b711c43546e90b04ff39"}]}