{"is_source_file": true, "format": "TypeScript React (TSX)", "description": "This file defines a Qwik React component for a hero section with celebration and documentation links, including dynamic confetti effect with external script.", "external_files": ["./hero.module.css", "../../../media/thunder.png?jsx", "https://cdn.jsdelivr.net/npm/canvas-confetti@1.5.1/dist/confetti.browser.min.js"], "external_methods": ["component$", "confetti"], "published": [], "classes": [], "methods": [{"name": "loadConfetti", "description": "Loads the external confetti script dynamically and returns the confetti function."}, {"name": "shoot", "description": "Triggers the confetti animation with specific defaults multiple times."}], "calls": ["component$", "loadConfetti", "confetti", "setTimeout"], "search-terms": ["Qwik hero component", "confetti animation", "TypeScript JSX", "dynamic script loading", "confetti.browser.min.js"], "state": 2, "file_id": 550, "knowledge_revision": 1573, "git_revision": "1aee8ed1eca8330cc765b711c43546e90b04ff39", "ctags": [], "hash": "42d45447efa998ad31a8bf6cd455b5c1", "format-version": 4, "code-base-name": "universalinit", "filename": "src/universalinit/templates/qwik/src/components/starter/hero/hero.tsx", "revision_history": [{"1573": "1aee8ed1eca8330cc765b711c43546e90b04ff39"}]}