{"is_source_file": true, "format": "TypeScript", "description": "This file is the entry point for the production build of a Qwik-based application, integrating QwikCity middleware, and configuring server-side rendering with Vite preview.", "external_files": ["@builder.io/qwik-city/middleware/node", "@qwik-city-plan", "./entry.ssr"], "external_methods": ["createQwikCity"], "published": ["default"], "classes": [], "methods": [{"name": "createQwikCity", "description": "Creates and configures the QwikCity server middleware with specified render and plan configuration."}], "calls": ["createQwikCity"], "search-terms": ["QwikCity", "entry.preview.tsx", "Vite preview", "server-side rendering", "entry point"], "state": 2, "file_id": 388, "knowledge_revision": 1406, "git_revision": "1aee8ed1eca8330cc765b711c43546e90b04ff39", "ctags": [], "hash": "99b0e5826d078e301743c08edc15c060", "format-version": 4, "code-base-name": "universalinit", "filename": "src/universalinit/templates/qwik/src/entry.preview.tsx", "revision_history": [{"1406": "1aee8ed1eca8330cc765b711c43546e90b04ff39"}]}