{"is_source_file": true, "format": "TypeScript/TSX", "description": "This file defines a React component 'RemotionRoot' that sets up video compositions for the Remotion animation framework, importing components and schemas from other local modules and configuring multiple compositions for rendering.", "external_files": ["./HelloWorld", "./HelloWorld/Logo"], "external_methods": ["Composition"], "published": [], "classes": [], "methods": [{"name": "RemotionRoot", "description": "React functional component that renders multiple Composition components for the Remotion framework."}], "calls": ["React.FC", "Composition", "HelloWorld", "Logo"], "search-terms": ["RemotionRoot", "Composition", "HelloWorld", "Logo", "React.FC", "video compositions", "remotion render", "defaultProps"], "state": 2, "file_id": 440, "knowledge_revision": 1466, "git_revision": "1aee8ed1eca8330cc765b711c43546e90b04ff39", "ctags": [], "hash": "e7dd365e19e3e2c921953e942d5e0cad", "format-version": 4, "code-base-name": "universalinit", "filename": "src/universalinit/templates/remotion/src/Root.tsx", "revision_history": [{"1466": "1aee8ed1eca8330cc765b711c43546e90b04ff39"}]}