{"is_source_file": true, "format": "TypeScript/TSX", "description": "This file defines a Qwik React-like component for a counter interface, including signal management and rendering logic.", "external_files": ["./counter.module.css", "../gauge"], "external_methods": ["component$", "useSignal", "$"], "published": [], "classes": [], "methods": [{"name": "setCount", "description": "A function to update the counter value within specified bounds (0-100)."}], "calls": ["component$", "useSignal", "$", "setCount", "Gauge"], "search-terms": ["counter", "Qwik component", "useSignal", "Gauge", "counter-wrapper"], "state": 2, "file_id": 579, "knowledge_revision": 1601, "git_revision": "1aee8ed1eca8330cc765b711c43546e90b04ff39", "ctags": [], "hash": "9cb6f3c1705c3f86967978f57dd2d308", "format-version": 4, "code-base-name": "universalinit", "filename": "src/universalinit/templates/qwik/src/components/starter/counter/counter.tsx", "revision_history": [{"1601": "1aee8ed1eca8330cc765b711c43546e90b04ff39"}]}