{"is_source_file": true, "format": "JavaScript", "description": "This file initializes a NativeScript application by importing the Application module from '@nativescript/core' and running it with 'app-root' as the module name.", "external_files": ["@nativescript/core"], "external_methods": ["Application.run"], "published": [], "classes": [], "methods": [{"name": "Application.run", "description": "Starts the NativeScript application with the specified configuration."}], "calls": ["Application.run"], "search-terms": ["nativescript", "Application", "app.js", "Application.run", "app-root"], "state": 2, "file_id": 390, "knowledge_revision": 1420, "git_revision": "1aee8ed1eca8330cc765b711c43546e90b04ff39", "ctags": [], "hash": "651c6580578790950f7163c3c93eae5c", "format-version": 4, "code-base-name": "universalinit", "filename": "src/universalinit/templates/nativescript/app/app.js", "revision_history": [{"1420": "1aee8ed1eca8330cc765b711c43546e90b04ff39"}]}