{"is_source_file": false, "format": "", "description": "", "external_files": [], "external_methods": [], "published": [], "classes": [], "methods": [], "calls": [], "search-terms": [], "state": 2, "file_id": 208, "knowledge_revision": 600, "git_revision": "8b25114860b84537873185727dcfaa530dfae568", "hash": "473a91da5c8af1d0d6259bac09497768", "format-version": 4, "code-base-name": "universalinit", "filename": "src/universalinit/templates/androidtv/config.yml", "revision_history": [{"600": "8b25114860b84537873185727dcfaa530dfae568"}]}