{"is_source_file": true, "format": "bash/shell script", "description": "A startup script for managing MongoDB server instances, including checks for existing instances, starting the server, setting up databases and users, and generating connection configurations.", "external_files": ["db_connection.txt", "db_visualizer/mongodb.env", "/var/lib/mongodb/mongod.log"], "external_methods": ["mongosh", "psql", "pkill", "sudo", "lsof", "pgrep"], "published": ["DB_NAME", "DB_USER", "DB_PASSWORD", "DB_PORT"], "classes": [], "methods": [], "calls": ["mongosh", "pgrep", "lsof", "pkill", "sleep", "echo", "cat", "rm", "sudo", "mongod"], "search-terms": ["mongodb startup", "mongosh", "MongoDB server script", "database user creation", "database connection string", "MongoDB port management"], "state": 2, "file_id": 535, "knowledge_revision": 1549, "git_revision": "1aee8ed1eca8330cc765b711c43546e90b04ff39", "hash": "a5cffa3a0c62b0ad3e0a1886acab1420", "format-version": 4, "code-base-name": "universalinit", "filename": "src/universalinit/templates/mongodb/startup.sh", "revision_history": [{"1549": "1aee8ed1eca8330cc765b711c43546e90b04ff39"}]}