{"is_source_file": true, "format": "JavaScript (ESM module)", "description": "Eslint configuration file for Angular projects, importing base configurations and setting ignore patterns, language options, globals, plugins, and rules.", "external_files": ["@eslint/js", "@typescript-eslint/eslint-plugin", "@typescript-eslint/parser"], "external_methods": [], "published": [], "classes": [], "methods": [{"name": "default export", "description": "An array of ESLint configurations combining recommended settings, ignore patterns, and language-specific rules for TypeScript files."}], "calls": ["js.configs.recommended", "tseslint", "tsParser"], "search-terms": ["eslint", "typescript", "angular", "eslint.config.mjs", "typescript-eslint"], "state": 2, "file_id": 639, "knowledge_revision": 1653, "git_revision": "1aee8ed1eca8330cc765b711c43546e90b04ff39", "hash": "6045fbadb189e01a808ff3519512d8d7", "format-version": 4, "code-base-name": "universalinit", "filename": "src/universalinit/templates/angular/eslint.config.mjs", "revision_history": [{"1653": "1aee8ed1eca8330cc765b711c43546e90b04ff39"}]}