{"is_source_file": false, "format": "", "description": "", "external_files": [], "external_methods": [], "published": [], "classes": [], "methods": [], "calls": [], "search-terms": [], "state": 2, "file_id": 631, "knowledge_revision": 1640, "git_revision": "1aee8ed1eca8330cc765b711c43546e90b04ff39", "hash": "1a40fcf49d7f0813d821764b0c5ff482", "format-version": 4, "code-base-name": "universalinit", "filename": "src/universalinit/templates/svelte/src/app.html", "revision_history": [{"1640": "1aee8ed1eca8330cc765b711c43546e90b04ff39"}]}