{"is_source_file": true, "format": "Python", "description": "This file defines a Django management command that generates an OpenAPI schema using drf_yasg and saves it as a JSON file.", "external_files": ["django/core/management/base.py", "django/test/request_factory.py", "drf_yasg/openapi.py", "drf_yasg/views.py", "rest_framework/permissions.py", "os", "json"], "external_methods": ["django.core.management.base.BaseCommand.handle", "django.test.RequestFactory.get", "drf_yasg.views.get_schema_view", "rest_framework.permissions.AllowAny", "json.loads", "json.dump"], "published": [], "classes": [{"name": "Command", "description": "A Django management command class for generating OpenAPI schema and saving it to a file.", "methods": [{"name": "handle", "description": "Generates the OpenAPI schema and saves it as a JSON file."}]}], "methods": [{"name": "handle(self, *args, **options)", "description": "Handles the command execution: creates request, generates schema, and writes to file.", "scope": "Command", "scopeKind": "class"}], "calls": ["django.core.management.base.BaseCommand.handle", "django.test.RequestFactory.get", "drf_yasg.views.get_schema_view", "response.render", "json.loads", "json.dump", "os.makedirs", "os.path.join"], "search-terms": ["generate_openapi", "drf_yasg", "django management command", "OpenAPI schema generation", "API documentation"], "state": 2, "file_id": 87, "knowledge_revision": 493, "git_revision": "7b9d45eb8944ea1f2455e9fcddb6611c165945bb", "ctags": [{"_type": "tag", "name": "Command", "path": "/home/kavia/workspace/code-generation/universalinit/src/universalinit/templates/django/api/management/commands/generate_openapi.py", "pattern": "/^class Command(BaseCommand):$/", "language": "Python", "kind": "class"}, {"_type": "tag", "name": "handle", "path": "/home/kavia/workspace/code-generation/universalinit/src/universalinit/templates/django/api/management/commands/generate_openapi.py", "pattern": "/^    def handle(self, *args, **options):$/", "language": "Python", "kind": "member", "signature": "(self, *args, **options)", "scope": "Command", "scopeKind": "class"}], "hash": "ecbef1ab975654f383ec74e3c38d3bd0", "format-version": 4, "code-base-name": "universalinit", "filename": "src/universalinit/templates/django/api/management/commands/generate_openapi.py", "revision_history": [{"493": "7b9d45eb8944ea1f2455e9fcddb6611c165945bb"}]}