{"is_source_file": false, "format": "", "description": "", "external_files": [], "external_methods": [], "published": [], "classes": [], "methods": [], "calls": [], "search-terms": [], "state": 2, "file_id": 153, "knowledge_revision": 541, "git_revision": "812c3e3d43e3a5771e1f4a01cabc8c165574df53", "hash": "dad2e6272663de1cd8a39707d46ea02d", "format-version": 4, "code-base-name": "universalinit", "filename": "src/universalinit/templates/qwik/package.json", "revision_history": [{"541": "812c3e3d43e3a5771e1f4a01cabc8c165574df53"}]}