{"is_source_file": true, "format": "JavaScript Module (ESM)", "description": "ESLint configuration file defining linting rules and environment settings for TypeScript and JavaScript files in the project.", "external_files": ["@typescript-eslint/eslint-plugin", "@typescript-eslint/parser"], "external_methods": [], "published": [], "classes": [], "methods": [], "calls": [], "search-terms": ["eslint.config.mjs", "eslint", "linting rules", "TypeScript ESLint plugin", "default export configuration"], "state": 2, "file_id": 454, "knowledge_revision": 1463, "git_revision": "1aee8ed1eca8330cc765b711c43546e90b04ff39", "hash": "02cd7331bca35b47f30dcc5eb38213b4", "format-version": 4, "code-base-name": "universalinit", "filename": "src/universalinit/templates/remotion/eslint.config.mjs", "revision_history": [{"1463": "1aee8ed1eca8330cc765b711c43546e90b04ff39"}]}