{"is_source_file": true, "format": "JavaScript", "description": "This file sets up a LightningJS application with a template and defines routing to a Home page component.", "external_files": ["@lightningjs/blits", "./pages/Home.js"], "external_methods": [], "published": [], "classes": [{"name": "Application", "description": "A LightningJS application initialized via Blits.Application construct."}], "methods": [], "calls": ["Blits.Application"], "search-terms": ["LightningJS", "Blits.Application", "routing", "Home.js", "lightningjs"], "state": 2, "file_id": 590, "knowledge_revision": 1617, "git_revision": "1aee8ed1eca8330cc765b711c43546e90b04ff39", "ctags": [], "hash": "66daaf3cceacf6fd07b03dd071a9a5de", "format-version": 4, "code-base-name": "universalinit", "filename": "src/universalinit/templates/lightningjs/src/App.js", "revision_history": [{"1617": "1aee8ed1eca8330cc765b711c43546e90b04ff39"}]}