{"is_source_file": true, "format": "TypeScript/TSX", "description": "A React component called 'Title' that creates an animated title text using Remotion's animation functions. It splits the input text into words and applies animated scaling effects to each word based on video frame timing.", "external_files": ["./constants"], "external_methods": ["spring", "useCurrentFrame", "useVideoConfig"], "published": ["Title"], "classes": [], "methods": [{"name": "Title", "description": "React functional component that renders animated title text with scaling effects on individual words based on frame timing."}], "calls": ["useVideoConfig()", "useCurrentFrame()", "spring()"], "search-terms": ["Title", "remotion", "React", "animated title", "word scaling", "CSSProperties", "video frame animation"], "state": 2, "file_id": 502, "knowledge_revision": 1527, "git_revision": "1aee8ed1eca8330cc765b711c43546e90b04ff39", "ctags": [], "hash": "c4d50786934a65d475e056772bf0c33f", "format-version": 4, "code-base-name": "universalinit", "filename": "src/universalinit/templates/remotion/src/HelloWorld/Title.tsx", "revision_history": [{"1527": "1aee8ed1eca8330cc765b711c43546e90b04ff39"}]}