{"is_source_file": true, "format": "bash", "description": "This script automates the setup and startup of a PostgreSQL database server, including version detection, process checks, data directory initialization, server startup, database and user creation, permission setting, and environment configuration.", "external_files": ["/usr/lib/postgresql/", "/var/lib/postgresql/data/PG_VERSION", "db_connection.txt", "db_visualizer/postgres.env"], "external_methods": ["ls", "sudo", "pg_isready", "pgrep", "psql", "initdb", "createdb", "cat", "echo", "sleep"], "published": [], "classes": [], "methods": [], "calls": ["ls", "sudo", "pg_isready", "pgrep", "psql", "initdb", "createdb", "cat", "echo", "sleep"], "search-terms": ["PostgreSQL startup script", "db initialization", "database permissions setup", "PostgreSQL version detection", "PostgreSQL process check", "database creation", "user setup", "schema permissions", "environment configuration"], "state": 2, "file_id": 477, "knowledge_revision": 1492, "git_revision": "1aee8ed1eca8330cc765b711c43546e90b04ff39", "hash": "3664b8e1a9d0acb09ef2cd72feece193", "format-version": 4, "code-base-name": "universalinit", "filename": "src/universalinit/templates/postgresql/startup.sh", "revision_history": [{"1492": "1aee8ed1eca8330cc765b711c43546e90b04ff39"}]}