{"is_source_file": true, "format": "Python", "description": "This file contains URL configuration for a Django project, including route definitions, schema view setup, and API documentation routes.", "external_files": ["django.contrib", "django.urls", "rest_framework", "drf_yasg.views", "drf_yasg", "django.views.decorators.csrf"], "external_methods": ["permissions.AllowAny", "get_schema_view", "openapi.Info", "get_full_url"], "published": ["schema_view", "dynamic_schema_view", "urlpatterns"], "classes": [], "methods": [{"name": "get_full_url(request)", "description": "Constructs the full URL including scheme, host, and optional forwarded port based on the request object.", "scope": "", "scopeKind": ""}, {"name": "dynamic_schema_view(request, *args, **kwargs)", "description": "Generates a schema view with dynamic URL based on the incoming request, serving Swagger UI.", "scope": "", "scopeKind": ""}], "calls": ["get_schema_view", "permissions.AllowAny", "schema_view.with_ui", "schema_view.without_ui", "re_path"], "search-terms": ["django URL configuration", "Swagger / OpenAPI schema", "API documentation", "dynamic URL view", "drf_yasg"], "state": 2, "file_id": 77, "knowledge_revision": 476, "git_revision": "7f958e4a9e0840522c3cfe03f7b218acec9b1c45", "ctags": [{"_type": "tag", "name": "dynamic_schema_view", "path": "/home/kavia/workspace/code-generation/universalinit/src/universalinit/templates/django/config/urls.py", "pattern": "/^def dynamic_schema_view(request, *args, **kwargs):$/", "language": "Python", "kind": "function", "signature": "(request, *args, **kwargs)"}, {"_type": "tag", "name": "get_full_url", "path": "/home/kavia/workspace/code-generation/universalinit/src/universalinit/templates/django/config/urls.py", "pattern": "/^def get_full_url(request):$/", "language": "Python", "kind": "function", "signature": "(request)"}, {"_type": "tag", "name": "schema_view", "path": "/home/kavia/workspace/code-generation/universalinit/src/universalinit/templates/django/config/urls.py", "pattern": "/^schema_view = get_schema_view($/", "language": "Python", "kind": "variable"}, {"_type": "tag", "name": "urlpatterns", "path": "/home/kavia/workspace/code-generation/universalinit/src/universalinit/templates/django/config/urls.py", "pattern": "/^urlpatterns = [$/", "language": "Python", "kind": "variable"}], "hash": "482cd4ea609c28e217819d5339030112", "format-version": 4, "code-base-name": "universalinit", "filename": "src/universalinit/templates/django/config/urls.py", "fields": [{"name": "schema_view = get_schema_view(", "scope": "", "scopeKind": "", "description": "unavailable"}, {"name": "urlpatterns = [", "scope": "", "scopeKind": "", "description": "unavailable"}], "revision_history": [{"476": "7f958e4a9e0840522c3cfe03f7b218acec9b1c45"}]}