{"is_source_file": true, "format": "TypeScript", "description": "This file defines the application configuration for an Angular project, setting up routing, zone change detection, and client hydration.", "external_files": ["@angular/core", "./app.routes", "@angular/platform-browser"], "external_methods": ["provideZoneChangeDetection", "provideRouter", "provideClientHydration", "withEventReplay"], "published": ["appConfig"], "classes": [], "methods": [{"name": "provideZoneChangeDetection", "description": "Enables zone change detection with event coalescing."}, {"name": "provideRouter", "description": "Provides routing configuration to the application."}, {"name": "provideClientHydration", "description": "Enables client hydration with event replay functionality."}, {"name": "withEventReplay", "description": "Configures event replay for client hydration."}], "calls": ["provideZoneChangeDetection({ eventCoalescing: true })", "provideRouter(routes)", "provideClientHydration(withEventReplay())"], "search-terms": ["Angular", "ApplicationConfig", "app.config", "provideRouter", "provideClientHydration", "provideZoneChangeDetection", "client hydration", "routing configuration"], "state": 2, "file_id": 611, "knowledge_revision": 1640, "git_revision": "1aee8ed1eca8330cc765b711c43546e90b04ff39", "ctags": [{"_type": "tag", "name": "appConfig", "path": "/home/kavia/workspace/code-generation/universalinit/src/universalinit/templates/angular/src/app/app.config.ts", "pattern": "/^export const appConfig: ApplicationConfig = {$/", "language": "TypeScript", "kind": "constant"}], "hash": "ddcd5a984786347b39d244da3ac0d836", "format-version": 4, "code-base-name": "universalinit", "filename": "src/universalinit/templates/angular/src/app/app.config.ts", "revision_history": [{"1640": "1aee8ed1eca8330cc765b711c43546e90b04ff39"}]}