{"is_source_file": true, "format": "TypeScript (TSX/React-like syntax)", "description": "This file defines a Qwik component for a 'Next Steps' tutorial or guide, providing interactive instructions and handling user interactions such as keyboard events and button clicks.", "external_files": ["./next-steps.module.css"], "external_methods": ["useOnWindow", "useSignal", "component$"], "published": ["GETTING_STARTED_STEPS"], "classes": [], "methods": [{"name": "component$", "description": "Main Qwik component that renders instructions and manages state."}], "calls": ["useOnWindow", "useSignal", "component$", "$", "dangerouslySetInnerHTML"], "search-terms": ["Qwik", "next-steps", "tutorial", "interactive instructions", "useOnWindow", "useSignal", "component$", "tsx", "CSS Modules"], "state": 2, "file_id": 516, "knowledge_revision": 1539, "git_revision": "1aee8ed1eca8330cc765b711c43546e90b04ff39", "ctags": [], "hash": "634019ff1005824a1bf8998a0c2b3fb0", "format-version": 4, "code-base-name": "universalinit", "filename": "src/universalinit/templates/qwik/src/components/starter/next-steps/next-steps.tsx", "revision_history": [{"1539": "1aee8ed1eca8330cc765b711c43546e90b04ff39"}]}