{"is_source_file": true, "format": "Python", "description": "This file defines URL routing configurations for a Django project, including API schema views, Swagger and Redoc documentation pages, and admin routes.", "external_files": ["django.contrib.admin", "django.urls", "rest_framework.permissions", "drf_yasg.views", "drf_yasg.openapi", "django.views.decorators.csrf", "api.urls"], "external_methods": ["get_schema_view", "permissions.AllowAny", "csrf_exempt", "path", "include", "re_path", "get_host", "with_ui", "without_ui"], "published": ["urlpatterns", "schema_view", "get_full_url", "dynamic_schema_view"], "classes": [], "methods": [{"name": "get_full_url(request)", "description": "Constructs the full URL from the request, considering scheme, host, and forwarded port.", "scope": "", "scopeKind": ""}, {"name": "dynamic_schema_view(request, *args, **kwargs)", "description": "Generates a dynamic API schema view with a URL based on request headers, serving Swagger UI.", "scope": "", "scopeKind": ""}], "calls": ["get_schema_view", "schema_view.with_ui", "schema_view.without_ui", "get_full_url", "view.with_ui"], "search-terms": ["django URL configuration", "Swagger schema view", "Redoc documentation", "API URL patterns", "drf_yasg"], "state": 2, "file_id": 477, "knowledge_revision": 1500, "git_revision": "1aee8ed1eca8330cc765b711c43546e90b04ff39", "ctags": [{"_type": "tag", "name": "dynamic_schema_view", "path": "/home/kavia/workspace/code-generation/universalinit/src/universalinit/templates/django/config/urls.py", "pattern": "/^def dynamic_schema_view(request, *args, **kwargs):$/", "language": "Python", "kind": "function", "signature": "(request, *args, **kwargs)"}, {"_type": "tag", "name": "get_full_url", "path": "/home/kavia/workspace/code-generation/universalinit/src/universalinit/templates/django/config/urls.py", "pattern": "/^def get_full_url(request):$/", "language": "Python", "kind": "function", "signature": "(request)"}, {"_type": "tag", "name": "schema_view", "path": "/home/kavia/workspace/code-generation/universalinit/src/universalinit/templates/django/config/urls.py", "pattern": "/^schema_view = get_schema_view($/", "language": "Python", "kind": "variable"}, {"_type": "tag", "name": "urlpatterns", "path": "/home/kavia/workspace/code-generation/universalinit/src/universalinit/templates/django/config/urls.py", "pattern": "/^urlpatterns = [$/", "language": "Python", "kind": "variable"}], "hash": "482cd4ea609c28e217819d5339030112", "format-version": 4, "code-base-name": "universalinit", "filename": "src/universalinit/templates/django/config/urls.py", "fields": [{"name": "schema_view = get_schema_view(", "scope": "", "scopeKind": "", "description": "unavailable"}, {"name": "urlpatterns = [", "scope": "", "scopeKind": "", "description": "unavailable"}], "revision_history": [{"1500": "1aee8ed1eca8330cc765b711c43546e90b04ff39"}]}