{"is_source_file": false, "format": "", "description": "", "external_files": [], "external_methods": [], "published": [], "classes": [], "methods": [], "calls": [], "search-terms": [], "state": 2, "file_id": 646, "knowledge_revision": 1663, "git_revision": "1aee8ed1eca8330cc765b711c43546e90b04ff39", "hash": "ac89bfdd6de82636b7680c8b96584c96", "format-version": 4, "code-base-name": "universalinit", "filename": "src/universalinit/templates/angular/src/styles.css", "revision_history": [{"1663": "1aee8ed1eca8330cc765b711c43546e90b04ff39"}]}