{"is_source_file": false, "format": "", "description": "", "external_files": [], "external_methods": [], "published": [], "classes": [], "methods": [], "calls": [], "search-terms": [], "state": 2, "file_id": 586, "knowledge_revision": 1596, "git_revision": "1aee8ed1eca8330cc765b711c43546e90b04ff39", "hash": "56e09c7aa22ce81025ba5c161e466c3f", "format-version": 4, "code-base-name": "universalinit", "filename": "src/universalinit/templates/nativescript/App_Resources/Android/app.gradle", "revision_history": [{"1596": "1aee8ed1eca8330cc765b711c43546e90b04ff39"}]}