{"is_source_file": true, "format": "TypeScript/TSX", "description": "This file defines a Qwik component for a flower generator interface, including state management, styles, and lifecycle hooks.", "external_files": ["./flower.css?inline"], "external_methods": ["useLocation", "useStylesScoped$", "component$", "useStore", "useVisibleTask$"], "published": ["head"], "classes": [], "methods": [{"name": "component$", "description": "Defines the main Qwik component rendering the flower generator UI."}, {"name": "useVisibleTask$", "description": "Sets up lifecycle effects to handle timed state updates."}], "calls": ["useStylesScoped$(styles)", "useLocation()", "useStore({ count: 0, number: 20 })", "useVisibleTask$", "setTimeout", "clearTimeout", "setInterval", "clearInterval"], "search-terms": ["Qwik flower component", "useVisibleTask$ lifecycle", "flower CSS styling", "flower index.tsx", "flower generator UI"], "state": 2, "file_id": 628, "knowledge_revision": 1656, "git_revision": "1aee8ed1eca8330cc765b711c43546e90b04ff39", "ctags": [], "hash": "2e6a607b7754724938912b649e3138c1", "format-version": 4, "code-base-name": "universalinit", "filename": "src/universalinit/templates/qwik/src/routes/demo/flower/index.tsx", "revision_history": [{"1656": "1aee8ed1eca8330cc765b711c43546e90b04ff39"}]}