{"is_source_file": true, "format": "TypeScript", "description": "This file defines an Angular root component named AppComponent with its metadata configuration, including selector, template URL, style URL, and imported modules.", "external_files": ["./app.component.html", "./app.component.css"], "external_methods": [], "published": ["AppComponent"], "classes": [{"name": "AppComponent", "description": "The main application component acting as the root component in the Angular application."}], "methods": [{"name": "AppComponent", "description": "Constructor of the AppComponent class (implicitly default)."}], "calls": ["RouterOutlet"], "search-terms": ["Angular", "AppComponent", "component decorator", "RouterOutlet", "app.root", "TypeScript Angular component"], "state": 2, "file_id": 447, "knowledge_revision": 1468, "git_revision": "1aee8ed1eca8330cc765b711c43546e90b04ff39", "ctags": [{"_type": "tag", "name": "AppComponent", "path": "/home/kavia/workspace/code-generation/universalinit/src/universalinit/templates/angular/src/app/app.component.ts", "pattern": "/^export class AppComponent {$/", "language": "TypeScript", "kind": "class"}, {"_type": "tag", "name": "title", "path": "/home/kavia/workspace/code-generation/universalinit/src/universalinit/templates/angular/src/app/app.component.ts", "pattern": "/^  title = 'angular';$/", "language": "TypeScript", "kind": "property", "scope": "AppComponent", "scopeKind": "class"}], "hash": "2a17ec2457a7ef8b5deb107dd7a74f59", "format-version": 4, "code-base-name": "universalinit", "filename": "src/universalinit/templates/angular/src/app/app.component.ts", "fields": [{"name": "title = 'angular';", "scope": "AppComponent", "scopeKind": "class", "description": "unavailable"}], "revision_history": [{"1468": "1aee8ed1eca8330cc765b711c43546e90b04ff39"}]}