{"is_source_file": false, "format": "CSS", "description": "CSS stylesheet defining styles for a to-do list component, including layout, colors, and responsiveness.", "external_files": [], "external_methods": [], "published": [], "classes": [], "methods": [], "calls": [], "search-terms": ["todo", "todolist", "CSS styles", "responsive design", "layout"], "state": 2, "file_id": 392, "knowledge_revision": 1402, "git_revision": "1aee8ed1eca8330cc765b711c43546e90b04ff39", "hash": "4d2a7c3c731eb11914b25e8378d69a72", "format-version": 4, "code-base-name": "universalinit", "filename": "src/universalinit/templates/qwik/src/routes/demo/todolist/todolist.module.css", "revision_history": [{"1402": "1aee8ed1eca8330cc765b711c43546e90b04ff39"}]}