{"is_source_file": true, "format": "TypeScript declaration file (.d.ts)", "description": "Type declaration file for Vue environment variables, referencing types from Vite's client.", "external_files": ["vite/client"], "external_methods": [], "published": [], "classes": [], "methods": [], "calls": [], "search-terms": ["vue", "env", "vite", "d.ts", "env.d.ts", "typescript", "templates", "environment"], "state": 2, "file_id": 669, "knowledge_revision": 1689, "git_revision": "1aee8ed1eca8330cc765b711c43546e90b04ff39", "ctags": [], "hash": "0352474ba2918efe13895edbc3780d94", "format-version": 4, "code-base-name": "universalinit", "filename": "src/universalinit/templates/vue/env.d.ts", "revision_history": [{"1689": "1aee8ed1eca8330cc765b711c43546e90b04ff39"}]}