{"is_source_file": true, "format": "TypeScript", "description": "This file defines the application's routing configuration for an Angular project.", "external_files": ["@angular/router"], "external_methods": [], "published": ["routes"], "classes": [], "methods": [], "calls": [], "search-terms": ["app.routes.ts", "Angular", "Routes", "routing configuration"], "state": 2, "file_id": 581, "knowledge_revision": 1601, "git_revision": "1aee8ed1eca8330cc765b711c43546e90b04ff39", "ctags": [{"_type": "tag", "name": "routes", "path": "/home/kavia/workspace/code-generation/universalinit/src/universalinit/templates/angular/src/app/app.routes.ts", "pattern": "/^export const routes: Routes = [];$/", "language": "TypeScript", "kind": "constant"}], "hash": "9e82134f3e41732656270447c4c872fe", "format-version": 4, "code-base-name": "universalinit", "filename": "src/universalinit/templates/angular/src/app/app.routes.ts", "revision_history": [{"1601": "1aee8ed1eca8330cc765b711c43546e90b04ff39"}]}