{"is_source_file": false, "format": "", "description": "", "external_files": [], "external_methods": [], "published": [], "classes": [], "methods": [], "calls": [], "search-terms": [], "state": 2, "file_id": 513, "knowledge_revision": 1529, "git_revision": "1aee8ed1eca8330cc765b711c43546e90b04ff39", "hash": "d7e250ad2c043b1e1dea9d50ff570b40", "format-version": 4, "code-base-name": "universalinit", "filename": "src/universalinit/templates/lightningjs/docs/router_hooks.md", "revision_history": [{"1529": "1aee8ed1eca8330cc765b711c43546e90b04ff39"}]}