{"is_source_file": true, "format": "JavaScript", "description": "This file initializes a NativeScript application by importing the Application module from '@nativescript/core' and running it with a specified module name 'app-root'. It includes a comment advising not to place code after application startup.", "external_files": ["@nativescript/core"], "external_methods": ["Application.run"], "published": ["Application"], "classes": [], "methods": ["Application.run"], "calls": ["Application.run"], "search-terms": ["nativescript", "Application", "app-root", "app.js", "native mobile app"], "state": 2, "file_id": 422, "knowledge_revision": 1449, "git_revision": "1aee8ed1eca8330cc765b711c43546e90b04ff39", "ctags": [], "hash": "651c6580578790950f7163c3c93eae5c", "format-version": 4, "code-base-name": "universalinit", "filename": "src/universalinit/templates/nativescript/app/app.js", "revision_history": [{"1449": "1aee8ed1eca8330cc765b711c43546e90b04ff39"}]}