{"is_source_file": true, "format": "TypeScript (TSX JSX syntax)", "description": "This file defines the root component of a Qwik framework application, setting up the main providers, head, and body structure for a QwikCity site.", "external_files": ["@builder.io/qwik", "@builder.io/qwik", "@builder.io/qwik-city", "./components/router-head/router-head", "./global.css"], "external_methods": ["component$", "isDev"], "published": [], "classes": [], "methods": [{"name": "default", "description": "Exports a default Qwik component that renders the application's root structure, including head elements and main outlet."}], "calls": ["component$", "isDev", "QwikCityProvider", "RouterHead", "ServiceWorkerRegister", "RouterOutlet"], "search-terms": ["QwikCityProvider", "RouterHead", "ServiceWorkerRegister", "component$", "head", "body", "root component"], "state": 2, "file_id": 400, "knowledge_revision": 1427, "git_revision": "1aee8ed1eca8330cc765b711c43546e90b04ff39", "ctags": [], "hash": "9bbf0df29be90ef336ed559eb7c371c7", "format-version": 4, "code-base-name": "universalinit", "filename": "src/universalinit/templates/qwik/src/root.tsx", "revision_history": [{"1427": "1aee8ed1eca8330cc765b711c43546e90b04ff39"}]}