{"is_source_file": true, "format": "TypeScript", "description": "This file sets up testing environment configurations for Svelte projects using Vitest. It imports testing utilities and mocks browser APIs such as matchMedia for components relying on media queries during tests.", "external_files": ["@testing-library/jest-dom/vitest", "vitest"], "external_methods": ["vi.fn()", "Object.defineProperty"], "published": [], "classes": [], "methods": [{"name": "matchMedia mock", "description": "Mocks the window.matchMedia function for testing environments where media query evaluation is needed."}], "calls": ["import '@testing-library/jest-dom/vitest'", "import { vi } from 'vitest'", "Object.defineProperty(window, 'matchMedia', { ... })"], "search-terms": ["vitest-setup-client", "matchMedia mocking", "svelte testing setup", "window matchMedia mock", "Vitest test initialization"], "state": 2, "file_id": 637, "knowledge_revision": 1659, "git_revision": "1aee8ed1eca8330cc765b711c43546e90b04ff39", "ctags": [], "hash": "b7bf9deeb7ba165ebe85a32fe6ac036e", "format-version": 4, "code-base-name": "universalinit", "filename": "src/universalinit/templates/svelte/vitest-setup-client.ts", "revision_history": [{"1659": "1aee8ed1eca8330cc765b711c43546e90b04ff39"}]}