{"is_source_file": true, "format": "TypeScript/TSX", "description": "A React component file for a Remix app route; defines a page with metadata and a UI featuring resources links with icons.", "external_files": ["@remix-run/node"], "external_methods": ["MetaFunction"], "published": ["meta"], "classes": [], "methods": [{"name": "Index", "description": "React functional component rendering the index page with welcome message and resource links."}], "calls": ["meta", "Index"], "search-terms": ["remix", "TypeScript", "React", "index page", "resources array", "MetaFunction", "page metadata", "UI components"], "state": 2, "file_id": 554, "knowledge_revision": 1579, "git_revision": "1aee8ed1eca8330cc765b711c43546e90b04ff39", "ctags": [], "hash": "6d28052a030fa0277aebc7c4bb572511", "format-version": 4, "code-base-name": "universalinit", "filename": "src/universalinit/templates/remix/app/routes/_index.tsx", "revision_history": [{"1579": "1aee8ed1eca8330cc765b711c43546e90b04ff39"}]}