{"is_source_file": true, "format": "TypeScript/TSX", "description": "A React functional component for rendering an animated logo using the Remotion library, with dependencies on external components such as Arc and Atom, as well as schema validation with zod.", "external_files": ["./Arc", "./Atom"], "external_methods": ["useVideoConfig", "useCurrentFrame", "spring", "interpolate"], "published": ["myCompSchema2", "Logo"], "classes": [], "methods": [{"name": "Logo", "description": "A React functional component that creates animated logo visuals using parameters and effects from Remotion, with transformation and rotations."}], "calls": ["useVideoConfig", "useCurrentFrame", "spring", "interpolate", "Arc", "Atom"], "search-terms": ["Remotion", "Logo", "React.FC", "animation", "Arc", "Atom", "zod", "zColor", "spring", "interpolate"], "state": 2, "file_id": 380, "knowledge_revision": 1402, "git_revision": "1aee8ed1eca8330cc765b711c43546e90b04ff39", "ctags": [], "hash": "da067dd9634b1290d01907f36ef18835", "format-version": 4, "code-base-name": "universalinit", "filename": "src/universalinit/templates/remotion/src/HelloWorld/Logo.tsx", "revision_history": [{"1402": "1aee8ed1eca8330cc765b711c43546e90b04ff39"}]}