{"is_source_file": true, "format": "TypeScript", "description": "This file sets up server-specific configuration for an Angular application, merging general application configuration with server rendering providers.", "external_files": ["@angular/core", "@angular/platform-server", "./app.config"], "external_methods": ["mergeApplicationConfig", "provideServerRendering"], "published": ["config"], "classes": [], "methods": [{"name": "mergeApplicationConfig", "description": "Merges general application configuration with additional configuration, specifically for server environment."}, {"name": "provideServerRendering", "description": "Provides server rendering capabilities for Angular Universal during server-side rendering."}], "calls": ["provideServerRendering()", "mergeApplicationConfig(appConfig, serverConfig)"], "search-terms": ["Angular server config", "app.config", "Angular Universal", "server-side rendering", "application configuration"], "state": 2, "file_id": 450, "knowledge_revision": 1474, "git_revision": "1aee8ed1eca8330cc765b711c43546e90b04ff39", "ctags": [{"_type": "tag", "name": "config", "path": "/home/kavia/workspace/code-generation/universalinit/src/universalinit/templates/angular/src/app/app.config.server.ts", "pattern": "/^export const config = mergeApplicationConfig(appConfig, serverConfig);$/", "language": "TypeScript", "kind": "constant"}, {"_type": "tag", "name": "serverConfig", "path": "/home/kavia/workspace/code-generation/universalinit/src/universalinit/templates/angular/src/app/app.config.server.ts", "pattern": "/^const serverConfig: ApplicationConfig = {$/", "language": "TypeScript", "kind": "constant"}], "hash": "9fcafd12104018b7fb74bad3e42a1977", "format-version": 4, "code-base-name": "universalinit", "filename": "src/universalinit/templates/angular/src/app/app.config.server.ts", "revision_history": [{"1474": "1aee8ed1eca8330cc765b711c43546e90b04ff39"}]}