{"is_source_file": true, "format": "bash", "description": "A shell script to initialize, start, and configure a MySQL server instance with checks for existing instances, authentication setup, database creation, user permissions, and environment setup.", "external_files": ["/var/run/mysqld/mysqld.sock", "db_connection.txt", "db_visualizer/mysql.env"], "external_methods": ["sudo mysqladmin ping", "sudo mysql --socket=/var/run/mysqld/mysqld.sock -e", "pgrep -f \"mysqld.*--port=${DB_PORT}\"", "sudo mysql --socket=/var/run/mysqld/mysqld.sock -e", "sudo mysqladmin shutdown --socket=/var/run/mysqld/mysqld.sock", "sudo mysqld --initialize-insecure", "sudo mysqld", "sudo mysql --socket=/var/run/mysqld/mysqld.sock"], "published": ["DB_NAME", "DB_USER", "DB_PASSWORD", "DB_PORT"], "classes": [], "methods": [], "calls": ["sudo mysqladmin ping", "sudo mysql --socket=/var/run/mysqld/mysqld.sock -e \"USE ${DB_NAME};\"", "pgrep -f \"mysqld.*--port=${DB_PORT}\"", "mysql -u root -p${DB_PASSWORD} -h 127.0.0.1 -P ${DB_PORT} -e \"SELECT 1;\"", "sudo mysql --socket=/var/run/mysqld/mysqld.sock << EOF ... EOF", "sudo mysql --socket=/var/run/mysqld/mysqld.sock -e \"SHOW VARIABLES LIKE 'port';\""], "search-terms": ["startup.sh", "MySQL setup script", "MySQL initialization", "MySQL start and config", "MySQL port check", "MySQL user creation"], "state": 2, "file_id": 623, "knowledge_revision": 1645, "git_revision": "1aee8ed1eca8330cc765b711c43546e90b04ff39", "hash": "ee15961aa0bd2f6ec7099cb4bae5cc4d", "format-version": 4, "code-base-name": "universalinit", "filename": "src/universalinit/templates/mysql/startup.sh", "revision_history": [{"1645": "1aee8ed1eca8330cc765b711c43546e90b04ff39"}]}