{"is_source_file": true, "format": "Python", "description": "Django admin configuration file for registering models with the admin interface.", "external_files": ["django.contrib"], "external_methods": [], "published": [], "classes": [], "methods": [], "calls": [], "search-terms": ["django", "admin", "register models", "admin.py", "django.contrib"], "state": 2, "file_id": 491, "knowledge_revision": 1506, "git_revision": "1aee8ed1eca8330cc765b711c43546e90b04ff39", "ctags": [], "hash": "e3dc717de887db03a015667a5fec59d8", "format-version": 4, "code-base-name": "universalinit", "filename": "src/universalinit/templates/django/api/admin.py", "revision_history": [{"1506": "1aee8ed1eca8330cc765b711c43546e90b04ff39"}]}