{"is_source_file": true, "format": "JavaScript", "description": "This file defines a Lightning JS component called 'Home', which constructs a page layout with animations, components, and hooks for transitions and interactions.", "external_files": ["@lightningjs/blits", "../components/Loader.js", "../components/Button.js"], "external_methods": ["$setTimeout", "$setInterval", "$select"], "published": [], "classes": [{"name": "Home", "description": "A Lightning JS component representing the Home page layout with components, state, hooks, and methods."}], "methods": [{"name": "rotateColors", "description": "Cycles through a list of colors to update the component's color property at specified intervals."}], "calls": ["this.rotateColors", "$setTimeout", "$setInterval", "$select"], "search-terms": ["LightningJS", "Home component", "Lightning blits", "Home page layout", "component transitions", "loader", "button"], "state": 2, "file_id": 248, "knowledge_revision": 656, "git_revision": "18ab7c891eded4b725fd9cb032850e7403a7c4bd", "ctags": [{"_type": "tag", "name": "colors", "path": "/home/kavia/workspace/code-generation/universalinit/src/universalinit/templates/lightningjs/src/pages/Home.js", "pattern": "/^const colors = ['#f5f3ff', '#ede9fe', '#ddd6fe', '#c4b5fd', '#a78bfa']$/", "language": "JavaScript", "kind": "constant"}], "hash": "26a944e344bdf4adc32f5fef7345bff7", "format-version": 4, "code-base-name": "universalinit", "filename": "src/universalinit/templates/lightningjs/src/pages/Home.js", "revision_history": [{"656": "18ab7c891eded4b725fd9cb032850e7403a7c4bd"}]}