{"is_source_file": false, "format": "", "description": "", "external_files": [], "external_methods": [], "published": [], "classes": [], "methods": [], "calls": [], "search-terms": [], "state": 2, "file_id": 100, "knowledge_revision": 489, "git_revision": "2547b026025b8dc0b99c9b87fbfa5dcd77345b91", "hash": "fac28944971a4d079f85a1d16c3a0504", "format-version": 4, "code-base-name": "universalinit", "filename": "src/universalinit/templates/slidev/vercel.json", "revision_history": [{"489": "2547b026025b8dc0b99c9b87fbfa5dcd77345b91"}]}