{"is_source_file": false, "format": "", "description": "", "external_files": [], "external_methods": [], "published": [], "classes": [], "methods": [], "calls": [], "search-terms": [], "state": 2, "file_id": 529, "knowledge_revision": 1536, "git_revision": "1aee8ed1eca8330cc765b711c43546e90b04ff39", "hash": "6045fbadb189e01a808ff3519512d8d7", "format-version": 4, "code-base-name": "universalinit", "filename": "src/universalinit/templates/angular/eslint.config.mjs", "revision_history": [{"1536": "1aee8ed1eca8330cc765b711c43546e90b04ff39"}]}