{"is_source_file": true, "format": "JavaScript", "description": "This file defines a function 'setupCounter' that initializes a counter on a DOM element and sets up an event listener to increment the counter on click, updating the element's inner HTML accordingly.", "external_files": [], "external_methods": [], "published": ["setupCounter"], "classes": [], "methods": [{"name": "setupCounter(element)", "description": "Initializes a counter on a DOM element, sets up a click event listener to increment the counter and update the DOM.", "scope": "", "scopeKind": ""}], "calls": ["element.addEventListener"], "search-terms": ["counter", "setupCounter", "click event", "increment"], "state": 2, "file_id": 329, "knowledge_revision": 735, "git_revision": "c58b48a41150d39560a3fe241e457ff7f0b96262", "ctags": [{"_type": "tag", "name": "setupCounter", "path": "/home/kavia/workspace/code-generation/universalinit/src/universalinit/templates/vite/src/counter.js", "pattern": "/^export function setupCounter(element) {$/", "language": "JavaScript", "kind": "function", "signature": "(element)"}], "hash": "2ac86fab0c68ff8890db658663b5b7f5", "format-version": 4, "code-base-name": "universalinit", "filename": "src/universalinit/templates/vite/src/counter.js", "revision_history": [{"735": "c58b48a41150d39560a3fe241e457ff7f0b96262"}]}