{"is_source_file": true, "format": "HTML", "description": "This is an HTML file rendering a web-based Database Viewer interface, including styles, layout, and embedded JavaScript for fetching and displaying database information such as database list, tables, and data.", "external_files": [], "external_methods": [], "published": [], "classes": [], "methods": [], "calls": ["fetch", "refreshDatabases", "loadDatabases", "toggleDatabase", "loadTables", "loadTableData", "renderTable", "renderCell", "expandCell"], "search-terms": ["DatabaseViewer", "index.html", "db-list", "loadDatabases", "fetchData", "TablesList", "TableData", "renderTable", "expandCell", "interactive table"], "state": 2, "file_id": 344, "knowledge_revision": 1356, "git_revision": "1aee8ed1eca8330cc765b711c43546e90b04ff39", "hash": "ee63333a4841bf025439c755a74c9881", "format-version": 4, "code-base-name": "universalinit", "filename": "src/universalinit/common/db_visualizer/public/index.html", "revision_history": [{"1356": "1aee8ed1eca8330cc765b711c43546e90b04ff39"}]}