{"is_source_file": true, "format": "JavaScript Module (ESM)", "description": "Configuration file for ESLint tailored for TypeScript projects, specifying recommended rules, ignore patterns, parser options, plugins, and custom rules.", "external_files": ["@eslint/js", "@typescript-eslint/eslint-plugin", "@typescript-eslint/parser"], "external_methods": [], "published": [], "classes": [], "methods": [], "calls": ["js.configs.recommended", "tseslint", "tsParser"], "search-terms": ["eslint", "typescript", "eslint.config.mjs", "ESLint configuration", "TypeScript ESLint plugin", "parser options", "ignore patterns"], "state": 2, "file_id": 661, "knowledge_revision": 1675, "git_revision": "1aee8ed1eca8330cc765b711c43546e90b04ff39", "hash": "e07c5093c78842a4ba4667fc4b86ccee", "format-version": 4, "code-base-name": "universalinit", "filename": "src/universalinit/templates/typescript/eslint.config.mjs", "revision_history": [{"1675": "1aee8ed1eca8330cc765b711c43546e90b04ff39"}]}