{"is_source_file": true, "format": "TypeScript/TSX", "description": "This file defines a React functional component 'RemotionRoot' that sets up video compositions for rendering with Remotion. It imports components and schemas, and assembles Composition elements with specific configurations.", "external_files": ["./HelloWorld", "./HelloWorld/Logo"], "external_methods": ["remotion.Composition"], "published": [], "classes": [], "methods": [{"name": "RemotionRoot", "description": "React functional component that renders a set of remotion Composition elements for video rendering."}], "calls": ["remotion.Composition", "React.FC"], "search-terms": ["RemotionRoot", "Composition", "HelloWorld", "Logo", "schema", "defaultProps"], "state": 2, "file_id": 576, "knowledge_revision": 1601, "git_revision": "1aee8ed1eca8330cc765b711c43546e90b04ff39", "ctags": [], "hash": "e7dd365e19e3e2c921953e942d5e0cad", "format-version": 4, "code-base-name": "universalinit", "filename": "src/universalinit/templates/remotion/src/Root.tsx", "revision_history": [{"1601": "1aee8ed1eca8330cc765b711c43546e90b04ff39"}]}