{"is_source_file": true, "format": "TypeScript", "description": "This file serves as the main entry point for a web project using Vite and TypeScript. It imports style assets, images, and a function to setup a counter, then populates the HTML document with the UI layout and initializes a counter button.", "external_files": ["./style.css", "./typescript.svg", "/vite.svg", "./counter.ts"], "external_methods": ["setupCounter"], "published": [], "classes": [], "methods": [{"name": "setupCounter", "description": "Initializes a counter button element, setting up its event handling (definition not present in this file)."}], "calls": ["document.querySelector", "setupCounter"], "search-terms": ["main.ts", "Vite", "TypeScript project entry", "counter setup", "assets imports"], "state": 2, "file_id": 539, "knowledge_revision": 1564, "git_revision": "1aee8ed1eca8330cc765b711c43546e90b04ff39", "ctags": [], "hash": "9ae7fb6d204e0434b836ab83915f60d0", "format-version": 4, "code-base-name": "universalinit", "filename": "src/universalinit/templates/typescript/src/main.ts", "revision_history": [{"1564": "1aee8ed1eca8330cc765b711c43546e90b04ff39"}]}