{"is_source_file": true, "format": "JavaScript", "description": "Main module script for a Vite-based web application, setting up the HTML content with logos, a header, and a counter button, and initializing the counter functionality.", "external_files": ["./style.css", "./counter.js", "/vite.svg", "./javascript.svg"], "external_methods": ["setupCounter"], "published": [], "classes": [], "methods": [{"name": "setupCounter", "description": "Initializes a counter feature and binds it to the DOM element with id 'counter'."}], "calls": ["setupCounter"], "search-terms": ["main.js", "Vite", "setupCounter", "JavaScript module", "initialization"], "state": 2, "file_id": 673, "knowledge_revision": 1691, "git_revision": "1aee8ed1eca8330cc765b711c43546e90b04ff39", "ctags": [], "hash": "de692c7004bd5381710c3a0b68a7bb3e", "format-version": 4, "code-base-name": "universalinit", "filename": "src/universalinit/templates/vite/src/main.js", "revision_history": [{"1691": "1aee8ed1eca8330cc765b711c43546e90b04ff39"}]}