{"is_source_file": true, "format": "JavaScript Module (ESM)", "description": "This file configures ESLint settings for a project, including recommended rules, TypeScript support, and specific rules for JavaScript and TypeScript files.", "external_files": ["@eslint/js", "globals", "typescript-eslint"], "external_methods": [], "published": [], "classes": [], "methods": [{"name": "default", "description": "Exports the ESLint configuration array, defining rules and settings for different file types."}], "calls": ["js.configs.recommended", "...tseslint.configs.recommended"], "search-terms": ["eslint", "eslint.config.mjs", "typescript-eslint", "ESLint configuration", "ESLint rules", "Node globals", "browser globals", "recommended ESLint configs"], "state": 2, "file_id": 502, "knowledge_revision": 1514, "git_revision": "1aee8ed1eca8330cc765b711c43546e90b04ff39", "hash": "6bbf88a99fa9b1a0d3b508e69c6e2f4f", "format-version": 4, "code-base-name": "universalinit", "filename": "src/universalinit/templates/nuxt/eslint.config.mjs", "revision_history": [{"1514": "1aee8ed1eca8330cc765b711c43546e90b04ff39"}]}