{"is_source_file": false, "format": "", "description": "", "external_files": [], "external_methods": [], "published": [], "classes": [], "methods": [], "calls": [], "search-terms": [], "state": 2, "file_id": 527, "knowledge_revision": 1536, "git_revision": "1aee8ed1eca8330cc765b711c43546e90b04ff39", "hash": "7af5c4402fa48ecd646e40aa856287da", "format-version": 4, "code-base-name": "universalinit", "filename": "src/universalinit/templates/nativescript/package.json", "revision_history": [{"1536": "1aee8ed1eca8330cc765b711c43546e90b04ff39"}]}