{"is_source_file": true, "format": "Python", "description": "This source file generates an OpenAPI schema from a FastAPI application and writes it to a JSON file.", "external_files": ["interfaces/openapi.json"], "external_methods": ["app.openapi()"], "published": [], "classes": [], "methods": [{"name": "app.openapi", "description": "Method to generate the OpenAPI schema from the FastAPI app instance."}], "calls": ["app.openapi", "os.makedirs", "os.path.join", "json.dump"], "search-terms": ["FastAPI", "openapi", "generate_openapi", "json", "schema", "write file"], "state": 2, "file_id": 585, "knowledge_revision": 1603, "git_revision": "1aee8ed1eca8330cc765b711c43546e90b04ff39", "ctags": [{"_type": "tag", "name": "openapi_schema", "path": "/home/kavia/workspace/code-generation/universalinit/src/universalinit/templates/fastapi/src/api/generate_openapi.py", "pattern": "/^openapi_schema = app.openapi()$/", "language": "Python", "kind": "variable"}, {"_type": "tag", "name": "output_dir", "path": "/home/kavia/workspace/code-generation/universalinit/src/universalinit/templates/fastapi/src/api/generate_openapi.py", "pattern": "/^output_dir = \"interfaces\"$/", "language": "Python", "kind": "variable"}, {"_type": "tag", "name": "output_path", "path": "/home/kavia/workspace/code-generation/universalinit/src/universalinit/templates/fastapi/src/api/generate_openapi.py", "pattern": "/^output_path = os.path.join(output_dir, \"openapi.json\")$/", "language": "Python", "kind": "variable"}], "hash": "61e3715e79bc397fab3e70f503a41417", "format-version": 4, "code-base-name": "universalinit", "filename": "src/universalinit/templates/fastapi/src/api/generate_openapi.py", "fields": [{"name": "openapi_schema = app.openapi()", "scope": "", "scopeKind": "", "description": "unavailable"}, {"name": "output_dir = \"interfaces\"", "scope": "", "scopeKind": "", "description": "unavailable"}, {"name": "output_path = os.path.join(output_dir, \"openapi.json\")", "scope": "", "scopeKind": "", "description": "unavailable"}], "revision_history": [{"1603": "1aee8ed1eca8330cc765b711c43546e90b04ff39"}]}