{"is_source_file": true, "format": "TypeScript", "description": "This file defines configuration export statements for a SvelteKit route, specifically indicating whether client-side rendering is enabled and whether the page should be pre-rendered as a static asset.", "external_files": ["$app/environment"], "external_methods": ["dev"], "published": ["csr", "prerender"], "classes": [], "methods": [], "calls": ["$app/environment.dev"], "search-terms": ["svelte", "route", "prerender", "client-side rendering", "TypeScript", "about page", "static asset"], "state": 2, "file_id": 633, "knowledge_revision": 1655, "git_revision": "1aee8ed1eca8330cc765b711c43546e90b04ff39", "ctags": [{"_type": "tag", "name": "csr", "path": "/home/kavia/workspace/code-generation/universalinit/src/universalinit/templates/svelte/src/routes/about/+page.ts", "pattern": "/^export const csr = dev;$/", "language": "TypeScript", "kind": "constant"}, {"_type": "tag", "name": "prerender", "path": "/home/kavia/workspace/code-generation/universalinit/src/universalinit/templates/svelte/src/routes/about/+page.ts", "pattern": "/^export const prerender = true;$/", "language": "TypeScript", "kind": "constant"}], "hash": "758500614a714f43a32f7a3169886b42", "format-version": 4, "code-base-name": "universalinit", "filename": "src/universalinit/templates/svelte/src/routes/about/+page.ts", "revision_history": [{"1655": "1aee8ed1eca8330cc765b711c43546e90b04ff39"}]}