{"is_source_file": true, "format": "Python", "description": "Django models.py file for defining database models in the API component of the project.", "external_files": ["django/django.db"], "external_methods": [], "published": ["models"], "classes": [], "methods": [], "calls": [], "search-terms": ["django", "models", "api", "database", "models.py"], "state": 2, "file_id": 537, "knowledge_revision": 1557, "git_revision": "1aee8ed1eca8330cc765b711c43546e90b04ff39", "ctags": [], "hash": "8c4eb991c6dca757bdd77f539092e29b", "format-version": 4, "code-base-name": "universalinit", "filename": "src/universalinit/templates/django/api/models.py", "revision_history": [{"1557": "1aee8ed1eca8330cc765b711c43546e90b04ff39"}]}