{"is_source_file": true, "format": "TypeScript (TSX)", "description": "This file defines a React functional component 'Title' used for rendering animated title text in a Remotion video project. It utilizes React, Remotion hooks, and inline styles to animate individual words with scaling effects based on video frames.", "external_files": ["./constants"], "external_methods": ["spring", "useCurrentFrame", "useVideoConfig"], "published": ["Title"], "classes": [], "methods": [{"name": "Title", "description": "React functional component that renders a stylized, animated title text with per-word scaling animation based on video frame timing."}], "calls": ["useVideoConfig()", "useCurrentFrame()", "spring()"], "search-terms": ["Title", "remotion", "animation", "React", "spring", "titleText", "word split", "scale animation"], "state": 2, "file_id": 472, "knowledge_revision": 1494, "git_revision": "1aee8ed1eca8330cc765b711c43546e90b04ff39", "ctags": [], "hash": "c4d50786934a65d475e056772bf0c33f", "format-version": 4, "code-base-name": "universalinit", "filename": "src/universalinit/templates/remotion/src/HelloWorld/Title.tsx", "revision_history": [{"1494": "1aee8ed1eca8330cc765b711c43546e90b04ff39"}]}