{"is_source_file": false, "format": "", "description": "", "external_files": [], "external_methods": [], "published": [], "classes": [], "methods": [], "calls": [], "search-terms": [], "state": 2, "file_id": 466, "knowledge_revision": 1477, "git_revision": "1aee8ed1eca8330cc765b711c43546e90b04ff39", "hash": "3f6f307b4667ea8d1bdf4dd68b5838bd", "format-version": 4, "code-base-name": "universalinit", "filename": "src/universalinit/templates/vite/tsconfig.json", "revision_history": [{"1477": "1aee8ed1eca8330cc765b711c43546e90b04ff39"}]}