{"is_source_file": true, "format": "Python", "description": "This file configures URL routing for a Django project, including API schema views and documentation endpoints. It defines URL patterns, imports necessary modules, and sets up schema views for Swagger and Redoc documentation interfaces.", "external_files": ["django.contrib.admin", "django.urls", "rest_framework.permissions", "drf_yasg.views", "drf_yasg.openapi", "django.views.decorators.csrf", "api.urls"], "external_methods": ["django.contrib.admin.site.urls", "django.urls.path", "django.urls.include", "django.urls.re_path", "permissions.AllowAny", "get_schema_view", "openapi.Info", "csrf_exempt"], "published": [], "classes": [{"name": "None", "description": "No class definitions; primarily function and configuration setup."}], "methods": [{"name": "get_full_url(request)", "description": "Constructs the full URL for the incoming request, considering forwarded ports.", "scope": "", "scopeKind": ""}, {"name": "dynamic_schema_view(request, *args, **kwargs)", "description": "Creates and returns a dynamic Swagger UI view for API documentation, using the request URL.", "scope": "", "scopeKind": ""}], "calls": ["django.contrib.admin.site.urls", "django.urls.path", "django.urls.include", "django.urls.re_path", "get_schema_view", "openapi.Info", "permissions.AllowAny", "get_schema_view", "get_schema_view.with_ui", "get_schema_view.without_ui"], "search-terms": ["url patterns", "schema_view", "re_path", "rest_framework", "drf_yasg", "swagger", "redoc", "csrf_exempt", "get_full_url"], "state": 2, "file_id": 599, "knowledge_revision": 1629, "git_revision": "1aee8ed1eca8330cc765b711c43546e90b04ff39", "ctags": [{"_type": "tag", "name": "dynamic_schema_view", "path": "/home/kavia/workspace/code-generation/universalinit/src/universalinit/templates/django/config/urls.py", "pattern": "/^def dynamic_schema_view(request, *args, **kwargs):$/", "language": "Python", "kind": "function", "signature": "(request, *args, **kwargs)"}, {"_type": "tag", "name": "get_full_url", "path": "/home/kavia/workspace/code-generation/universalinit/src/universalinit/templates/django/config/urls.py", "pattern": "/^def get_full_url(request):$/", "language": "Python", "kind": "function", "signature": "(request)"}, {"_type": "tag", "name": "schema_view", "path": "/home/kavia/workspace/code-generation/universalinit/src/universalinit/templates/django/config/urls.py", "pattern": "/^schema_view = get_schema_view($/", "language": "Python", "kind": "variable"}, {"_type": "tag", "name": "urlpatterns", "path": "/home/kavia/workspace/code-generation/universalinit/src/universalinit/templates/django/config/urls.py", "pattern": "/^urlpatterns = [$/", "language": "Python", "kind": "variable"}], "hash": "482cd4ea609c28e217819d5339030112", "format-version": 4, "code-base-name": "universalinit", "filename": "src/universalinit/templates/django/config/urls.py", "fields": [{"name": "schema_view = get_schema_view(", "scope": "", "scopeKind": "", "description": "unavailable"}, {"name": "urlpatterns = [", "scope": "", "scopeKind": "", "description": "unavailable"}], "revision_history": [{"1629": "1aee8ed1eca8330cc765b711c43546e90b04ff39"}]}