{"is_source_file": false, "format": "", "description": "", "external_files": [], "external_methods": [], "published": [], "classes": [], "methods": [], "calls": [], "search-terms": [], "state": 2, "file_id": 339, "knowledge_revision": 1355, "git_revision": "1aee8ed1eca8330cc765b711c43546e90b04ff39", "hash": "65861e0a9abf87bc033e036ad6f94e53", "format-version": 4, "code-base-name": "universalinit", "filename": "src/universalinit/templates/remotion/README.md", "revision_history": [{"1355": "1aee8ed1eca8330cc765b711c43546e90b04ff39"}]}