{"is_source_file": false, "format": "", "description": "", "external_files": [], "external_methods": [], "published": [], "classes": [], "methods": [], "calls": [], "search-terms": [], "state": 2, "file_id": 547, "knowledge_revision": 1559, "git_revision": "1aee8ed1eca8330cc765b711c43546e90b04ff39", "hash": "6ccdd9312d55f735f144e7069fd59861", "format-version": 4, "code-base-name": "universalinit", "filename": "src/universalinit/templates/qwik/src/components/starter/hero/hero.module.css", "revision_history": [{"1559": "1aee8ed1eca8330cc765b711c43546e90b04ff39"}]}