{"is_source_file": true, "format": "TypeScript", "description": "Configuration file for ESLint setup in a Vue.js project using TypeScript, Vitest, and Prettier integrations.", "external_files": ["eslint-plugin-vue", "@vue/eslint-config-typescript", "@vitest/eslint-plugin", "@vue/eslint-config-prettier/skip-formatting"], "external_methods": [], "published": [], "classes": [], "methods": [{"name": "defineConfigWithVueTs", "description": "Function to define ESLint configuration with Vue and TypeScript support."}], "calls": ["defineConfigWithVueTs"], "search-terms": ["eslint-config", "vue", "typescript", "vitest", "prettier", "eslint-plugin-vue", "@vue/eslint-config-typescript", "eslint.config.ts"], "state": 2, "file_id": 594, "knowledge_revision": 1620, "git_revision": "1aee8ed1eca8330cc765b711c43546e90b04ff39", "ctags": [], "hash": "e25c340ceed14d09bdaf1f13a69b34bc", "format-version": 4, "code-base-name": "universalinit", "filename": "src/universalinit/templates/vue/eslint.config.ts", "revision_history": [{"1620": "1aee8ed1eca8330cc765b711c43546e90b04ff39"}]}