{"is_source_file": true, "format": "TSX (TypeScript with JSX)", "description": "This file defines a Qwik component for rendering a footer with a server time. It imports styling and hooks, and exports a default component that displays a link with server time info.", "external_files": ["../../../routes/layout", "./footer.module.css"], "external_methods": ["useServerTimeLoader"], "published": [], "classes": [], "methods": [{"name": "default", "description": "The default exported Qwik component rendering the footer."}], "calls": ["component$", "useServerTimeLoader"], "search-terms": ["Qwik", "footer", "server time", "tsx", "component", "footer.module.css"], "state": 2, "file_id": 573, "knowledge_revision": 1593, "git_revision": "1aee8ed1eca8330cc765b711c43546e90b04ff39", "ctags": [], "hash": "5e83eb5470cf84aff350a45599f1b87a", "format-version": 4, "code-base-name": "universalinit", "filename": "src/universalinit/templates/qwik/src/components/starter/footer/footer.tsx", "revision_history": [{"1593": "1aee8ed1eca8330cc765b711c43546e90b04ff39"}]}