{"is_source_file": true, "file_id": 650, "git_revision": "1aee8ed1eca8330cc765b711c43546e90b04ff39", "state": 1, "description": "", "external_files": [], "external_methods": [], "published": [], "classes": [], "methods": [], "calls": [], "search-terms": [], "ctags": [{"_type": "tag", "name": "TEMPLATE_MAP", "path": "/home/kavia/workspace/code-generation/universalinit/src/universalinit/templates.py", "pattern": "/^TEMPLATE_MAP = {$/", "language": "Python", "kind": "variable"}], "format": "Python", "hash": "fb4a8316bb2de64afa0b8a76b6d5471b", "format-version": 4, "code-base-name": "universalinit", "filename": "src/universalinit/templates.py", "knowledge_revision": 1322}