{"is_source_file": true, "format": "JavaScript", "description": "JavaScript source file defining a LightningJS application with routing, importing components and using the LightningJS framework.", "external_files": ["@lightningjs/blits", "./pages/Home.js"], "external_methods": [], "published": [], "classes": [], "methods": [], "calls": ["Blits.Application"], "search-terms": ["LightningJS", "Blits", "Application", "routes", "Home", "lightningjs"], "state": 2, "file_id": 431, "knowledge_revision": 1470, "git_revision": "1aee8ed1eca8330cc765b711c43546e90b04ff39", "ctags": [], "hash": "66daaf3cceacf6fd07b03dd071a9a5de", "format-version": 4, "code-base-name": "universalinit", "filename": "src/universalinit/templates/lightningjs/src/App.js", "revision_history": [{"1470": "1aee8ed1eca8330cc765b711c43546e90b04ff39"}]}