{"is_source_file": true, "format": "bash", "description": "A shell script to initialize a new Android project with customizable SDK versions and project structure.", "external_files": ["gradle/wrapper/gradle-wrapper.jar"], "external_methods": [], "published": ["PROJECT_NAME", "PACKAGE_NAME", "MIN_SDK", "TARGET_SDK", "COMPILE_SDK", "GRADLE_VERSION"], "classes": [], "methods": [], "calls": ["echo", "mkdir", "base64", "sed", "cat", "curl"], "search-terms": ["android init script", "project setup", "gradle configuration", "bash project generator", "android project structure"], "state": 2, "file_id": 635, "knowledge_revision": 1646, "git_revision": "1aee8ed1eca8330cc765b711c43546e90b04ff39", "hash": "3410249d4a47a7d965dc785659513c62", "format-version": 4, "code-base-name": "universalinit", "filename": "src/universalinit/templates/android/init_script.sh", "revision_history": [{"1646": "1aee8ed1eca8330cc765b711c43546e90b04ff39"}]}