{"is_source_file": false, "format": "", "description": "", "external_files": [], "external_methods": [], "published": [], "classes": [], "methods": [], "calls": [], "search-terms": [], "state": 2, "file_id": 582, "knowledge_revision": 1592, "git_revision": "1aee8ed1eca8330cc765b711c43546e90b04ff39", "hash": "87c0db72323d9f5835f339fa61af2482", "format-version": 4, "code-base-name": "universalinit", "filename": "src/universalinit/templates/remix/package.json", "revision_history": [{"1592": "1aee8ed1eca8330cc765b711c43546e90b04ff39"}]}