{"is_source_file": true, "format": "TypeScript (React JSX/TSX)", "description": "Defines a React functional component 'Subtitle' for rendering animated subtitle text in a remotion video project, utilizing frame interpolation for fade-in effect.", "external_files": ["./constants"], "external_methods": ["useCurrentFrame", "interpolate"], "published": ["Subtitle"], "classes": [], "methods": [{"name": "Subtitle", "description": "React functional component that renders a subtitle with animated opacity based on current video frame."}], "calls": ["useCurrentFrame", "interpolate"], "search-terms": ["Subtitle", "remotion", "React", "animation", "frame", "opacity"], "state": 2, "file_id": 530, "knowledge_revision": 1546, "git_revision": "1aee8ed1eca8330cc765b711c43546e90b04ff39", "ctags": [], "hash": "a4a6f5bec7582a30b3d43db862a5acf7", "format-version": 4, "code-base-name": "universalinit", "filename": "src/universalinit/templates/remotion/src/HelloWorld/Subtitle.tsx", "revision_history": [{"1546": "1aee8ed1eca8330cc765b711c43546e90b04ff39"}]}