{"is_source_file": true, "format": "TypeScript (TSX)", "description": "This file defines a React functional component named Title that renders animated text, likely for a video or presentation, utilizing the Remotion library for animation effects.", "external_files": ["./constants"], "external_methods": ["spring", "useCurrentFrame", "useVideoConfig"], "published": ["Title"], "classes": [], "methods": [{"name": "Title", "description": "React functional component that displays animated title text with scaling effects based on video frame data."}], "calls": ["spring", "useCurrentFrame", "useVideoConfig"], "search-terms": ["react", "remotion", "Title component", "animation", "video frame", "text scaling"], "state": 2, "file_id": 378, "knowledge_revision": 1393, "git_revision": "1aee8ed1eca8330cc765b711c43546e90b04ff39", "ctags": [], "hash": "c4d50786934a65d475e056772bf0c33f", "format-version": 4, "code-base-name": "universalinit", "filename": "src/universalinit/templates/remotion/src/HelloWorld/Title.tsx", "revision_history": [{"1393": "1aee8ed1eca8330cc765b711c43546e90b04ff39"}]}