{"is_source_file": true, "format": "TypeScript", "description": "Configuration file for Vite, a build tool for a Vue.js project, defining plugins, resolve aliases, and server settings.", "external_files": ["node:url", "@vitejs/plugin-vue", "@vitejs/plugin-vue-jsx", "vite-plugin-vue-devtools"], "external_methods": ["fileURLToPath", "URL", "defineConfig", "vue", "vueJsx", "vueDevTools"], "published": [], "classes": [], "methods": [{"name": "defineConfig", "description": "Creates a Vite configuration with the specified options."}], "calls": ["defineConfig", "vue()", "vueJsx()", "vueDevTools()", "fileURLToPath", "new URL"], "search-terms": ["vite.config.ts", "plugin-vue", "plugin-vue-jsx", "vite-plugin-vue-devtools", "resolve.alias"], "state": 2, "file_id": 382, "knowledge_revision": 1408, "git_revision": "1aee8ed1eca8330cc765b711c43546e90b04ff39", "ctags": [], "hash": "651273496df370ea0757c4c61a2c9ee4", "format-version": 4, "code-base-name": "universalinit", "filename": "src/universalinit/templates/vue/vite.config.ts", "revision_history": [{"1408": "1aee8ed1eca8330cc765b711c43546e90b04ff39"}]}