{"is_source_file": true, "format": "TypeScript/React (Qwik framework)", "description": "This file defines a Qwik component that renders a gauge or dial visualization, displaying a value between 0 and 100, with styling and SVG graphics.", "external_files": ["./gauge.module.css", "@builder.io/qwik"], "external_methods": ["component$"], "published": [], "classes": [], "methods": [{"name": "default", "description": "The default exported Qwik component function rendering the gauge visualization."}], "calls": ["component$"], "search-terms": ["Qwik", "gauge", "svg", "component$", "gauge.module.css", "value", "circle", "linearGradient"], "state": 2, "file_id": 508, "knowledge_revision": 1529, "git_revision": "1aee8ed1eca8330cc765b711c43546e90b04ff39", "ctags": [], "hash": "27f4579126cf32b622a56b0aff87aafc", "format-version": 4, "code-base-name": "universalinit", "filename": "src/universalinit/templates/qwik/src/components/starter/gauge/index.tsx", "revision_history": [{"1529": "1aee8ed1eca8330cc765b711c43546e90b04ff39"}]}