{"is_source_file": false, "format": "", "description": "", "external_files": [], "external_methods": [], "published": [], "classes": [], "methods": [], "calls": [], "search-terms": [], "state": 2, "file_id": 549, "knowledge_revision": 1564, "git_revision": "1aee8ed1eca8330cc765b711c43546e90b04ff39", "hash": "a03b94a12ce4e5c605b5ce4a3f188aab", "format-version": 4, "code-base-name": "universalinit", "filename": "src/universalinit/templates/nativescript/App_Resources/Android/src/main/res/values-v21/styles.xml", "revision_history": [{"1564": "1aee8ed1eca8330cc765b711c43546e90b04ff39"}]}