{"is_source_file": true, "format": "JavaScript (Node.js)", "description": "This file defines an Express.js router for the root ('/') route, primarily exposing a health check endpoint which utilizes a 'healthController' to handle requests. It includes Swagger documentation for API documentation purposes.", "external_files": ["../controllers/health"], "external_methods": ["healthController.check"], "published": ["router"], "classes": [], "methods": ["healthController.check"], "calls": ["healthController.check"], "search-terms": ["express", "routes", "health endpoint", "index.js", "healthController"], "state": 2, "file_id": 434, "knowledge_revision": 1455, "git_revision": "1aee8ed1eca8330cc765b711c43546e90b04ff39", "ctags": [{"_type": "tag", "name": "express", "path": "/home/kavia/workspace/code-generation/universalinit/src/universalinit/templates/express/src/routes/index.js", "pattern": "/^const express = require('express');$/", "language": "JavaScript", "kind": "constant"}, {"_type": "tag", "name": "healthController", "path": "/home/kavia/workspace/code-generation/universalinit/src/universalinit/templates/express/src/routes/index.js", "pattern": "/^const healthController = require('..\\/controllers\\/health');$/", "language": "JavaScript", "kind": "constant"}, {"_type": "tag", "name": "router", "path": "/home/kavia/workspace/code-generation/universalinit/src/universalinit/templates/express/src/routes/index.js", "pattern": "/^const router = express.Router();$/", "language": "JavaScript", "kind": "constant"}], "hash": "65440e156977076adec2544b5e71e9b6", "format-version": 4, "code-base-name": "universalinit", "filename": "src/universalinit/templates/express/src/routes/index.js", "revision_history": [{"1455": "1aee8ed1eca8330cc765b711c43546e90b04ff39"}]}