{"is_source_file": true, "format": "JavaScript", "description": "This file defines a Lightning JS component called 'Home' using the Blits framework. It includes component imports, a template for UI layout, initial state variables, lifecycle hooks for animations and interactions, and a method to rotate loader colors.", "external_files": ["@lightningjs/blits", "../components/Loader.js", "../components/Button.js"], "external_methods": ["this.$setTimeout", "this.$setInterval", "this.$select"], "published": [], "classes": [{"name": "Home", "description": "A Lightning JS component representing the home page with animated logo, loader, and text."}], "methods": [{"name": "rotateColors", "description": "Method to rotate the colors of the loader component by cycling through a predefined color array."}], "calls": ["this.$setTimeout", "this.$setInterval", "this.$select('btn').$focus()"], "search-terms": ["LightningJS", "Blits.Component", "Home component", "logo animation", "loader color rotation"], "state": 2, "file_id": 467, "knowledge_revision": 1503, "git_revision": "1aee8ed1eca8330cc765b711c43546e90b04ff39", "ctags": [{"_type": "tag", "name": "colors", "path": "/home/kavia/workspace/code-generation/universalinit/src/universalinit/templates/lightningjs/src/pages/Home.js", "pattern": "/^const colors = ['#f5f3ff', '#ede9fe', '#ddd6fe', '#c4b5fd', '#a78bfa']$/", "language": "JavaScript", "kind": "constant"}], "hash": "26a944e344bdf4adc32f5fef7345bff7", "format-version": 4, "code-base-name": "universalinit", "filename": "src/universalinit/templates/lightningjs/src/pages/Home.js", "revision_history": [{"1503": "1aee8ed1eca8330cc765b711c43546e90b04ff39"}]}