{"is_source_file": true, "format": "Python", "description": "This file generates an OpenAPI specification JSON file from a Flask application's API object and saves it to the 'interfaces' directory.", "external_files": ["app", "json", "os"], "external_methods": ["app.app_context()", "api.spec.to_dict()", "os.makedirs", "os.path.join", "json.dump"], "published": [], "classes": [], "methods": [{"name": "json.dump", "description": "Serializes Python object to a JSON formatted stream."}], "calls": ["app.app_context()", "api.spec.to_dict()", "os.makedirs", "os.path.join", "json.dump"], "search-terms": ["generate_openapi", "api.spec", "flask", "openapi", "json dump"], "state": 2, "file_id": 524, "knowledge_revision": 1552, "git_revision": "1aee8ed1eca8330cc765b711c43546e90b04ff39", "ctags": [{"_type": "tag", "name": "openapi_spec", "path": "/home/kavia/workspace/code-generation/universalinit/src/universalinit/templates/flask/generate_openapi.py", "pattern": "/^    openapi_spec = api.spec.to_dict()$/", "language": "Python", "kind": "variable"}, {"_type": "tag", "name": "output_dir", "path": "/home/kavia/workspace/code-generation/universalinit/src/universalinit/templates/flask/generate_openapi.py", "pattern": "/^    output_dir = \"interfaces\"$/", "language": "Python", "kind": "variable"}, {"_type": "tag", "name": "output_path", "path": "/home/kavia/workspace/code-generation/universalinit/src/universalinit/templates/flask/generate_openapi.py", "pattern": "/^    output_path = os.path.join(output_dir, \"openapi.json\")$/", "language": "Python", "kind": "variable"}], "hash": "65ec7d3cc6c826bade677c81704d7819", "format-version": 4, "code-base-name": "universalinit", "filename": "src/universalinit/templates/flask/generate_openapi.py", "fields": [{"name": "openapi_spec = api.spec.to_dict()", "scope": "", "scopeKind": "", "description": "unavailable"}, {"name": "output_dir = \"interfaces\"", "scope": "", "scopeKind": "", "description": "unavailable"}, {"name": "output_path = os.path.join(output_dir, \"openapi.json\")", "scope": "", "scopeKind": "", "description": "unavailable"}], "revision_history": [{"1552": "1aee8ed1eca8330cc765b711c43546e90b04ff39"}]}