{"is_source_file": true, "format": "bash", "description": "A shell script to automate MySQL server setup, including starting the server, configuring database and user, handling existing instances, and saving connection info.", "external_files": ["/var/lib/mysql/mysql", "/var/run/mysqld/mysqld.sock", "db_connection.txt", "db_visualizer/mysql.env"], "external_methods": ["sudo mysqladmin ping", "sudo mysql --socket=...", "pgrep -f", "mysql -u ...", "sudo mysql --socket=...", "sudo mysqladmin shutdown", "sudo mysqld --initialize-insecure", "sudo mysqld", "sleep"], "published": ["db_connection.txt", "db_visualizer/mysql.env"], "classes": [], "methods": [{"name": "echo", "description": "Outputs messages to standard output."}, {"name": "if", "description": "Conditional execution based on command success or failure."}, {"name": "sleep", "description": "Pauses script execution for specified seconds."}], "calls": ["sudo mysqladmin ping", "sudo mysql --socket=/var/run/mysqld/mysqld.sock -e 'USE ${DB_NAME};'", "pgrep -f \"mysqld.*--port=${DB_PORT}\"", "mysql -u root -p${DB_PASSWORD} -h 127.0.0.1 -P ${DB_PORT} -e 'SELECT 1;'", "sudo mysql --socket=/var/run/mysqld/mysqld.sock -e \"SHOW VARIABLES LIKE 'port';\"", "sudo mysql --socket=/var/run/mysqld/mysqld.sock", "sudo mysqladmin shutdown --socket=/var/run/mysqld/mysqld.sock", "sudo mysqld --initialize-insecure --user=mysql --datadir=/var/lib/mysql", "sudo mysqld --user=mysql --datadir=/var/lib/mysql --socket=/var/run/mysqld/mysqld.sock --pid-file=/var/run/mysqld/mysqld.pid --port=${DB_PORT}", "sleep 5", "sudo mysql --socket=/var/run/mysqld/mysqld.sock << EOF ... EOF", "echo \"mysql -u ${DB_USER} -p${DB_PASSWORD} -h localhost -P ${DB_PORT} ${DB_NAME}\" > db_connection.txt", "cat > db_visualizer/mysql.env << EOF ... EOF"], "search-terms": ["MySQL setup script", "MySQL server initialization", "database configuration", "shell script for MySQL", "auto start MySQL"], "state": 2, "file_id": 635, "knowledge_revision": 1661, "git_revision": "1aee8ed1eca8330cc765b711c43546e90b04ff39", "hash": "ee15961aa0bd2f6ec7099cb4bae5cc4d", "format-version": 4, "code-base-name": "universalinit", "filename": "src/universalinit/templates/mysql/startup.sh", "revision_history": [{"1661": "1aee8ed1eca8330cc765b711c43546e90b04ff39"}]}