{"is_source_file": true, "format": "Python", "description": "This script defines a Django management command to generate an OpenAPI schema using drf_yasg and Django Rest Framework, then saves the schema as a JSON file.", "external_files": ["django.core.management.base", "django.test.RequestFactory", "drf_yasg.openapi", "drf_yasg.views.get_schema_view", "rest_framework.permissions.AllowAny", "os", "json"], "external_methods": ["get_schema_view", "json.loads", "json.dump", "os.makedirs", "os.path.join"], "published": ["Command"], "classes": [{"name": "Command", "description": "A Django management command class that generates an OpenAPI schema and writes it to a file."}], "methods": [{"name": "handle(self, *args, **options)", "description": "Handles the execution of the command: creates a request, generates the schema view, and writes the OpenAPI JSON to disk.", "scope": "Command", "scopeKind": "class"}], "calls": ["RequestFactory", "factory.get", "get_schema_view", "schema_view.without_ui", "response.render", "json.loads", "json.dump", "os.makedirs", "os.path.join"], "search-terms": ["generate_openapi.py", "drf_yasg", "schema_view", "Django management command", "OpenAPI JSON generation"], "state": 2, "file_id": 451, "knowledge_revision": 1471, "git_revision": "1aee8ed1eca8330cc765b711c43546e90b04ff39", "ctags": [{"_type": "tag", "name": "Command", "path": "/home/kavia/workspace/code-generation/universalinit/src/universalinit/templates/django/api/management/commands/generate_openapi.py", "pattern": "/^class Command(BaseCommand):$/", "language": "Python", "kind": "class"}, {"_type": "tag", "name": "handle", "path": "/home/kavia/workspace/code-generation/universalinit/src/universalinit/templates/django/api/management/commands/generate_openapi.py", "pattern": "/^    def handle(self, *args, **options):$/", "language": "Python", "kind": "member", "signature": "(self, *args, **options)", "scope": "Command", "scopeKind": "class"}], "hash": "ecbef1ab975654f383ec74e3c38d3bd0", "format-version": 4, "code-base-name": "universalinit", "filename": "src/universalinit/templates/django/api/management/commands/generate_openapi.py", "revision_history": [{"1471": "1aee8ed1eca8330cc765b711c43546e90b04ff39"}]}