{"is_source_file": true, "format": "JavaScript Module (ESM, .mjs)", "description": "ESLint configuration file defining linting rules and settings for TypeScript and JavaScript files in the project.", "external_files": ["@typescript-eslint/eslint-plugin", "@typescript-eslint/parser"], "external_methods": [], "published": [], "classes": [], "methods": [], "calls": [], "search-terms": ["eslint", "typescript", "rules", "plugins", "file patterns", "eslint.config.mjs"], "state": 2, "file_id": 639, "knowledge_revision": 1650, "git_revision": "1aee8ed1eca8330cc765b711c43546e90b04ff39", "hash": "02cd7331bca35b47f30dcc5eb38213b4", "format-version": 4, "code-base-name": "universalinit", "filename": "src/universalinit/templates/remotion/eslint.config.mjs", "revision_history": [{"1650": "1aee8ed1eca8330cc765b711c43546e90b04ff39"}]}