{"is_source_file": true, "format": "TypeScript declaration file (.d.ts)", "description": "This file provides global type references for the project, particularly adding type definitions from 'vite/client' for use throughout the project.", "external_files": ["vite/client"], "external_methods": [], "published": [], "classes": [], "methods": [], "calls": [], "search-terms": ["vite/client", "global types", "typescript", "reference"], "state": 2, "file_id": 500, "knowledge_revision": 1521, "git_revision": "1aee8ed1eca8330cc765b711c43546e90b04ff39", "ctags": [], "hash": "6eb92fd414414a40070b58e5d8a439c7", "format-version": 4, "code-base-name": "universalinit", "filename": "src/universalinit/templates/qwik/qwik.env.d.ts", "revision_history": [{"1521": "1aee8ed1eca8330cc765b711c43546e90b04ff39"}]}