{"is_source_file": true, "format": "TypeScript (TSX)", "description": "This file defines a React component, RemotionRoot, which sets up compositions for rendering videos using the Remotion library. It imports other components and schemas, and renders multiple <Composition> elements for video setup.", "external_files": ["./HelloWorld", "./HelloWorld/Logo"], "external_methods": ["remotion.Composition"], "published": [], "classes": [], "methods": [{"name": "RemotionRoot", "description": "React functional component that returns a set of <Composition> elements for video rendering."}], "calls": ["remotion.Composition", "./HelloWorld", "./HelloWorld/Logo"], "search-terms": ["RemotionRoot", "Composition", "HelloWorld", "Logo", "react", "video compositions", "React.FC"], "state": 2, "file_id": 416, "knowledge_revision": 1440, "git_revision": "1aee8ed1eca8330cc765b711c43546e90b04ff39", "ctags": [], "hash": "e7dd365e19e3e2c921953e942d5e0cad", "format-version": 4, "code-base-name": "universalinit", "filename": "src/universalinit/templates/remotion/src/Root.tsx", "revision_history": [{"1440": "1aee8ed1eca8330cc765b711c43546e90b04ff39"}]}