{"is_source_file": true, "format": "TypeScript", "description": "This file is a test specification for the Angular application's AppComponent, utilizing Angular's testing utilities to verify component creation, property values, and DOM rendering.", "external_files": ["./app.component"], "external_methods": ["TestBed.configureTestingModule", "TestBed.createComponent", "fixture.detectChanges", "fixture.nativeElement", "expect"], "published": [], "classes": [{"name": "AppComponent", "description": "The main application component being tested."}], "methods": [{"name": "beforeEach", "description": "Sets up the testing module asynchronously before each test."}, {"name": "it", "description": "Defines individual test cases to verify specific behaviors of the AppComponent."}], "calls": ["TestBed.configureTestingModule", "TestBed.createComponent", "fixture.detectChanges", "expect"], "search-terms": ["Angular", "Component Test", "AppComponent", "Angular Testing", "TypeScript"], "state": 2, "file_id": 460, "knowledge_revision": 1490, "git_revision": "1aee8ed1eca8330cc765b711c43546e90b04ff39", "ctags": [{"_type": "tag", "name": "app", "path": "/home/kavia/workspace/code-generation/universalinit/src/universalinit/templates/angular/src/app/app.component.spec.ts", "pattern": "/^    const app = fixture.componentInstance;$/", "language": "TypeScript", "kind": "constant"}, {"_type": "tag", "name": "compiled", "path": "/home/kavia/workspace/code-generation/universalinit/src/universalinit/templates/angular/src/app/app.component.spec.ts", "pattern": "/^    const compiled = fixture.nativeElement as HTMLElement;$/", "language": "TypeScript", "kind": "constant"}, {"_type": "tag", "name": "fixture", "path": "/home/kavia/workspace/code-generation/universalinit/src/universalinit/templates/angular/src/app/app.component.spec.ts", "pattern": "/^    const fixture = TestBed.createComponent(AppComponent);$/", "language": "TypeScript", "kind": "constant"}], "hash": "5bff32fedc85513ebb007e779659ab1b", "format-version": 4, "code-base-name": "universalinit", "filename": "src/universalinit/templates/angular/src/app/app.component.spec.ts", "revision_history": [{"1490": "1aee8ed1eca8330cc765b711c43546e90b04ff39"}]}