{"is_source_file": true, "format": "TypeScript/TSX", "description": "This file defines a Qwik component called RouterHead that is responsible for rendering HTML `<head>` contents dynamically based on the document head state and location. It imports Qwik and Qwik-City hooks and utilizes JSX to generate head elements like title, meta tags, links, styles, and scripts.", "external_files": ["@builder.io/qwik", "@builder.io/qwik-city"], "external_methods": ["useDocumentHead", "useLocation", "component$"], "published": ["RouterHead"], "classes": [], "methods": [{"name": "RouterHead", "description": "A Qwik component that renders dynamic head elements based on document head and location."}], "calls": ["useDocumentHead()", "useLocation()", "component$()"], "search-terms": ["RouterHead", "qwik city head", "head elements rendering", "dynamic head", "JSX head component"], "state": 2, "file_id": 417, "knowledge_revision": 1438, "git_revision": "1aee8ed1eca8330cc765b711c43546e90b04ff39", "ctags": [], "hash": "822ca7bb4d7b877473e28386699dbe73", "format-version": 4, "code-base-name": "universalinit", "filename": "src/universalinit/templates/qwik/src/components/router-head/router-head.tsx", "revision_history": [{"1438": "1aee8ed1eca8330cc765b711c43546e90b04ff39"}]}