{"is_source_file": true, "format": "TypeScript", "description": "This file configures a service worker for a Qwik application, focusing on prefetching and site performance optimization.", "external_files": ["@builder.io/qwik-city/service-worker"], "external_methods": ["setupServiceWorker"], "published": [], "classes": [], "methods": [{"name": "setupServiceWorker", "description": "Initializes the service worker functionality for the Qwik application."}], "calls": ["setupServiceWorker()", "addEventListener(\"install\", ...)", "addEventListener(\"activate\", ...)"], "search-terms": ["service worker", "prefetching", "Qwik", "QwikCity", "install event", "activate event"], "state": 2, "file_id": 657, "knowledge_revision": 1677, "git_revision": "1aee8ed1eca8330cc765b711c43546e90b04ff39", "ctags": [{"_type": "tag", "name": "self", "path": "/home/kavia/workspace/code-generation/universalinit/src/universalinit/templates/qwik/src/routes/service-worker.ts", "pattern": "/^declare const self: ServiceWorkerGlobalScope;$/", "language": "TypeScript", "kind": "constant"}], "hash": "4691e997442ba9f8be7690530ed1ce95", "format-version": 4, "code-base-name": "universalinit", "filename": "src/universalinit/templates/qwik/src/routes/service-worker.ts", "revision_history": [{"1677": "1aee8ed1eca8330cc765b711c43546e90b04ff39"}]}