{"is_source_file": false, "format": "", "description": "", "external_files": [], "external_methods": [], "published": [], "classes": [], "methods": [], "calls": [], "search-terms": [], "state": 2, "file_id": 122, "knowledge_revision": 509, "git_revision": "30855f8b919fb13ee78b71b2b324c162ab5ea6e5", "hash": "10ea66fbac7f1eb14efdd9cf5a3dbb4f", "format-version": 4, "code-base-name": "universalinit", "filename": "src/universalinit/templates/solananextjs/src/app/globals.css", "revision_history": [{"509": "30855f8b919fb13ee78b71b2b324c162ab5ea6e5"}]}