{"is_source_file": false, "format": null, "description": "", "external_files": [], "external_methods": [], "published": [], "classes": [], "methods": [], "calls": [], "search-terms": ["CSS", "stylesheet", "css module", "responsive design", "gettingstarted", "hint", "intro"], "state": 2, "file_id": 517, "knowledge_revision": 1526, "git_revision": "1aee8ed1eca8330cc765b711c43546e90b04ff39", "hash": "9a83818848f824f5462f2d45d17cf83c", "format-version": 4, "code-base-name": "universalinit", "filename": "src/universalinit/templates/qwik/src/components/starter/next-steps/next-steps.module.css", "revision_history": [{"1526": "1aee8ed1eca8330cc765b711c43546e90b04ff39"}]}