{"is_source_file": true, "format": "JavaScript (LightningJS component)", "description": "Defines a 'Loader' UI component using LightningJS framework, which displays animated circles as a loading indicator with transition effects.", "external_files": ["@lightningjs/blits"], "external_methods": ["Blits.Component", "this.$setInterval"], "published": [], "classes": [{"name": "Loader", "description": "A LightningJS component that shows animated circles as a loading indicator with configurable color and fade transitions."}], "methods": [{"name": "start", "description": "Initiates an interval that toggles the alpha property to animate the loader's opacity."}], "calls": ["Blits.Component", "this.$setInterval"], "search-terms": ["LightningJS", "Loader", "Animation", "Component", "Loading indicator"], "state": 2, "file_id": 602, "knowledge_revision": 1623, "git_revision": "1aee8ed1eca8330cc765b711c43546e90b04ff39", "ctags": [], "hash": "0ec1151cdc25744075ba4da8e3d65407", "format-version": 4, "code-base-name": "universalinit", "filename": "src/universalinit/templates/lightningjs/src/components/Loader.js", "revision_history": [{"1623": "1aee8ed1eca8330cc765b711c43546e90b04ff39"}]}