{"is_source_file": true, "format": "TypeScript/TSX", "description": "A React-like component definition using Qwik framework, implementing an infobox with header and slot content.", "external_files": ["./infobox.module.css"], "external_methods": ["component$", "Slot"], "published": [], "classes": [], "methods": [{"name": "default", "description": "Anonymous functional component that renders an infobox with optional title slot and default slot."}], "calls": ["component$", "Slot"], "search-terms": ["infobox", "Qwik", "component$", "Slot", "tsx", "starter", "components"], "state": 2, "file_id": 606, "knowledge_revision": 1625, "git_revision": "1aee8ed1eca8330cc765b711c43546e90b04ff39", "ctags": [], "hash": "e550dea120857ece5cc0d3ded5ee4bdd", "format-version": 4, "code-base-name": "universalinit", "filename": "src/universalinit/templates/qwik/src/components/starter/infobox/infobox.tsx", "revision_history": [{"1625": "1aee8ed1eca8330cc765b711c43546e90b04ff39"}]}