{"is_source_file": true, "format": "TypeScript/TSX", "description": "A React-like component for a Todo List application built with Qwik framework, including loader and action functions for data handling.", "external_files": ["@builder.io/qwik", "@builder.io/qwik-city", "./todolist.module.css"], "external_methods": ["component$", "routeLoader$", "routeAction$", "zod$", "z", "Form"], "published": ["head"], "classes": [], "methods": [{"name": "useListLoader", "description": "Loads the current list of todo items."}, {"name": "useAddToListAction", "description": "Handles adding a new todo item to the list."}], "calls": ["useListLoader", "useAddToListAction", "component$", "routeLoader$", "routeAction$", "zod$", "z", "Form"], "search-terms": ["Qwik", "todo list", "route loader", "route action", "component$", "TypeScript", "tsx", "Qwik City"], "state": 2, "file_id": 391, "knowledge_revision": 1410, "git_revision": "1aee8ed1eca8330cc765b711c43546e90b04ff39", "ctags": [], "hash": "0d567d93bc8d060df1fc07dcc693ed4e", "format-version": 4, "code-base-name": "universalinit", "filename": "src/universalinit/templates/qwik/src/routes/demo/todolist/index.tsx", "revision_history": [{"1410": "1aee8ed1eca8330cc765b711c43546e90b04ff39"}]}