{"is_source_file": false, "format": "", "description": "", "external_files": [], "external_methods": [], "published": [], "classes": [], "methods": [], "calls": [], "search-terms": [], "state": 2, "file_id": 372, "knowledge_revision": 1380, "git_revision": "1aee8ed1eca8330cc765b711c43546e90b04ff39", "hash": "aec31c1c43fb683219976de062a09373", "format-version": 4, "code-base-name": "universalinit", "filename": "src/universalinit/templates/nativescript/config.yml", "revision_history": [{"1380": "1aee8ed1eca8330cc765b711c43546e90b04ff39"}]}