{"is_source_file": true, "format": "TypeScript (TSX)", "description": "This is a Next.js page component written in TSX that renders a simple homepage with images, links, and layout styling. It primarily consists of JSX markup defining a React component for the homepage.", "external_files": ["next/image"], "external_methods": [], "published": ["Home"], "classes": [], "methods": [{"name": "Home", "description": "A React functional component that renders the homepage layout."}], "calls": ["Image", "Image"], "search-terms": ["Next.js page component", "React functional component", "TSX layout", "homepage UI", "next/image usage"], "state": 2, "file_id": 505, "knowledge_revision": 1522, "git_revision": "1aee8ed1eca8330cc765b711c43546e90b04ff39", "ctags": [], "hash": "1717a2c38b856d93284b673ec27c8cf8", "format-version": 4, "code-base-name": "universalinit", "filename": "src/universalinit/templates/nextjs/src/app/page.tsx", "revision_history": [{"1522": "1aee8ed1eca8330cc765b711c43546e90b04ff39"}]}