{"is_source_file": true, "format": "TypeScript", "description": "This file is the root component of a Qwik-based web application. It sets up the main structure, including head elements, routing, service worker registration, and global styles.", "external_files": ["@builder.io/qwik", "@builder.io/qwik", "@builder.io/qwik-city", "./components/router-head/router-head", "./global.css"], "external_methods": ["component$", "isDev"], "published": [], "classes": [], "methods": [{"name": "default", "description": "The main component function that renders the application's root structure using Qwik's component$."}], "calls": ["component$", "isDev", "QwikCityProvider", "RouterHead", "ServiceWorkerRegister", "RouterOutlet"], "search-terms": ["QwikCityProvider", "root component", "router-head", "service worker", "Qwik"], "state": 2, "file_id": 623, "knowledge_revision": 1643, "git_revision": "1aee8ed1eca8330cc765b711c43546e90b04ff39", "ctags": [], "hash": "9bbf0df29be90ef336ed559eb7c371c7", "format-version": 4, "code-base-name": "universalinit", "filename": "src/universalinit/templates/qwik/src/root.tsx", "revision_history": [{"1643": "1aee8ed1eca8330cc765b711c43546e90b04ff39"}]}