{"is_source_file": true, "format": "JavaScript (ES module)", "description": "Configuration file for Astro framework, defining server settings such as host, allowed hosts, port, and headers.", "external_files": ["astro/config"], "external_methods": ["defineConfig"], "published": [], "classes": [], "methods": [{"name": "defineConfig", "description": "Function from Astro config library to define and validate configuration object."}], "calls": ["defineConfig"], "search-terms": ["astro", "astro.config.mjs", "server", "host", "allowedHosts", "headers"], "state": 2, "file_id": 269, "knowledge_revision": 664, "git_revision": "5b8f33f8784107e2b06ceaa8f13a613b4503a570", "hash": "b597bd0bc2a303bef776a82932d17af3", "format-version": 4, "code-base-name": "universalinit", "filename": "src/universalinit/templates/astro/astro.config.mjs", "revision_history": [{"664": "5b8f33f8784107e2b06ceaa8f13a613b4503a570"}]}