{"is_source_file": true, "format": "Python", "description": "A simple Flask application runner script that starts the Flask app if executed directly.", "external_files": ["app"], "external_methods": ["app.run"], "published": ["__main__"], "classes": [], "methods": [], "calls": ["app.run"], "search-terms": ["flask", "run", "app"], "state": 2, "file_id": 523, "knowledge_revision": 1541, "git_revision": "1aee8ed1eca8330cc765b711c43546e90b04ff39", "ctags": [], "hash": "b4cfd2f2017c7f88e4049fa0ed026e86", "format-version": 4, "code-base-name": "universalinit", "filename": "src/universalinit/templates/flask/run.py", "revision_history": [{"1541": "1aee8ed1eca8330cc765b711c43546e90b04ff39"}]}