{"is_source_file": true, "format": "TypeScript", "description": "This file is a configuration script for Vite, a build tool, specifically tailored for a SvelteKit project with testing setup and server options.", "external_files": ["@testing-library/svelte/vite", "@sveltejs/kit/vite", "vite"], "external_methods": ["svelteTesting()", "defineConfig()"], "published": [], "classes": [], "methods": [{"name": "defineConfig", "description": "Defines the Vite configuration with specified plugins, server, and test settings."}], "calls": ["defineConfig", "sveltekit()", "svelteTesting()"], "search-terms": ["vite.config.ts", "svelte", "test", "server", "plugins", "allowedHosts", "watch", "cors"], "state": 2, "file_id": 589, "knowledge_revision": 1612, "git_revision": "1aee8ed1eca8330cc765b711c43546e90b04ff39", "ctags": [], "hash": "56df2df7e65a8e5b34870c711c6f770e", "format-version": 4, "code-base-name": "universalinit", "filename": "src/universalinit/templates/svelte/vite.config.ts", "revision_history": [{"1612": "1aee8ed1eca8330cc765b711c43546e90b04ff39"}]}