{"is_source_file": true, "format": "TypeScript/TSX", "description": "This file defines a Qwik component for a website header, including logo and navigation links.", "external_files": ["@builder.io/qwik", "../icons/qwik", "./header.module.css"], "external_methods": ["component$( )"], "published": [], "classes": [], "methods": [{"name": "default", "description": "Default Qwik component rendering a header with logo and navigation links."}], "calls": ["component$", "QwikLogo", "styles.header", "styles.wrapper", "styles.logo"], "search-terms": ["Qwik", "header", "component", "logo", "navigation", "tsx", "header.module.css"], "state": 2, "file_id": 532, "knowledge_revision": 1554, "git_revision": "1aee8ed1eca8330cc765b711c43546e90b04ff39", "ctags": [], "hash": "0330aa1892b548cb916c9b3db77a3e9c", "format-version": 4, "code-base-name": "universalinit", "filename": "src/universalinit/templates/qwik/src/components/starter/header/header.tsx", "revision_history": [{"1554": "1aee8ed1eca8330cc765b711c43546e90b04ff39"}]}