{"is_source_file": false, "format": "", "description": "", "external_files": [], "external_methods": [], "published": [], "classes": [], "methods": [], "calls": [], "search-terms": ["lightningjs", "plugins_theme.md", "theme plugin", "blits", "theming", "index.js", "Blits.Plugin", "theme configuration"], "state": 2, "file_id": 641, "knowledge_revision": 1654, "git_revision": "1aee8ed1eca8330cc765b711c43546e90b04ff39", "hash": "1d64f23dce023242bc4119983f180079", "format-version": 4, "code-base-name": "universalinit", "filename": "src/universalinit/templates/lightningjs/docs/plugins_theme.md", "revision_history": [{"1654": "1aee8ed1eca8330cc765b711c43546e90b04ff39"}]}