{"is_source_file": true, "format": "TypeScript (TSX)", "description": "Main layout component and app entry point for a Remix-run based web application, including head links and basic HTML structure.", "external_files": ["@remix-run/react", "@remix-run/node", "./tailwind.css"], "external_methods": ["LinksFunction", "Links", "Meta", "Outlet", "Scripts", "ScrollRestoration"], "published": ["links", "Layout", "App"], "classes": [], "methods": [{"name": "links", "description": "Defines link tags for external resources such as fonts and stylesheets, used by Remix for rendering in the head."}, {"name": "Layout", "description": "A React component that defines the HTML structure, including head metadata and body content, wrapping its children."}, {"name": "App", "description": "Root React component rendering the current route outlet."}], "calls": ["Meta", "Links", "ScrollRestoration", "Scripts", "Outlet"], "search-terms": ["remix", "TSX", "layout", "App", "head", "meta tags", "tailwind", "routes"], "state": 2, "file_id": 429, "knowledge_revision": 1454, "git_revision": "1aee8ed1eca8330cc765b711c43546e90b04ff39", "ctags": [], "hash": "ecb43bd0ae9b4e549b896a93f472a193", "format-version": 4, "code-base-name": "universalinit", "filename": "src/universalinit/templates/remix/app/root.tsx", "revision_history": [{"1454": "1aee8ed1eca8330cc765b711c43546e90b04ff39"}]}