{"is_source_file": true, "format": "TypeScript", "description": "Configuration file for Vitest testing framework within a Vue.js project, merging Vite configurations and setting test environment options.", "external_files": ["./vite.config"], "external_methods": ["mergeConfig", "defineConfig", "configDefaults"], "published": [], "classes": [], "methods": [{"name": "mergeConfig", "description": "Merges multiple Vite configuration objects into one."}, {"name": "defineConfig", "description": "Defines and typesafe configuration object for Vitest."}], "calls": ["mergeConfig", "defineConfig", "fileURLToPath"], "search-terms": ["vitest.config.ts", "vue", "test environment", "Vite configuration", "jsdom"], "state": 2, "file_id": 592, "knowledge_revision": 1621, "git_revision": "1aee8ed1eca8330cc765b711c43546e90b04ff39", "ctags": [], "hash": "fbf1ae958316eb66f11ca04b23d38fff", "format-version": 4, "code-base-name": "universalinit", "filename": "src/universalinit/templates/vue/vitest.config.ts", "revision_history": [{"1621": "1aee8ed1eca8330cc765b711c43546e90b04ff39"}]}