{"is_source_file": true, "format": "TypeScript (Vue.js router configuration)", "description": "This file configures the Vue.js router for a web application, defining route paths, associated components, and lazy-loading behavior.", "external_files": ["../views/HomeView.vue", "../views/AboutView.vue"], "external_methods": ["createRouter", "createWebHistory", "import()"], "published": ["router"], "classes": [], "methods": [{"name": "createRouter", "description": "Creates and configures a Vue router instance with specified history mode and routes."}, {"name": "createWebHistory", "description": "Creates a HTML5 history mode for Vue router based on the base URL."}], "calls": ["createRouter", "createWebHistory", "import()"], "search-terms": ["vue-router", "index.ts", "routes", "lazy-loading", "createRouter", "createWebHistory"], "state": 2, "file_id": 487, "knowledge_revision": 1513, "git_revision": "1aee8ed1eca8330cc765b711c43546e90b04ff39", "ctags": [{"_type": "tag", "name": "router", "path": "/home/kavia/workspace/code-generation/universalinit/src/universalinit/templates/vue/src/router/index.ts", "pattern": "/^const router = createRouter({$/", "language": "TypeScript", "kind": "constant"}], "hash": "02a9178fa62f3f68233f38a3fec1a798", "format-version": 4, "code-base-name": "universalinit", "filename": "src/universalinit/templates/vue/src/router/index.ts", "revision_history": [{"1513": "1aee8ed1eca8330cc765b711c43546e90b04ff39"}]}