{"is_source_file": true, "format": "TypeScript", "description": "This source file configures client-side rendering behavior for a specific route in a SvelteKit project. It sets up environment-based rendering flags and static prerendering options.", "external_files": ["$app/environment"], "external_methods": ["dev"], "published": ["csr", "prerender"], "classes": [], "methods": [{"name": "dev", "description": "Imports the 'dev' variable from SvelteKit's environment module to determine if the app is running in development mode."}], "calls": ["dev"], "search-terms": ["SvelteKit", "environment", "csr", "prerender", "about", "static asset", "type script"], "state": 2, "file_id": 616, "knowledge_revision": 1638, "git_revision": "1aee8ed1eca8330cc765b711c43546e90b04ff39", "ctags": [{"_type": "tag", "name": "csr", "path": "/home/kavia/workspace/code-generation/universalinit/src/universalinit/templates/svelte/src/routes/about/+page.ts", "pattern": "/^export const csr = dev;$/", "language": "TypeScript", "kind": "constant"}, {"_type": "tag", "name": "prerender", "path": "/home/kavia/workspace/code-generation/universalinit/src/universalinit/templates/svelte/src/routes/about/+page.ts", "pattern": "/^export const prerender = true;$/", "language": "TypeScript", "kind": "constant"}], "hash": "758500614a714f43a32f7a3169886b42", "format-version": 4, "code-base-name": "universalinit", "filename": "src/universalinit/templates/svelte/src/routes/about/+page.ts", "revision_history": [{"1638": "1aee8ed1eca8330cc765b711c43546e90b04ff39"}]}