{"is_source_file": true, "format": "TypeScript", "description": "This file contains utility functions for array creation and logging, specifically 'emptyArray' and 'sayHello'.", "external_files": [], "external_methods": ["console.log"], "published": ["emptyArray", "sayHello"], "classes": [], "methods": [{"name": "export function emptyArray<T>(length: number) { emptyArray", "description": "Creates an array of the specified length filled with undefined values.", "scope": "", "scopeKind": ""}, {"name": "export function sayHello() { sayHello", "description": "Logs a greeting message to the console.", "scope": "", "scopeKind": ""}], "calls": ["console.log"], "search-terms": ["emptyArray", "sayHello", "external"], "state": 2, "file_id": 513, "knowledge_revision": 1534, "git_revision": "1aee8ed1eca8330cc765b711c43546e90b04ff39", "ctags": [{"_type": "tag", "name": "emptyArray", "path": "/home/kavia/workspace/code-generation/universalinit/src/universalinit/templates/slidev/snippets/external.ts", "pattern": "/^export function emptyArray<T>(length: number) {$/", "language": "TypeScript", "kind": "function"}, {"_type": "tag", "name": "sayHello", "path": "/home/kavia/workspace/code-generation/universalinit/src/universalinit/templates/slidev/snippets/external.ts", "pattern": "/^export function sayHello() {$/", "language": "TypeScript", "kind": "function"}], "hash": "6852d3499277fe8ddaa5bfbad6507905", "format-version": 4, "code-base-name": "universalinit", "filename": "src/universalinit/templates/slidev/snippets/external.ts", "revision_history": [{"1534": "1aee8ed1eca8330cc765b711c43546e90b04ff39"}]}