{"is_source_file": true, "format": "TypeScript with JSX (TSX)", "description": "This file defines the main index route component for a Qwik application, importing and rendering various components like Hero, Starter, Counter, and Infobox, and setting page head metadata.", "external_files": ["../components/starter/counter/counter", "../components/starter/hero/hero", "../components/starter/infobox/infobox", "../components/starter/next-steps/next-steps"], "external_methods": [], "published": ["head"], "classes": [], "methods": [{"name": "component$", "description": "A Qwik function used to define reactive components."}], "calls": ["component$", "Counter", "Hero", "Infobox"], "search-terms": ["Qwik route index", "index.tsx", "components/starter", "q:slot", "DocumentHead", "jsx"], "state": 2, "file_id": 438, "knowledge_revision": 1458, "git_revision": "1aee8ed1eca8330cc765b711c43546e90b04ff39", "ctags": [], "hash": "393ef3f8baffb6f954dc12583ec00959", "format-version": 4, "code-base-name": "universalinit", "filename": "src/universalinit/templates/qwik/src/routes/index.tsx", "revision_history": [{"1458": "1aee8ed1eca8330cc765b711c43546e90b04ff39"}]}