{"is_source_file": true, "format": "TypeScript/TSX", "description": "This file is a React entry point for a Remix application, responsible for hydrating the app on the client side using React 18's hydration methods.", "external_files": ["@remix-run/react", "react", "react-dom/client"], "external_methods": ["RemixBrowser", "startTransition", "hydrateRoot"], "published": [], "classes": [], "methods": [{"name": "startTransition", "description": "Wraps the hydration process to optimize rendering and avoid blocking the main thread."}, {"name": "hydrateRoot", "description": "Hydrates the React application into the DOM, replacing the content with the React app."}], "calls": ["startTransition(() => { ... })", "hydrateRoot(document, <StrictMode><RemixBrowser /></StrictMode>)"], "search-terms": ["hydrateRoot", "RemixBrowser", "entry.client.tsx", "React hydration", "Remix app entry"], "state": 2, "file_id": 586, "knowledge_revision": 1611, "git_revision": "1aee8ed1eca8330cc765b711c43546e90b04ff39", "ctags": [], "hash": "5d53ef36a3075b464b930b7d096d41a0", "format-version": 4, "code-base-name": "universalinit", "filename": "src/universalinit/templates/remix/app/entry.client.tsx", "revision_history": [{"1611": "1aee8ed1eca8330cc765b711c43546e90b04ff39"}]}