{"is_source_file": true, "format": "TypeScript/TSX", "description": "This file defines a React functional component named 'Arc' that renders an animated elliptical arc using SVG, with gradient stroke coloring, based on props such as progress, rotation, colors, and video configuration.", "external_files": ["react", "remotion"], "external_methods": ["useState", "random", "useVideoConfig"], "published": ["Arc"], "classes": [], "methods": [{"name": "getCircumferenceOfArc", "description": "Calculates the circumference of an elliptical arc based on x and y radii."}], "calls": ["useState", "random", "useVideoConfig"], "search-terms": ["Arc", "SVG ellipse", "gradient stroke", "react functional component", "remotion video config", "animated arc", "strokeDasharray", "strokeDashoffset", "rotation"], "state": 2, "file_id": 529, "knowledge_revision": 1548, "git_revision": "1aee8ed1eca8330cc765b711c43546e90b04ff39", "ctags": [], "hash": "81c9128f01c7b242ea106b7d86496df5", "format-version": 4, "code-base-name": "universalinit", "filename": "src/universalinit/templates/remotion/src/HelloWorld/Arc.tsx", "revision_history": [{"1548": "1aee8ed1eca8330cc765b711c43546e90b04ff39"}]}