{"is_source_file": true, "format": "TypeScript", "description": "This file is the entry point for the remotion project, initializing the root component for rendering.", "external_files": ["./Root"], "external_methods": ["registerRoot"], "published": [], "classes": [], "methods": ["registerRoot"], "calls": ["registerRoot"], "search-terms": ["remotion", "registerRoot", "RemotionRoot", "entry file"], "state": 2, "file_id": 419, "knowledge_revision": 1434, "git_revision": "1aee8ed1eca8330cc765b711c43546e90b04ff39", "ctags": [], "hash": "6c2ce436880cb16c98160769ed0f6150", "format-version": 4, "code-base-name": "universalinit", "filename": "src/universalinit/templates/remotion/src/index.ts", "revision_history": [{"1434": "1aee8ed1eca8330cc765b711c43546e90b04ff39"}]}