{"is_source_file": true, "format": "Markdown", "description": "This file contains documentation for the 'for loop' directive in the LightningJS framework, detailing its syntax, usage, performance considerations, and illustrative code examples.", "external_files": ["./../directives.html"], "external_methods": [], "published": [], "classes": [], "methods": [], "calls": ["Blits.Component"], "search-terms": ["LightningJS", "for loop", "directive", "template syntax", "performance", "key attribute", "Range attribute", "referencing elements"], "state": 2, "file_id": 447, "knowledge_revision": 1462, "git_revision": "1aee8ed1eca8330cc765b711c43546e90b04ff39", "hash": "62ad2071437a9c48965a87abeaf924e8", "format-version": 4, "code-base-name": "universalinit", "filename": "src/universalinit/templates/lightningjs/docs/built-in_for-loop.md", "revision_history": [{"1462": "1aee8ed1eca8330cc765b711c43546e90b04ff39"}]}