{"is_source_file": true, "format": "TypeScript", "description": "configuration file for Vitest testing setup in a Vue project, merging Vite configuration with test-specific settings.", "external_files": ["./vite.config"], "external_methods": ["mergeConfig", "defineConfig", "configDefaults"], "published": ["default"], "classes": [], "methods": [{"name": "mergeConfig", "description": "Merges multiple configuration objects into one, used here to combine viteConfig with test-specific overrides."}, {"name": "defineConfig", "description": "Defines a Vite or Vitest configuration object, providing type auto-completion and validation."}], "calls": ["mergeConfig", "defineConfig"], "search-terms": ["vitest.config.ts", "vue", "test configuration", "Vite", "mergeConfig", "defineConfig", "test environment", "jsdom"], "state": 2, "file_id": 351, "knowledge_revision": 747, "git_revision": "67e5b3ebfcb2f1a495fbaf77f3efc93a0881a9ab", "ctags": [], "hash": "fbf1ae958316eb66f11ca04b23d38fff", "format-version": 4, "code-base-name": "universalinit", "filename": "src/universalinit/templates/vue/vitest.config.ts", "revision_history": [{"747": "67e5b3ebfcb2f1a495fbaf77f3efc93a0881a9ab"}]}