{"is_source_file": true, "format": "Python", "description": "This is a URL configuration file for a Django project, defining URL patterns, schema view setup, and a dynamic schema view for API documentation.", "external_files": ["django.contrib", "django.urls", "rest_framework.permissions", "drf_yasg.views.get_schema_view", "drf_yasg.openapi", "django.views.decorators.csrf.csrf_exempt"], "external_methods": ["permissions.AllowAny", "get_schema_view", "openapi.Info", "csrf_exempt", "get_full_url", "view.with_ui", "view.without_ui"], "published": ["urlpatterns", "schema_view", "get_full_url", "dynamic_schema_view"], "classes": [], "methods": [{"name": "get_full_url(request)", "description": "Constructs the full URL based on request scheme, host, and forwarded port header.", "scope": "", "scopeKind": ""}, {"name": "dynamic_schema_view(request, *args, **kwargs)", "description": "Generates a Swagger or ReDoc UI for API documentation, dynamically configuring the URL based on the request.", "scope": "", "scopeKind": ""}], "calls": ["permissions.AllowAny", "get_schema_view", "openapi.Info", "schema_view.with_ui", "schema_view.without_ui", "get_full_url"], "search-terms": ["django URL patterns", "OpenAPI schema view", "DRF schema", "Swagger UI", "ReDoc", "dynamic schema generation", "CSRF exemption", "urlpatterns"], "state": 2, "file_id": 564, "knowledge_revision": 1597, "git_revision": "1aee8ed1eca8330cc765b711c43546e90b04ff39", "ctags": [{"_type": "tag", "name": "dynamic_schema_view", "path": "/home/kavia/workspace/code-generation/universalinit/src/universalinit/templates/django/config/urls.py", "pattern": "/^def dynamic_schema_view(request, *args, **kwargs):$/", "language": "Python", "kind": "function", "signature": "(request, *args, **kwargs)"}, {"_type": "tag", "name": "get_full_url", "path": "/home/kavia/workspace/code-generation/universalinit/src/universalinit/templates/django/config/urls.py", "pattern": "/^def get_full_url(request):$/", "language": "Python", "kind": "function", "signature": "(request)"}, {"_type": "tag", "name": "schema_view", "path": "/home/kavia/workspace/code-generation/universalinit/src/universalinit/templates/django/config/urls.py", "pattern": "/^schema_view = get_schema_view($/", "language": "Python", "kind": "variable"}, {"_type": "tag", "name": "urlpatterns", "path": "/home/kavia/workspace/code-generation/universalinit/src/universalinit/templates/django/config/urls.py", "pattern": "/^urlpatterns = [$/", "language": "Python", "kind": "variable"}], "hash": "482cd4ea609c28e217819d5339030112", "format-version": 4, "code-base-name": "universalinit", "filename": "src/universalinit/templates/django/config/urls.py", "fields": [{"name": "schema_view = get_schema_view(", "scope": "", "scopeKind": "", "description": "unavailable"}, {"name": "urlpatterns = [", "scope": "", "scopeKind": "", "description": "unavailable"}], "revision_history": [{"1597": "1aee8ed1eca8330cc765b711c43546e90b04ff39"}]}