{"is_source_file": true, "format": "JavaScript", "description": "This file defines a function setupCounter that initializes and manages a simple click counter UI component, exporting it for use in other modules.", "external_files": [], "external_methods": [], "published": ["setupCounter"], "classes": [], "methods": [{"name": "setupCounter(element)", "description": "Initializes a counter on a DOM element, updating its innerHTML to show the counter value and incrementing on click events.", "scope": "", "scopeKind": ""}], "calls": ["element.addEventListener"], "search-terms": ["setupCounter", "counter", "click event", "innerHTML", "JavaScript export"], "state": 2, "file_id": 668, "knowledge_revision": 1692, "git_revision": "1aee8ed1eca8330cc765b711c43546e90b04ff39", "ctags": [{"_type": "tag", "name": "setupCounter", "path": "/home/kavia/workspace/code-generation/universalinit/src/universalinit/templates/vite/src/counter.js", "pattern": "/^export function setupCounter(element) {$/", "language": "JavaScript", "kind": "function", "signature": "(element)"}], "hash": "2ac86fab0c68ff8890db658663b5b7f5", "format-version": 4, "code-base-name": "universalinit", "filename": "src/universalinit/templates/vite/src/counter.js", "revision_history": [{"1692": "1aee8ed1eca8330cc765b711c43546e90b04ff39"}]}