{"is_source_file": true, "format": "TypeScript/TSX", "description": "This file is a React component for a Remix application route (the index route). It defines metadata and renders a landing page with links to resources such as Remix start guides, docs, and Discord.", "external_files": ["@remix-run/node"], "external_methods": ["MetaFunction"], "published": ["meta"], "classes": [], "methods": [{"name": "Index", "description": "React component rendering the index page with logo, welcome message, and resource links."}], "calls": ["MetaFunction", "resources.map"], "search-terms": ["remix", "index.tsx", "meta", "resources", "React component", "landing page", "decorative SVG icons", "Remix App"], "state": 2, "file_id": 404, "knowledge_revision": 1421, "git_revision": "1aee8ed1eca8330cc765b711c43546e90b04ff39", "ctags": [], "hash": "6d28052a030fa0277aebc7c4bb572511", "format-version": 4, "code-base-name": "universalinit", "filename": "src/universalinit/templates/remix/app/routes/_index.tsx", "revision_history": [{"1421": "1aee8ed1eca8330cc765b711c43546e90b04ff39"}]}