{"is_source_file": false, "format": "", "description": "", "external_files": [], "external_methods": [], "published": [], "classes": [], "methods": [], "calls": [], "search-terms": [], "state": 2, "file_id": 430, "knowledge_revision": 1438, "git_revision": "1aee8ed1eca8330cc765b711c43546e90b04ff39", "hash": "e719f1213955c53dbfd5f0872523fd2d", "format-version": 4, "code-base-name": "universalinit", "filename": "src/universalinit/templates/vite/config.yml", "revision_history": [{"1438": "1aee8ed1eca8330cc765b711c43546e90b04ff39"}]}