{"is_source_file": true, "format": "TypeScript", "description": "This file is a TypeScript source file that sets up a web page with images, headers, a button, and a click counter, importing assets and a setup function.", "external_files": ["./style.css", "./typescript.svg", "/vite.svg", "./counter.ts"], "external_methods": ["setupCounter"], "published": [], "classes": [], "methods": [{"name": "setupCounter", "description": "Initializes the counter button's functionality by attaching event listeners."}], "calls": ["document.querySelector", "setupCounter"], "search-terms": ["TypeScript", "Vite", "setupCounter", "import assets", "counter button", "HTML content setup"], "state": 2, "file_id": 409, "knowledge_revision": 1437, "git_revision": "1aee8ed1eca8330cc765b711c43546e90b04ff39", "ctags": [], "hash": "9ae7fb6d204e0434b836ab83915f60d0", "format-version": 4, "code-base-name": "universalinit", "filename": "src/universalinit/templates/typescript/src/main.ts", "revision_history": [{"1437": "1aee8ed1eca8330cc765b711c43546e90b04ff39"}]}