{"is_source_file": true, "format": "JavaScript", "description": "This file is an ESLint configuration module that sets up linting rules, plugins, parser options, and compatibility settings for a JavaScript project, specifically tailored for LightiningJS or related environment.", "external_files": ["eslint-plugin-prettier", "globals", "@eslint/js", "@eslint/eslintrc"], "external_methods": ["@eslint/eslintrc.FlatCompat.extends"], "published": ["module.exports"], "classes": [], "methods": [{"name": "FlatCompat", "description": "Class used to handle extended ESLint configurations with compatibility support."}], "calls": ["require('eslint-plugin-prettier')", "require('globals')", "require('@eslint/js')", "new FlatCompat({ ... })", "compat.extends(...)", "module.exports = [...]"], "search-terms": ["eslint", "eslint.config.cjs", "lightningjs", "prettier", "eslint plugin", "configuration", "rules", "parserOptions"], "state": 2, "file_id": 543, "knowledge_revision": 1563, "git_revision": "1aee8ed1eca8330cc765b711c43546e90b04ff39", "hash": "93cd2c5ca89ba1c0ff23b0e00b6c74ef", "format-version": 4, "code-base-name": "universalinit", "filename": "src/universalinit/templates/lightningjs/eslint.config.cjs", "revision_history": [{"1563": "1aee8ed1eca8330cc765b711c43546e90b04ff39"}]}