{"is_source_file": true, "format": "JavaScript (ES Module, .mjs)", "description": "ESLint configuration file for Next.js project, utilizing @eslint/eslintrc and @next dependencies to extend default linting rules.", "external_files": ["@eslint/eslintrc", "path", "url", "next/core-web-vitals", "next/typescript"], "external_methods": ["FlatCompat.extends"], "published": ["eslintConfig"], "classes": [], "methods": [{"name": "compat.extends", "description": "Method used to extend existing ESLint configurations with specified presets."}], "calls": ["compat.extends"], "search-terms": ["eslint", "nextjs", "eslint.config.mjs", "ESModule", "eslint configuration", "next core web vitals", "typescript"], "state": 2, "file_id": 441, "knowledge_revision": 1458, "git_revision": "1aee8ed1eca8330cc765b711c43546e90b04ff39", "hash": "b43f470c5df5e9ff4c2f5e0bd917a881", "format-version": 4, "code-base-name": "universalinit", "filename": "src/universalinit/templates/nextjs/eslint.config.mjs", "revision_history": [{"1458": "1aee8ed1eca8330cc765b711c43546e90b04ff39"}]}