{"is_source_file": true, "format": "JavaScript (ES Module syntax, .mjs file)", "description": "Configuration file for the Astro static site generator, defining server settings such as host, allowed hosts, port, and headers.", "external_files": ["astro/config"], "external_methods": ["defineConfig"], "published": [], "classes": [], "methods": [{"name": "defineConfig", "description": "Function imported from 'astro/config' used to define and export the Astro configuration object."}], "calls": ["defineConfig"], "search-terms": ["astro.config", "server", "host", "allowedHosts", "port", "headers", "Access-Control-Allow-Origin"], "state": 2, "file_id": 375, "knowledge_revision": 1385, "git_revision": "1aee8ed1eca8330cc765b711c43546e90b04ff39", "hash": "b597bd0bc2a303bef776a82932d17af3", "format-version": 4, "code-base-name": "universalinit", "filename": "src/universalinit/templates/astro/astro.config.mjs", "revision_history": [{"1385": "1aee8ed1eca8330cc765b711c43546e90b04ff39"}]}