{"is_source_file": true, "format": "JavaScript/ECMAScript modules (.mjs)", "description": "A configuration file for ESLint in an Angular project, defining recommended rules, ignore patterns, and specific settings for TypeScript files.", "external_files": ["@eslint/js", "@typescript-eslint/eslint-plugin", "@typescript-eslint/parser"], "external_methods": [], "published": ["default"], "classes": [], "methods": [], "calls": ["js.configs.recommended", "tseslint", "tsParser"], "search-terms": ["eslint", "config", "typescript", "angular", "ignore patterns", "rules", "parser"], "state": 2, "file_id": 390, "knowledge_revision": 1400, "git_revision": "1aee8ed1eca8330cc765b711c43546e90b04ff39", "hash": "6045fbadb189e01a808ff3519512d8d7", "format-version": 4, "code-base-name": "universalinit", "filename": "src/universalinit/templates/angular/eslint.config.mjs", "revision_history": [{"1400": "1aee8ed1eca8330cc765b711c43546e90b04ff39"}]}