{"is_source_file": false, "format": "", "description": "", "external_files": [], "external_methods": [], "published": [], "classes": [], "methods": [], "calls": [], "search-terms": [], "state": 2, "file_id": 515, "knowledge_revision": 1524, "git_revision": "1aee8ed1eca8330cc765b711c43546e90b04ff39", "hash": "83876290ee9a0852f7fb36206f4fe9b4", "format-version": 4, "code-base-name": "universalinit", "filename": "src/universalinit/templates/vite/package.json", "revision_history": [{"1524": "1aee8ed1eca8330cc765b711c43546e90b04ff39"}]}