{"is_source_file": true, "format": "TypeScript/TSX", "description": "This file is a source code for a Qwik framework component rendering a flower generation UI with interactive and animated elements.", "external_files": ["./flower.css?inline"], "external_methods": ["useStylesScoped$", "useLocation", "useStore", "useVisibleTask$", "component$"], "published": ["head"], "classes": [], "methods": [{"name": "component$", "description": "Main functional component that renders the flower generator UI, manages internal state and lifecycle effects."}], "calls": ["useStylesScoped$(styles)", "useLocation()", "useStore({ count: 0, number: 20 })", "useVisibleTask$(({ cleanup }) => {...})", "setTimeout(() => (state.count = 1), 500)", "clearTimeout(timeout)", "setInterval(() => state.count++, 7000)", "clearInterval(internal)"], "search-terms": ["Qwik flower component", "useVisibleTask$", "useStore", "useLocation", "flower.css", "index.tsx", "flower generation UI", "Qwik components"], "state": 2, "file_id": 569, "knowledge_revision": 1595, "git_revision": "1aee8ed1eca8330cc765b711c43546e90b04ff39", "ctags": [], "hash": "2e6a607b7754724938912b649e3138c1", "format-version": 4, "code-base-name": "universalinit", "filename": "src/universalinit/templates/qwik/src/routes/demo/flower/index.tsx", "revision_history": [{"1595": "1aee8ed1eca8330cc765b711c43546e90b04ff39"}]}