{"is_source_file": true, "format": "TypeScript/TSX", "description": "This file defines a Qwik component for a flower generation page, using reactive state, scoped styles, and client-side tasks.", "external_files": ["./flower.css?inline"], "external_methods": ["setTimeout", "clearTimeout", "setInterval", "clearInterval"], "published": ["head"], "classes": [], "methods": [{"name": "component$", "description": "Functional component wrapper from Qwik for reactive components."}, {"name": "useVisibleTask$", "description": "Sets up side effects that run when the component becomes visible."}, {"name": "useStore", "description": "Initializes a reactive store for component state."}, {"name": "useStylesScoped$", "description": "Loads scoped CSS styles into the component."}], "calls": ["useLocation()", "setTimeout()", "clearTimeout()", "setInterval()", "clearInterval()"], "search-terms": ["Qwik flower component", "useVisibleTask$", "useStore", "flower.css", "flower generation", "flower", "index.tsx", "Qwik component", "scoped styles"], "state": 2, "file_id": 653, "knowledge_revision": 1675, "git_revision": "1aee8ed1eca8330cc765b711c43546e90b04ff39", "ctags": [], "hash": "2e6a607b7754724938912b649e3138c1", "format-version": 4, "code-base-name": "universalinit", "filename": "src/universalinit/templates/qwik/src/routes/demo/flower/index.tsx", "revision_history": [{"1675": "1aee8ed1eca8330cc765b711c43546e90b04ff39"}]}