{"is_source_file": false, "format": "", "description": "", "external_files": [], "external_methods": [], "published": [], "classes": [], "methods": [], "calls": [], "search-terms": [], "state": 2, "file_id": 387, "knowledge_revision": 1396, "git_revision": "1aee8ed1eca8330cc765b711c43546e90b04ff39", "hash": "2a86f233d4d2e352d01fbc72e2d6f9ca", "format-version": 4, "code-base-name": "universalinit", "filename": "src/universalinit/templates/nativescript/App_Resources/Android/src/main/res/drawable/ic_launcher_foreground.xml", "revision_history": [{"1396": "1aee8ed1eca8330cc765b711c43546e90b04ff39"}]}