{"is_source_file": true, "format": "JavaScript", "description": "This file defines the HealthController class for handling health check requests in a web application, utilizing a health service to retrieve status information and returning it as a JSON response.", "external_files": ["../services/health"], "external_methods": ["healthService.getStatus"], "published": ["new HealthController()"], "classes": [{"name": "HealthController", "description": "Controller class responsible for health check endpoints."}], "methods": [{"name": "check(req, res)", "description": "Handles health check requests, returning the current health status.", "scope": "HealthController", "scopeKind": "class"}], "calls": ["healthService.getStatus", "res.status", "res.json"], "search-terms": ["health", "HealthController", "check", "status"], "state": 2, "file_id": 50, "knowledge_revision": 440, "git_revision": "6bc2a38dc6666007e4cfeae69d380af0c27ecf5d", "ctags": [{"_type": "tag", "name": "HealthController", "path": "/home/kavia/workspace/code-generation/universalinit/src/universalinit/templates/express/src/controllers/health.js", "pattern": "/^class HealthController {$/", "language": "JavaScript", "kind": "class"}, {"_type": "tag", "name": "check", "path": "/home/kavia/workspace/code-generation/universalinit/src/universalinit/templates/express/src/controllers/health.js", "pattern": "/^  check(req, res) {$/", "language": "JavaScript", "kind": "method", "signature": "(req, res)", "scope": "HealthController", "scopeKind": "class"}, {"_type": "tag", "name": "exports", "path": "/home/kavia/workspace/code-generation/universalinit/src/universalinit/templates/express/src/controllers/health.js", "pattern": "/^module.exports = new HealthController();$/", "language": "JavaScript", "kind": "variable", "scope": "module", "scopeKind": "class"}, {"_type": "tag", "name": "healthService", "path": "/home/kavia/workspace/code-generation/universalinit/src/universalinit/templates/express/src/controllers/health.js", "pattern": "/^const healthService = require('..\\/services\\/health');$/", "language": "JavaScript", "kind": "constant"}], "hash": "05c26663041fbc83dd60748f0bc705da", "format-version": 4, "code-base-name": "universalinit", "filename": "src/universalinit/templates/express/src/controllers/health.js", "fields": [{"name": "module.exports = new HealthController();", "scope": "module", "scopeKind": "class", "description": "unavailable"}], "revision_history": [{"440": "6bc2a38dc6666007e4cfeae69d380af0c27ecf5d"}]}