{"is_source_file": true, "format": "JavaScript", "description": "This file sets up and starts an HTTP server using an Express application, with environment-based configuration for port and host. It also handles graceful shutdown on SIGTERM signal and exports the server instance.", "external_files": ["./app"], "external_methods": ["app.listen", "process.on", "server.close", "process.exit"], "published": ["server"], "classes": [], "methods": [{"name": "app.listen", "description": "Starts the Express application listening on specified port and host."}, {"name": "process.on", "description": "Registers an event handler for process signals such as SIGTERM."}, {"name": "server.close", "description": "Closes the HTTP server gracefully."}, {"name": "process.exit", "description": "Exits the Node.js process after server closure."}], "calls": ["console.log", "app.listen", "process.on", "server.close", "process.exit"], "search-terms": ["server.js", "Express server", "HTTP server", "graceful shutdown", "require('./app')", "process.env.PORT", "SIGTERM", "server.close"], "state": 2, "file_id": 629, "knowledge_revision": 1647, "git_revision": "1aee8ed1eca8330cc765b711c43546e90b04ff39", "ctags": [{"_type": "tag", "name": "HOST", "path": "/home/kavia/workspace/code-generation/universalinit/src/universalinit/templates/express/src/server.js", "pattern": "/^const HOST = process.env.HOST || '0.0.0.0';$/", "language": "JavaScript", "kind": "constant"}, {"_type": "tag", "name": "PORT", "path": "/home/kavia/workspace/code-generation/universalinit/src/universalinit/templates/express/src/server.js", "pattern": "/^const PORT = process.env.PORT || 3000;$/", "language": "JavaScript", "kind": "constant"}, {"_type": "tag", "name": "app", "path": "/home/kavia/workspace/code-generation/universalinit/src/universalinit/templates/express/src/server.js", "pattern": "/^const app = require('.\\/app');$/", "language": "JavaScript", "kind": "constant"}, {"_type": "tag", "name": "server", "path": "/home/kavia/workspace/code-generation/universalinit/src/universalinit/templates/express/src/server.js", "pattern": "/^const server = app.listen(PORT, HOST, () => {$/", "language": "JavaScript", "kind": "constant"}], "hash": "e5d7d8ed0764ea86a77b8fe15cd2b83e", "format-version": 4, "code-base-name": "universalinit", "filename": "src/universalinit/templates/express/src/server.js", "revision_history": [{"1647": "1aee8ed1eca8330cc765b711c43546e90b04ff39"}]}