{"is_source_file": true, "format": "Markdown with embedded frontmatter and code", "description": "This is a Markdown (.md) file used as a presentation slide deck for Slidev, a developer-oriented presentation framework. It contains frontmatter configuration, markdown slides, embedded code snippets, diagrams, LaTeX math, and custom components.", "external_files": ["@/snippets/external.ts#snippet", "@/pages/imported-slides.md"], "external_methods": [], "published": [], "classes": [], "methods": [], "calls": ["$slidev.nav.next", "$slidev.nav.openInEditor"], "search-terms": ["slidev", "presentation", "markdown slides", "frontmatter", "diagrams", "LaTeX", "Vue components", "themes", "code snippets", "Markdown"], "state": 2, "file_id": 576, "knowledge_revision": 1597, "git_revision": "1aee8ed1eca8330cc765b711c43546e90b04ff39", "hash": "293c35623e48e3833594da6aee70ebe4", "format-version": 4, "code-base-name": "universalinit", "filename": "src/universalinit/templates/slidev/slides.md", "revision_history": [{"1597": "1aee8ed1eca8330cc765b711c43546e90b04ff39"}]}