{"is_source_file": true, "format": "Python", "description": "Django admin configuration file registering models with the admin site.", "external_files": ["django.contrib"], "external_methods": ["django.contrib.admin"], "published": [], "classes": [], "methods": [], "calls": ["django.contrib.admin"], "search-terms": ["django", "admin", "register", "models", "universalinit", "templates", "django/admin.py"], "state": 2, "file_id": 509, "knowledge_revision": 1527, "git_revision": "1aee8ed1eca8330cc765b711c43546e90b04ff39", "ctags": [], "hash": "e3dc717de887db03a015667a5fec59d8", "format-version": 4, "code-base-name": "universalinit", "filename": "src/universalinit/templates/django/api/admin.py", "revision_history": [{"1527": "1aee8ed1eca8330cc765b711c43546e90b04ff39"}]}