{"is_source_file": true, "format": "ECMAScript Module (.mjs)", "description": "ESLint configuration file defining rules and plugin configurations for JavaScript and TypeScript projects in a Nuxt.js environment.", "external_files": ["@eslint/js", "globals", "typescript-eslint"], "external_methods": ["js.configs.recommended", "tseslint.configs.recommended", "tseslint.parser"], "published": [], "classes": [], "methods": [{"name": "default", "description": "Exports an array of ESLint configurations combining recommended settings, ignores, and language-specific rules for JS and TS files."}], "calls": ["js.configs.recommended", "tseslint.configs.recommended"], "search-terms": ["eslint", "typescript", "Nuxt", "ESLint configuration", "rules", "plugins", "typescript-eslint", "globals", "recommended"], "state": 2, "file_id": 616, "knowledge_revision": 1629, "git_revision": "1aee8ed1eca8330cc765b711c43546e90b04ff39", "hash": "6bbf88a99fa9b1a0d3b508e69c6e2f4f", "format-version": 4, "code-base-name": "universalinit", "filename": "src/universalinit/templates/nuxt/eslint.config.mjs", "revision_history": [{"1629": "1aee8ed1eca8330cc765b711c43546e90b04ff39"}]}