{"is_source_file": true, "format": "TypeScript", "description": "This file is a configuration script for the Vite build tool, specifically integrating Svelte and testing configurations for a project. It exports a default configuration object defining server settings and test setups.", "external_files": ["@testing-library/svelte/vite", "@sveltejs/kit/vite", "vite"], "external_methods": ["svelteTesting", "sveltekit", "defineConfig"], "published": ["default"], "classes": [], "methods": [{"name": "defineConfig", "description": "Defines the Vite configuration object, wrapping the configuration settings."}], "calls": ["sveltekit()", "defineConfig({ ... })"], "search-terms": ["vite.config.ts", "SvelteKit plugin", "Vite server configuration", "test setup", "Vite plugins", "svelteTesting"], "state": 2, "file_id": 420, "knowledge_revision": 1437, "git_revision": "1aee8ed1eca8330cc765b711c43546e90b04ff39", "ctags": [], "hash": "56df2df7e65a8e5b34870c711c6f770e", "format-version": 4, "code-base-name": "universalinit", "filename": "src/universalinit/templates/svelte/vite.config.ts", "revision_history": [{"1437": "1aee8ed1eca8330cc765b711c43546e90b04ff39"}]}