{"is_source_file": false, "format": "", "description": "", "external_files": [], "external_methods": [], "published": [], "classes": [], "methods": [], "calls": [], "search-terms": [], "state": 2, "file_id": 467, "knowledge_revision": 1483, "git_revision": "1aee8ed1eca8330cc765b711c43546e90b04ff39", "ctags": [], "hash": "1a77571e1a8cf36018a41bcedf60db75", "format-version": 4, "code-base-name": "universalinit", "filename": "src/universalinit/templates/react/src/setupTests.js", "revision_history": [{"1483": "1aee8ed1eca8330cc765b711c43546e90b04ff39"}]}