{"is_source_file": true, "format": "Python", "description": "Configuration file for ASGI deployment of a Django project, setting up the application callable.", "external_files": ["django.core.asgi", "config.settings"], "external_methods": ["django.core.asgi.get_asgi_application"], "published": ["application"], "classes": [], "methods": [{"name": "get_asgi_application", "description": "Returns the ASGI application callable for the project."}], "calls": ["django.core.asgi.get_asgi_application"], "search-terms": ["asgi.py", "django", "ASGI", "application", "deployment", "settings"], "state": 2, "file_id": 407, "knowledge_revision": 1428, "git_revision": "1aee8ed1eca8330cc765b711c43546e90b04ff39", "ctags": [{"_type": "tag", "name": "application", "path": "/home/kavia/workspace/code-generation/universalinit/src/universalinit/templates/django/config/asgi.py", "pattern": "/^application = get_asgi_application()$/", "language": "Python", "kind": "variable"}], "hash": "63d5777b090ac063ecd29c3dfa786ba5", "format-version": 4, "code-base-name": "universalinit", "filename": "src/universalinit/templates/django/config/asgi.py", "fields": [{"name": "application = get_asgi_application()", "scope": "", "scopeKind": "", "description": "unavailable"}], "revision_history": [{"1428": "1aee8ed1eca8330cc765b711c43546e90b04ff39"}]}