{"is_source_file": true, "format": "TypeScript (TSX)", "description": "This file defines a Qwik component for the header section of a web application, including logo and navigation links.", "external_files": ["@builder.io/qwik", "../icons/qwik", "./header.module.css"], "external_methods": ["component$"], "published": [], "classes": [], "methods": [{"name": "default", "description": "Default export function creating a Qwik header component that renders a logo and navigation links."}], "calls": ["component$", "QwikLogo", "styles.header", "styles.wrapper", "styles.logo"], "search-terms": ["header component", "QwikLogo", "styles.module.css", "header.tsx", "component$", "Qwik"], "state": 2, "file_id": 571, "knowledge_revision": 1588, "git_revision": "1aee8ed1eca8330cc765b711c43546e90b04ff39", "ctags": [], "hash": "0330aa1892b548cb916c9b3db77a3e9c", "format-version": 4, "code-base-name": "universalinit", "filename": "src/universalinit/templates/qwik/src/components/starter/header/header.tsx", "revision_history": [{"1588": "1aee8ed1eca8330cc765b711c43546e90b04ff39"}]}