{"is_source_file": true, "format": "TypeScript", "description": "This file sets up a basic web page with logos, a heading, a button, and some text, importing CSS and assets, and initializing a counter setup.", "external_files": ["./style.css", "./typescript.svg", "/vite.svg", "./counter.ts"], "external_methods": ["setupCounter"], "published": [], "classes": [], "methods": ["setupCounter"], "calls": ["setupCounter"], "search-terms": ["index.html", "setupCounter", "Vite", "TypeScript", "Asset imports"], "state": 2, "file_id": 619, "knowledge_revision": 1637, "git_revision": "1aee8ed1eca8330cc765b711c43546e90b04ff39", "ctags": [], "hash": "9ae7fb6d204e0434b836ab83915f60d0", "format-version": 4, "code-base-name": "universalinit", "filename": "src/universalinit/templates/typescript/src/main.ts", "revision_history": [{"1637": "1aee8ed1eca8330cc765b711c43546e90b04ff39"}]}