{"is_source_file": true, "format": "Python", "description": "This file is a manage.py script for a Django project, used to execute administrative commands for the project.", "external_files": ["django.core.management"], "external_methods": ["django.core.management.execute_from_command_line"], "published": ["main"], "classes": [], "methods": [{"name": "main()", "description": "Executes Django administrative tasks, setting the environment variable for settings and running command line execution.", "scope": "", "scopeKind": ""}], "calls": ["django.core.management.execute_from_command_line"], "search-terms": ["manage.py", "Django", "administrative tasks", "execute_from_command_line", "DJANGO_SETTINGS_MODULE"], "state": 2, "file_id": 371, "knowledge_revision": 1386, "git_revision": "2028ea7a4a4843e6263708f2139ded60b9650606", "ctags": [{"_type": "tag", "name": "main", "path": "/home/kavia/workspace/code-generation/universalinit/src/universalinit/templates/django/manage.py", "pattern": "/^def main():$/", "language": "Python", "kind": "function", "signature": "()"}], "hash": "09ce28f22db4398409f377833475117f", "format-version": 4, "code-base-name": "universalinit", "filename": "src/universalinit/templates/django/manage.py", "revision_history": [{"1386": "2028ea7a4a4843e6263708f2139ded60b9650606"}]}