{"is_source_file": true, "format": "bash", "description": "A startup script for managing MongoDB server lifecycle and initial setup, including checks for existing instances, starting MongoDB with specific configurations, creating users and database, and saving connection info and environment variables.", "external_files": ["db_connection.txt", "db_visualizer/mongodb.env"], "external_methods": ["mongosh", "pgrep", "lsof", "pkill", "sleep"], "published": [], "classes": [], "methods": [], "calls": ["mongosh", "pgrep", "lsof", "pkill", "sleep"], "search-terms": ["mongodb", "startup.sh", "mongod", "MongoDB server lifecycle", "user creation", "database setup", "shell script", "bash"], "state": 2, "file_id": 636, "knowledge_revision": 1648, "git_revision": "1aee8ed1eca8330cc765b711c43546e90b04ff39", "hash": "a5cffa3a0c62b0ad3e0a1886acab1420", "format-version": 4, "code-base-name": "universalinit", "filename": "src/universalinit/templates/mongodb/startup.sh", "revision_history": [{"1648": "1aee8ed1eca8330cc765b711c43546e90b04ff39"}]}