{"is_source_file": true, "format": "TypeScript/JavaScript (TSX)", "description": "This file serves as the client entry point for a Remix application, handling hydration of the app on the client side using React APIs.", "external_files": ["@remix-run/react", "react", "react-dom/client"], "external_methods": ["hydrateRoot", "startTransition"], "published": [], "classes": [{"name": "RemixBrowser", "description": "Remix's client-side router component that manages app hydration and routing."}], "methods": [{"name": "hydrateRoot", "description": "React DOM method to hydrate a server-rendered React application in a container."}, {"name": "startTransition", "description": "React method to schedule state updates with lower priority, used here to hydrate the app asynchronously."}], "calls": ["startTransition", "hydrateRoot"], "search-terms": ["RemixBrowser", "entry.client.tsx", "hydrateRoot", "react-dom", "client hydration"], "state": 2, "file_id": 550, "knowledge_revision": 1581, "git_revision": "1aee8ed1eca8330cc765b711c43546e90b04ff39", "ctags": [], "hash": "5d53ef36a3075b464b930b7d096d41a0", "format-version": 4, "code-base-name": "universalinit", "filename": "src/universalinit/templates/remix/app/entry.client.tsx", "revision_history": [{"1581": "1aee8ed1eca8330cc765b711c43546e90b04ff39"}]}