{"is_source_file": true, "format": "TypeScript", "description": "Vite configuration file for setting up development server options including host, port, allowed hosts, headers, and file watching.", "external_files": ["vite"], "external_methods": ["defineConfig"], "published": ["defineConfig"], "classes": [], "methods": [], "calls": ["defineConfig"], "search-terms": ["vite.config.ts", "development server", "Vite", "host", "port", "allowedHosts"], "state": 2, "file_id": 347, "knowledge_revision": 1369, "git_revision": "1aee8ed1eca8330cc765b711c43546e90b04ff39", "ctags": [], "hash": "6efeb32d6235067d6bad81a886455a94", "format-version": 4, "code-base-name": "universalinit", "filename": "src/universalinit/templates/slidev/vite.config.ts", "revision_history": [{"1369": "1aee8ed1eca8330cc765b711c43546e90b04ff39"}]}