{"is_source_file": true, "format": "Python", "description": "This file configures URL routing for a Django project, including schema views for API documentation with Swagger and Redoc, and uses DRF for permissions and schema generation.", "external_files": ["django.contrib", "django.urls", "rest_framework.permissions", "drf_yasg.views", "drf_yasg.openapi", "django.views.decorators.csrf", "api.urls"], "external_methods": ["get_schema_view", "permissions.AllowAny", "include", "path", "re_path", "csrf_exempt"], "published": ["urlpatterns", "schema_view", "dynamic_schema_view", "get_full_url"], "classes": [], "methods": [{"name": "get_full_url(request)", "description": "Constructs the full URL based on the request scheme, host, and forwarded port.", "scope": "", "scopeKind": ""}, {"name": "dynamic_schema_view(request, *args, **kwargs)", "description": "Generates and returns the dynamic API schema view with Swagger UI.", "scope": "", "scopeKind": ""}], "calls": ["get_schema_view", "permissions.AllowAny", "include", "path", "re_path", "schema_view.with_ui", "schema_view.without_ui", "get_full_url"], "search-terms": ["Django URL configuration", "Swagger schema view", "drf_yasg", "API documentation routes", "dynamic schema view", "csrf_exempt", "re_path"], "state": 2, "file_id": 410, "knowledge_revision": 1433, "git_revision": "1aee8ed1eca8330cc765b711c43546e90b04ff39", "ctags": [{"_type": "tag", "name": "dynamic_schema_view", "path": "/home/kavia/workspace/code-generation/universalinit/src/universalinit/templates/django/config/urls.py", "pattern": "/^def dynamic_schema_view(request, *args, **kwargs):$/", "language": "Python", "kind": "function", "signature": "(request, *args, **kwargs)"}, {"_type": "tag", "name": "get_full_url", "path": "/home/kavia/workspace/code-generation/universalinit/src/universalinit/templates/django/config/urls.py", "pattern": "/^def get_full_url(request):$/", "language": "Python", "kind": "function", "signature": "(request)"}, {"_type": "tag", "name": "schema_view", "path": "/home/kavia/workspace/code-generation/universalinit/src/universalinit/templates/django/config/urls.py", "pattern": "/^schema_view = get_schema_view($/", "language": "Python", "kind": "variable"}, {"_type": "tag", "name": "urlpatterns", "path": "/home/kavia/workspace/code-generation/universalinit/src/universalinit/templates/django/config/urls.py", "pattern": "/^urlpatterns = [$/", "language": "Python", "kind": "variable"}], "hash": "482cd4ea609c28e217819d5339030112", "format-version": 4, "code-base-name": "universalinit", "filename": "src/universalinit/templates/django/config/urls.py", "fields": [{"name": "schema_view = get_schema_view(", "scope": "", "scopeKind": "", "description": "unavailable"}, {"name": "urlpatterns = [", "scope": "", "scopeKind": "", "description": "unavailable"}], "revision_history": [{"1433": "1aee8ed1eca8330cc765b711c43546e90b04ff39"}]}