{"is_source_file": true, "format": "TypeScript (TSX)", "description": "This file defines a React component for the homepage of a Next.js application, rendering a layout with images, links, and styled content.", "external_files": ["next/image"], "external_methods": ["Image"], "published": [], "classes": [], "methods": [{"name": "Home", "description": "Default React functional component that renders the homepage layout for the Next.js app."}], "calls": ["Image"], "search-terms": ["Next.js", "React component", "page.tsx", "homepage layout", "Next.js image component", "TypeScript React"], "state": 2, "file_id": 404, "knowledge_revision": 1425, "git_revision": "1aee8ed1eca8330cc765b711c43546e90b04ff39", "ctags": [], "hash": "1717a2c38b856d93284b673ec27c8cf8", "format-version": 4, "code-base-name": "universalinit", "filename": "src/universalinit/templates/nextjs/src/app/page.tsx", "revision_history": [{"1425": "1aee8ed1eca8330cc765b711c43546e90b04ff39"}]}