{"is_source_file": true, "format": "TypeScript/TSX", "description": "This file is a React-like component written in TSX (TypeScript JSX) using the Qwik framework. It defines the main route/component for the index page, importing various components and rendering a homepage with sections such as hero, counter, info boxes, and links.", "external_files": ["../components/starter/counter/counter", "../components/starter/hero/hero", "../components/starter/infobox/infobox", "../components/starter/next-steps/next-steps", "@builder.io/qwik", "@builder.io/qwik-city"], "external_methods": ["component$"], "published": ["head"], "classes": [], "methods": [{"name": "component$", "description": "Main component function that returns the JSX structure for the index page."}], "calls": ["component$", "Counter", "Hero", "Infobox", "Head"], "search-terms": ["tsx", "Qwik index route", "component$", "homepage layout", "Qwik import", "index.tsx"], "state": 2, "file_id": 652, "knowledge_revision": 1676, "git_revision": "1aee8ed1eca8330cc765b711c43546e90b04ff39", "ctags": [], "hash": "393ef3f8baffb6f954dc12583ec00959", "format-version": 4, "code-base-name": "universalinit", "filename": "src/universalinit/templates/qwik/src/routes/index.tsx", "revision_history": [{"1676": "1aee8ed1eca8330cc765b711c43546e90b04ff39"}]}