{"is_source_file": true, "format": "TypeScript/TSX", "description": "This file is a React component written in TSX, representing the index (home) route of a Remix application. It includes meta information, a welcoming header, and resource links with icons.", "external_files": ["@remix-run/node"], "external_methods": ["MetaFunction"], "published": ["meta"], "classes": [], "methods": [{"name": "Index", "description": "Functional React component rendering the main page content with header and resource links."}], "calls": ["meta", "resources.map"], "search-terms": ["remix", "Index", "meta", "resources", "react component", "route", "TSX"], "state": 2, "file_id": 468, "knowledge_revision": 1492, "git_revision": "1aee8ed1eca8330cc765b711c43546e90b04ff39", "ctags": [], "hash": "6d28052a030fa0277aebc7c4bb572511", "format-version": 4, "code-base-name": "universalinit", "filename": "src/universalinit/templates/remix/app/routes/_index.tsx", "revision_history": [{"1492": "1aee8ed1eca8330cc765b711c43546e90b04ff39"}]}