{"is_source_file": true, "format": "JavaScript", "description": "This file defines an Express.js route for the root endpoint '/' which provides a health check, utilizing a healthController to handle the request.", "external_files": ["../controllers/health"], "external_methods": ["healthController.check"], "published": ["router"], "classes": [], "methods": [{"name": "router.get", "description": "Defines a GET route at '/' that invokes the healthController's check method."}], "calls": ["healthController.check.bind"], "search-terms": ["express", "health endpoint", "routes", "healthController", "index.js", "router"], "state": 2, "file_id": 621, "knowledge_revision": 1641, "git_revision": "1aee8ed1eca8330cc765b711c43546e90b04ff39", "ctags": [{"_type": "tag", "name": "express", "path": "/home/kavia/workspace/code-generation/universalinit/src/universalinit/templates/express/src/routes/index.js", "pattern": "/^const express = require('express');$/", "language": "JavaScript", "kind": "constant"}, {"_type": "tag", "name": "healthController", "path": "/home/kavia/workspace/code-generation/universalinit/src/universalinit/templates/express/src/routes/index.js", "pattern": "/^const healthController = require('..\\/controllers\\/health');$/", "language": "JavaScript", "kind": "constant"}, {"_type": "tag", "name": "router", "path": "/home/kavia/workspace/code-generation/universalinit/src/universalinit/templates/express/src/routes/index.js", "pattern": "/^const router = express.Router();$/", "language": "JavaScript", "kind": "constant"}], "hash": "65440e156977076adec2544b5e71e9b6", "format-version": 4, "code-base-name": "universalinit", "filename": "src/universalinit/templates/express/src/routes/index.js", "revision_history": [{"1641": "1aee8ed1eca8330cc765b711c43546e90b04ff39"}]}