{"is_source_file": true, "format": "TypeScript React JSX (TSX)", "description": "Source code for a React component named 'Logo' using Remotion library for video composition. The component orchestrates animated logo graphics involving arcs and an atom, with configurable colors.", "external_files": ["./Arc", "./Atom", "@remotion/zod-types"], "external_methods": ["useVideoConfig", "useCurrentFrame", "spring", "interpolate"], "published": [], "classes": [], "methods": [{"name": "Logo", "description": "React functional component that renders animated logo graphics with configurable colors."}], "calls": ["useVideoConfig", "useCurrentFrame", "spring", "interpolate", "Arc", "Atom"], "search-terms": ["Logo", "remotion", "Arc", "Atom", "zColor", "Logo.tsx", "animation"], "state": 2, "file_id": 501, "knowledge_revision": 1522, "git_revision": "1aee8ed1eca8330cc765b711c43546e90b04ff39", "ctags": [], "hash": "da067dd9634b1290d01907f36ef18835", "format-version": 4, "code-base-name": "universalinit", "filename": "src/universalinit/templates/remotion/src/HelloWorld/Logo.tsx", "revision_history": [{"1522": "1aee8ed1eca8330cc765b711c43546e90b04ff39"}]}