{"is_source_file": true, "format": "JavaScript", "description": "This file defines a Lightning.js component called 'Loader' that displays a simple animated loading indicator composed of three circles with fading transition effects.", "external_files": ["@lightningjs/blits"], "external_methods": ["this.$setInterval"], "published": [], "classes": [{"name": "Loader", "description": "A Lightning.js component that shows animated circles as a loading indicator."}], "methods": [{"name": "start", "description": "Initiates an interval to toggle the 'alpha' property for animation."}], "calls": ["this.$setInterval"], "search-terms": ["Lightning.js", "Loader", "loading indicator", "component", "animated circles", "fade transition"], "state": 2, "file_id": 540, "knowledge_revision": 1559, "git_revision": "1aee8ed1eca8330cc765b711c43546e90b04ff39", "ctags": [], "hash": "0ec1151cdc25744075ba4da8e3d65407", "format-version": 4, "code-base-name": "universalinit", "filename": "src/universalinit/templates/lightningjs/src/components/Loader.js", "revision_history": [{"1559": "1aee8ed1eca8330cc765b711c43546e90b04ff39"}]}