{"is_source_file": true, "format": "TypeScript/TSX", "description": "This file defines a React functional component 'Logo' which renders animated SVG-like graphics using Remotion. It includes external dependencies, custom components, schema validation, and animation logic for a logo animation sequence.", "external_files": ["./Arc", "./Atom", "@remotion/zod-types"], "external_methods": ["useVideoConfig", "useCurrentFrame", "spring", "interpolate", "AbsoluteFill"], "published": ["Logo", "myCompSchema2"], "classes": [], "methods": [{"name": "Logo", "description": "React functional component rendering animated logo with configurable colors and animation effects."}], "calls": ["spring", "interpolate", "useVideoConfig", "useCurrentFrame"], "search-terms": ["Logo", "remotion", "Arc", "Atom", "zod", "animation", "react"], "state": 2, "file_id": 381, "knowledge_revision": 1399, "git_revision": "1aee8ed1eca8330cc765b711c43546e90b04ff39", "ctags": [], "hash": "da067dd9634b1290d01907f36ef18835", "format-version": 4, "code-base-name": "universalinit", "filename": "src/universalinit/templates/remotion/src/HelloWorld/Logo.tsx", "revision_history": [{"1399": "1aee8ed1eca8330cc765b711c43546e90b04ff39"}]}