{"is_source_file": true, "format": "JavaScript (ES Modules, Vite configuration)", "description": "This is a Vite configuration file written in JavaScript, setting up project build and development server options, including plugins, server security headers, and module resolution.", "external_files": ["@lightningjs/blits/vite"], "external_methods": ["defineConfig"], "published": [], "classes": [], "methods": [{"name": "defineConfig", "description": "Function that defines and returns the Vite configuration object."}], "calls": ["defineConfig"], "search-terms": ["vite.config.js", "lightningjs", "blitsVitePlugins", "defineConfig", "server configuration", "build setup"], "state": 2, "file_id": 402, "knowledge_revision": 1426, "git_revision": "1aee8ed1eca8330cc765b711c43546e90b04ff39", "ctags": [], "hash": "8acdac9175269e76719fddf670b22d2f", "format-version": 4, "code-base-name": "universalinit", "filename": "src/universalinit/templates/lightningjs/vite.config.js", "revision_history": [{"1426": "1aee8ed1eca8330cc765b711c43546e90b04ff39"}]}