{"is_source_file": false, "format": "", "description": "", "external_files": [], "external_methods": [], "published": [], "classes": [], "methods": [], "calls": [], "search-terms": [], "state": 2, "file_id": 517, "knowledge_revision": 1529, "git_revision": "1aee8ed1eca8330cc765b711c43546e90b04ff39", "hash": "9edfbaa7b6cb6825139605c2ad54b247", "format-version": 4, "code-base-name": "universalinit", "filename": "src/universalinit/templates/remotion/config.yml", "revision_history": [{"1529": "1aee8ed1eca8330cc765b711c43546e90b04ff39"}]}