{"is_source_file": false, "format": "", "description": "", "external_files": [], "external_methods": [], "published": [], "classes": [], "methods": [], "calls": [], "search-terms": ["configure_environment", "build_cmd", "install_dependencies", "env", "init_files", "init_minimal", "run_tool", "test_tool", "init_style", "linter", "post_processing", "yaml"], "state": 2, "file_id": 461, "knowledge_revision": 1477, "git_revision": "1aee8ed1eca8330cc765b711c43546e90b04ff39", "hash": "4b1c4a7f16c3e58c017a7604cf96888a", "format-version": 4, "code-base-name": "universalinit", "filename": "src/universalinit/templates/react/config.yml", "revision_history": [{"1477": "1aee8ed1eca8330cc765b711c43546e90b04ff39"}]}