{"is_source_file": true, "format": "Markdown", "description": "This file is a Markdown documentation file describing the usage of a 'for loop' directive/component in a JavaScript framework called Blits. It provides explanations, syntax examples, and best practices for implementing for loops within component templates, including usage of indices, keys, referencing elements, range filtering, and scope variables.", "external_files": ["./../directives.html"], "external_methods": [], "published": [], "classes": [], "methods": [], "calls": [], "search-terms": ["for loop", "Blits.Component", "template syntax", "$items", ":for", "key attribute", "reference elements", "range attribute", "scope variables", "performance optimization"], "state": 2, "file_id": 536, "knowledge_revision": 1549, "git_revision": "1aee8ed1eca8330cc765b711c43546e90b04ff39", "hash": "62ad2071437a9c48965a87abeaf924e8", "format-version": 4, "code-base-name": "universalinit", "filename": "src/universalinit/templates/lightningjs/docs/built-in_for-loop.md", "revision_history": [{"1549": "1aee8ed1eca8330cc765b711c43546e90b04ff39"}]}