{"is_source_file": true, "format": "TypeScript", "description": "This file is a configuration script for a Vite-based development environment utilizing Remix and TypeScript plugins, setting up build and server options for a web project.", "external_files": ["@remix-run/dev", "vite", "vite-tsconfig-paths"], "external_methods": ["defineConfig", "vitePlugin as remix"], "published": [], "classes": [], "methods": [{"name": "defineConfig", "description": "Defines and exports the Vite configuration object, including plugins and server settings."}], "calls": ["remix", "tsconfigPaths"], "search-terms": ["vite.config.ts", "remix-vite", "typescript", "configuration", "Vite plugins", "development server"], "state": 2, "file_id": 431, "knowledge_revision": 1450, "git_revision": "1aee8ed1eca8330cc765b711c43546e90b04ff39", "ctags": [{"_type": "tag", "name": "Future", "path": "/home/kavia/workspace/code-generation/universalinit/src/universalinit/templates/remix/vite.config.ts", "pattern": "/^  interface Future {$/", "language": "TypeScript", "kind": "interface"}, {"_type": "tag", "name": "v3_singleFetch", "path": "/home/kavia/workspace/code-generation/universalinit/src/universalinit/templates/remix/vite.config.ts", "pattern": "/^    v3_singleFetch: true;$/", "language": "TypeScript", "kind": "property", "scope": "Future", "scopeKind": "interface"}], "hash": "52c7db1cd6c721057729f39be3ba5586", "format-version": 4, "code-base-name": "universalinit", "filename": "src/universalinit/templates/remix/vite.config.ts", "fields": [{"name": "interface Future {", "scope": "", "scopeKind": "", "description": "unavailable"}, {"name": "v3_singleFetch: true;", "scope": "Future", "scopeKind": "interface", "description": "unavailable"}], "revision_history": [{"1450": "1aee8ed1eca8330cc765b711c43546e90b04ff39"}]}