{"is_source_file": true, "format": "TypeScript", "description": "This file is a Vite configuration file written in TypeScript, defining server settings such as host, port, CORS, headers, and watch options for a development server.", "external_files": ["vite"], "external_methods": ["defineConfig"], "published": [], "classes": [], "methods": [], "calls": ["defineConfig"], "search-terms": ["vite.config", "defineConfig", "server", "host", "allowedHosts", "cors", "headers", "watch", "usePolling"], "state": 2, "file_id": 654, "knowledge_revision": 1676, "git_revision": "1aee8ed1eca8330cc765b711c43546e90b04ff39", "ctags": [], "hash": "aa804215dee9fd8b018893fb255987eb", "format-version": 4, "code-base-name": "universalinit", "filename": "src/universalinit/templates/typescript/vite.config.ts", "revision_history": [{"1676": "1aee8ed1eca8330cc765b711c43546e90b04ff39"}]}