{"is_source_file": false, "format": "", "description": "", "external_files": [], "external_methods": [], "published": [], "classes": [], "methods": [], "calls": [], "search-terms": [], "state": 2, "file_id": 581, "knowledge_revision": 1595, "git_revision": "1aee8ed1eca8330cc765b711c43546e90b04ff39", "hash": "4e02fd62abb1a9bcb7a41dcc0679dbb2", "format-version": 4, "code-base-name": "universalinit", "filename": "src/universalinit/templates/nativescript/App_Resources/iOS/Assets.xcassets/AppIcon.appiconset/Contents.json", "revision_history": [{"1595": "1aee8ed1eca8330cc765b711c43546e90b04ff39"}]}