{"is_source_file": true, "format": "bash script", "description": "This is a startup script for initializing and managing a PostgreSQL server instance, setting up database and user permissions, and providing connection instructions.", "external_files": ["/usr/lib/postgresql/", "/var/lib/postgresql/data/PG_VERSION", "db_connection.txt", "db_visualizer/postgres.env"], "external_methods": ["ls", "sudo", "pg_isready", "pgrep", "initdb", "postgres", "psql", "createdb"], "published": [], "classes": [], "methods": [], "calls": ["ls /usr/lib/postgresql/", "sudo -u postgres pg_isready", "sudo -u postgres psql", "sudo -u postgres initdb", "sudo -u postgres postgres", "sudo -u postgres createdb", "sudo -u postgres psql"], "search-terms": ["PostgreSQL startup script", "database setup", "postgreSQL version detection", "database permissions", "database initialization", "connection string generation", "shell scripting for DB"], "state": 2, "file_id": 602, "knowledge_revision": 1617, "git_revision": "1aee8ed1eca8330cc765b711c43546e90b04ff39", "hash": "3664b8e1a9d0acb09ef2cd72feece193", "format-version": 4, "code-base-name": "universalinit", "filename": "src/universalinit/templates/postgresql/startup.sh", "revision_history": [{"1617": "1aee8ed1eca8330cc765b711c43546e90b04ff39"}]}