{"is_source_file": true, "format": "TypeScript (TSX)", "description": "This file defines a React functional component named 'Logo' which renders animated SVG-like graphics composed of arcs and an atom, utilizing the remotion library for video creation and zod for schema validation. It also exports a schema for logo colors.", "external_files": ["./Arc", "./Atom"], "external_methods": ["useVideoConfig", "useCurrentFrame", "spring", "interpolate", "AbsoluteFill"], "published": ["myCompSchema2", "Logo"], "classes": [], "methods": [{"name": "Logo", "description": "React functional component that renders animated logo graphics with configurable colors."}], "calls": ["spring", "interpolate", "useVideoConfig", "useCurrentFrame", "AbsoluteFill", "Arc", "Atom"], "search-terms": ["Logo", "spring animation", "Arc component", "Atom component", "zod schema", "remotion React"], "state": 2, "file_id": 344, "knowledge_revision": 1359, "git_revision": "1aee8ed1eca8330cc765b711c43546e90b04ff39", "ctags": [], "hash": "da067dd9634b1290d01907f36ef18835", "format-version": 4, "code-base-name": "universalinit", "filename": "src/universalinit/templates/remotion/src/HelloWorld/Logo.tsx", "revision_history": [{"1359": "1aee8ed1eca8330cc765b711c43546e90b04ff39"}]}