{"is_source_file": false, "format": "", "description": "", "external_files": [], "external_methods": [], "published": [], "classes": [], "methods": [], "calls": [], "search-terms": [], "state": 2, "file_id": 474, "knowledge_revision": 1488, "git_revision": "1aee8ed1eca8330cc765b711c43546e90b04ff39", "hash": "f58bfe1e468374b7d24b7ec645265b6a", "format-version": 4, "code-base-name": "universalinit", "filename": "src/universalinit/templates/typescript/tsconfig.json", "revision_history": [{"1488": "1aee8ed1eca8330cc765b711c43546e90b04ff39"}]}