{"is_source_file": true, "format": "JavaScript", "description": "This file defines a function 'HomeViewModel' that creates and returns a NativeScript ViewModel object using 'fromObject'. It serves as the ViewModel for the 'home' page in a NativeScript application.", "external_files": ["@nativescript/core"], "external_methods": ["fromObject"], "published": [], "classes": [], "methods": [{"name": "HomeViewModel()", "description": "Creates and returns a ViewModel object for the home view in a NativeScript application.", "scope": "", "scopeKind": ""}], "calls": ["fromObject"], "search-terms": ["nativeScript", "viewmodel", "app home", "home-view-model", "fromObject", "nativescript/core"], "state": 2, "file_id": 596, "knowledge_revision": 1632, "git_revision": "1aee8ed1eca8330cc765b711c43546e90b04ff39", "ctags": [{"_type": "tag", "name": "HomeViewModel", "path": "/home/kavia/workspace/code-generation/universalinit/src/universalinit/templates/nativescript/app/home/home-view-model.js", "pattern": "/^export function HomeViewModel() {$/", "language": "JavaScript", "kind": "function", "signature": "()"}], "hash": "b44f1b1314003ce4217d9c1ef7847dee", "format-version": 4, "code-base-name": "universalinit", "filename": "src/universalinit/templates/nativescript/app/home/home-view-model.js", "revision_history": [{"1632": "1aee8ed1eca8330cc765b711c43546e90b04ff39"}]}