{"is_source_file": false, "format": null, "description": null, "external_files": [], "external_methods": [], "published": [], "classes": [], "methods": [], "calls": [], "search-terms": ["package.json", "dependencies", "scripts", "angular"], "state": 2, "file_id": 179, "knowledge_revision": 571, "git_revision": "5871a58f2b6de5f88bb6da0648c3309649837570", "hash": "01baab25e7c57e65c9edc86e42c126e8", "format-version": 4, "code-base-name": "universalinit", "filename": "src/universalinit/templates/angular/package.json", "revision_history": [{"571": "5871a58f2b6de5f88bb6da0648c3309649837570"}]}