{"is_source_file": true, "format": "TypeScript (TSX)", "description": "This file defines a Qwik component for a 'Next Steps' guide, which displays instructions to the user and reacts to window events and button clicks.", "external_files": ["./next-steps.module.css"], "external_methods": ["useOnWindow", "component$", "$", "useSignal"], "published": ["GETTING_STARTED_STEPS", "default"], "classes": [], "methods": [{"name": "exported component$", "description": "Main Qwik component function that manages state and renders UI with instructions and interactions."}], "calls": ["useOnWindow", "$", "useSignal"], "search-terms": ["Qwik", "NextSteps", "component$", "useOnWindow", "useSignal", "TSX", "instructions", "reactive component"], "state": 2, "file_id": 571, "knowledge_revision": 1599, "git_revision": "1aee8ed1eca8330cc765b711c43546e90b04ff39", "ctags": [], "hash": "634019ff1005824a1bf8998a0c2b3fb0", "format-version": 4, "code-base-name": "universalinit", "filename": "src/universalinit/templates/qwik/src/components/starter/next-steps/next-steps.tsx", "revision_history": [{"1599": "1aee8ed1eca8330cc765b711c43546e90b04ff39"}]}