{"is_source_file": true, "format": "TypeScript/TSX", "description": "This file is a server entry point for a Remix-based web application, handling HTTP requests, distinguishing between bot and browser clients, and managing server-side rendering streams.", "external_files": ["@remix-run/node", "@remix-run/react", "isbot", "react-dom/server"], "external_methods": ["createReadableStreamFromReadable", "renderToPipeableStream", "PassThrough", "isbot"], "published": [], "classes": [], "methods": [{"name": "handleRequest", "description": "Main request handler that sets CORS headers, manages OPTIONS preflight, and delegates requests to bot or browser handlers based on user-agent."}, {"name": "handleBotRequest", "description": "Handles server-side rendering for bot clients, streams HTML content, and manages rendering errors."}, {"name": "handleBrowserRequest", "description": "Handles server-side rendering for browser clients, streams HTML content, and manages rendering errors."}], "calls": ["isbot", "renderToPipeableStream", "createReadableStreamFromReadable", "PassThrough", "Response"], "search-terms": ["entry.server.tsx", "RemixServer", "handleRequest", "server-side rendering", "streaming HTML response", "isbot detection", "CORS headers"], "state": 2, "file_id": 485, "knowledge_revision": 1508, "git_revision": "1aee8ed1eca8330cc765b711c43546e90b04ff39", "ctags": [], "hash": "ea3fdec8a39ab86ca67d22f9ecc48c65", "format-version": 4, "code-base-name": "universalinit", "filename": "src/universalinit/templates/remix/app/entry.server.tsx", "revision_history": [{"1508": "1aee8ed1eca8330cc765b711c43546e90b04ff39"}]}