{"is_source_file": true, "format": "TypeScript", "description": "This file defines a store for managing a counter state using Vue and Pinia, including reactive state 'count', a computed property 'doubleCount', and an 'increment' function.", "external_files": ["vue", "pinia"], "external_methods": ["ref", "computed", "defineStore"], "published": ["useCounterStore"], "classes": [], "methods": [{"name": "increment", "description": "Increments the counter value by 1."}], "calls": ["ref(0)", "computed(() => count.value * 2)"], "search-terms": ["Pinia store", "vue composition API", "counter state", "store definition", "useCounterStore"], "state": 2, "file_id": 363, "knowledge_revision": 1386, "git_revision": "1aee8ed1eca8330cc765b711c43546e90b04ff39", "ctags": [{"_type": "tag", "name": "useCounterStore", "path": "/home/kavia/workspace/code-generation/universalinit/src/universalinit/templates/vue/src/stores/counter.ts", "pattern": "/^export const useCounterStore = defineStore('counter', () => {$/", "language": "TypeScript", "kind": "constant"}], "hash": "d59fe2308d4bf67b9997286fa5adedde", "format-version": 4, "code-base-name": "universalinit", "filename": "src/universalinit/templates/vue/src/stores/counter.ts", "revision_history": [{"1386": "1aee8ed1eca8330cc765b711c43546e90b04ff39"}]}