{"is_source_file": true, "format": "TypeScript (TSX)", "description": "A React functional component that displays a subtitle with animated opacity, used within a Remotion video project.", "external_files": ["./constants"], "external_methods": ["useCurrentFrame", "interpolate"], "published": ["Subtitle"], "classes": [], "methods": [{"name": "Subtitle", "description": "React functional component that renders animated subtitle text."}], "calls": ["useCurrentFrame", "interpolate"], "search-terms": ["Subtitle", "React", "Remotion", "animation", "CSSProperties", "subtitle"], "state": 2, "file_id": 570, "knowledge_revision": 1582, "git_revision": "1aee8ed1eca8330cc765b711c43546e90b04ff39", "ctags": [], "hash": "a4a6f5bec7582a30b3d43db862a5acf7", "format-version": 4, "code-base-name": "universalinit", "filename": "src/universalinit/templates/remotion/src/HelloWorld/Subtitle.tsx", "revision_history": [{"1582": "1aee8ed1eca8330cc765b711c43546e90b04ff39"}]}