{"is_source_file": true, "format": "TypeScript/TSX", "description": "This file is the client entry point for a Remix web application, responsible for hydrating the app on the client side using React's hydration API.", "external_files": ["@remix-run/react", "react", "react-dom/client"], "external_methods": ["startTransition", "hydrateRoot"], "published": [], "classes": [], "methods": [{"name": "startTransition", "description": "Enables React to handle state updates without blocking the UI, used here to hydrate the React app."}, {"name": "hydrateRoot", "description": "Hydrates a React application on the client side, attaching React to existing server-rendered HTML."}], "calls": ["startTransition", "hydrateRoot"], "search-terms": ["remix", "app hydration", "entry.client.tsx", "RemixBrowser", "react-dom/client", "hydrate"], "state": 2, "file_id": 432, "knowledge_revision": 1450, "git_revision": "1aee8ed1eca8330cc765b711c43546e90b04ff39", "ctags": [], "hash": "5d53ef36a3075b464b930b7d096d41a0", "format-version": 4, "code-base-name": "universalinit", "filename": "src/universalinit/templates/remix/app/entry.client.tsx", "revision_history": [{"1450": "1aee8ed1eca8330cc765b711c43546e90b04ff39"}]}