{"is_source_file": false, "format": "", "description": "", "external_files": [], "external_methods": [], "published": [], "classes": [], "methods": [], "calls": [], "search-terms": ["Blits.Component", "methods", "template", "ready", "fetchData", "API.get", "input", "hooks", "state"], "state": 2, "file_id": 415, "knowledge_revision": 1431, "git_revision": "1aee8ed1eca8330cc765b711c43546e90b04ff39", "hash": "d8c36107918230c2e3e15beb9486f0ac", "format-version": 4, "code-base-name": "universalinit", "filename": "src/universalinit/templates/lightningjs/docs/components_methods.md", "revision_history": [{"1431": "1aee8ed1eca8330cc765b711c43546e90b04ff39"}]}