{"is_source_file": false, "format": "", "description": "", "external_files": [], "external_methods": [], "published": [], "classes": [], "methods": [], "calls": [], "search-terms": [], "state": 2, "file_id": 376, "knowledge_revision": 1384, "git_revision": "1aee8ed1eca8330cc765b711c43546e90b04ff39", "hash": "ba0153342dfaec946dde1a459ead6fda", "format-version": 4, "code-base-name": "universalinit", "filename": "src/universalinit/templates/vue/src/assets/base.css", "revision_history": [{"1384": "1aee8ed1eca8330cc765b711c43546e90b04ff39"}]}