{"is_source_file": true, "format": "Python", "description": "This file initializes a Flask application, configures CORS and OpenAPI documentation, and registers a blueprint from a routes module.", "external_files": ["flask", "flask_cors", ".routes.health", "flask_smorest"], "external_methods": ["CORS", "app.config", "Api", "api.register_blueprint"], "published": ["app", "api"], "classes": [], "methods": [{"name": "__init__", "description": "Initializes the Flask app, configures CORS, API, and OpenAPI settings, and registers the health blueprint."}], "calls": ["Flask", "CORS", "Api", "app.url_map.strict_slashes", "app.config", "api.register_blueprint"], "search-terms": ["Flask app initialization", "CORS configuration", "OpenAPI setup", "Blueprint registration", "app configuration"], "state": 2, "file_id": 378, "knowledge_revision": 1387, "git_revision": "1aee8ed1eca8330cc765b711c43546e90b04ff39", "ctags": [{"_type": "tag", "name": "api", "path": "/home/kavia/workspace/code-generation/universalinit/src/universalinit/templates/flask/app/__init__.py", "pattern": "/^api = Api(app)$/", "language": "Python", "kind": "variable"}, {"_type": "tag", "name": "app", "path": "/home/kavia/workspace/code-generation/universalinit/src/universalinit/templates/flask/app/__init__.py", "pattern": "/^app = Flask(__name__)$/", "language": "Python", "kind": "variable"}], "hash": "da3fd8f5753305c3dde1f2a956741543", "format-version": 4, "code-base-name": "universalinit", "filename": "src/universalinit/templates/flask/app/__init__.py", "fields": [{"name": "api = Api(app)", "scope": "", "scopeKind": "", "description": "unavailable"}, {"name": "app = Flask(__name__)", "scope": "", "scopeKind": "", "description": "unavailable"}], "revision_history": [{"1387": "1aee8ed1eca8330cc765b711c43546e90b04ff39"}]}