{"is_source_file": true, "format": "JavaScript", "description": "This file sets up custom testing matchers for testing React components using jest-dom, a library that extends Jest's assertions for DOM nodes.", "external_files": ["@testing-library/jest-dom"], "external_methods": [], "published": [], "classes": [], "methods": [], "calls": ["import '@testing-library/jest-dom'"], "search-terms": ["jest-dom", "setupTests", "react", "testing-library"], "state": 2, "file_id": 564, "knowledge_revision": 1580, "git_revision": "1aee8ed1eca8330cc765b711c43546e90b04ff39", "ctags": [], "hash": "1a77571e1a8cf36018a41bcedf60db75", "format-version": 4, "code-base-name": "universalinit", "filename": "src/universalinit/templates/react/src/setupTests.js", "revision_history": [{"1580": "1aee8ed1eca8330cc765b711c43546e90b04ff39"}]}