{"is_source_file": true, "format": "JavaScript (ES Module, .mjs)", "description": "ESLint configuration file for a Nuxt project, setting up recommended rules, ignoring certain directories, and configuring rules for TypeScript and JavaScript files.", "external_files": ["@eslint/js", "globals", "typescript-eslint"], "external_methods": [], "published": [], "classes": [], "methods": [{"name": "default", "description": "Default export of the ESLint configuration array, combining recommended configs, ignore patterns, and specific rules for TypeScript and JavaScript files."}], "calls": ["js.configs.recommended", "tseslint.configs.recommended", "tseslint.parser"], "search-terms": ["eslint", "typescript-eslint", "recommended", "config", "Nuxt", "ignore patterns", "rules", "typescript", "JavaScript"], "state": 2, "file_id": 618, "knowledge_revision": 1631, "git_revision": "1aee8ed1eca8330cc765b711c43546e90b04ff39", "hash": "6bbf88a99fa9b1a0d3b508e69c6e2f4f", "format-version": 4, "code-base-name": "universalinit", "filename": "src/universalinit/templates/nuxt/eslint.config.mjs", "revision_history": [{"1631": "1aee8ed1eca8330cc765b711c43546e90b04ff39"}]}