{"is_source_file": true, "format": "JavaScript", "description": "This file defines a 'HealthController' class with a 'check' method that returns the system's health status, and exports an instance of this class.", "external_files": ["../services/health"], "external_methods": ["healthService.getStatus"], "published": [], "classes": [{"name": "HealthController", "description": "Controller class responsible for handling health check requests."}], "methods": [{"name": "check(req, res)", "description": "Handles incoming requests to check system health and returns health status as JSON.", "scope": "HealthController", "scopeKind": "class"}], "calls": ["healthService.getStatus", "res.status", "res.json"], "search-terms": ["health", "HealthController", "healthService", "check", "status"], "state": 2, "file_id": 593, "knowledge_revision": 1610, "git_revision": "1aee8ed1eca8330cc765b711c43546e90b04ff39", "ctags": [{"_type": "tag", "name": "HealthController", "path": "/home/kavia/workspace/code-generation/universalinit/src/universalinit/templates/express/src/controllers/health.js", "pattern": "/^class HealthController {$/", "language": "JavaScript", "kind": "class"}, {"_type": "tag", "name": "check", "path": "/home/kavia/workspace/code-generation/universalinit/src/universalinit/templates/express/src/controllers/health.js", "pattern": "/^  check(req, res) {$/", "language": "JavaScript", "kind": "method", "signature": "(req, res)", "scope": "HealthController", "scopeKind": "class"}, {"_type": "tag", "name": "exports", "path": "/home/kavia/workspace/code-generation/universalinit/src/universalinit/templates/express/src/controllers/health.js", "pattern": "/^module.exports = new HealthController();$/", "language": "JavaScript", "kind": "variable", "scope": "module", "scopeKind": "class"}, {"_type": "tag", "name": "healthService", "path": "/home/kavia/workspace/code-generation/universalinit/src/universalinit/templates/express/src/controllers/health.js", "pattern": "/^const healthService = require('..\\/services\\/health');$/", "language": "JavaScript", "kind": "constant"}], "hash": "05c26663041fbc83dd60748f0bc705da", "format-version": 4, "code-base-name": "universalinit", "filename": "src/universalinit/templates/express/src/controllers/health.js", "fields": [{"name": "module.exports = new HealthController();", "scope": "module", "scopeKind": "class", "description": "unavailable"}], "revision_history": [{"1610": "1aee8ed1eca8330cc765b711c43546e90b04ff39"}]}