{"is_source_file": true, "format": "TypeScript/TSX", "description": "This file serves as a server-side rendering (SSR) entry point for a Qwik-based web application. It imports rendering functions, a manifest, and a root component, then defines a default function to render the application to a stream with specific options.", "external_files": ["@builder.io/qwik/server", "@qwik-client-manifest", "./root"], "external_methods": ["renderToStream"], "published": [], "classes": [], "methods": [{"name": "default", "description": "A function that creates a server-side rendered stream of the Root component with specified options, including manifest, container attributes, and server data."}], "calls": ["renderToStream"], "search-terms": ["SSR entry point", "Qwik server rendering", "renderToStream", "entry.ssr.tsx", "server-side rendering in Qwik", "manifest", "Root component"], "state": 2, "file_id": 391, "knowledge_revision": 1410, "git_revision": "1aee8ed1eca8330cc765b711c43546e90b04ff39", "ctags": [], "hash": "f8b074d1e3d71f065aa250eec9600f9d", "format-version": 4, "code-base-name": "universalinit", "filename": "src/universalinit/templates/qwik/src/entry.ssr.tsx", "revision_history": [{"1410": "1aee8ed1eca8330cc765b711c43546e90b04ff39"}]}