{"is_source_file": true, "format": "bash script", "description": "This file is a shell script for initializing a new Kotlin Android project. It automates project setup by creating directory structures, generating configuration files, setting placeholders for resources, and setting up build scripts including Gradle wrapper. The script handles command-line arguments for SDK versions, Gradle and Kotlin versions, and configures the project accordingly.", "external_files": ["gradle/wrapper/gradle-wrapper.jar"], "external_methods": ["curl", "wget", "base64"], "published": ["PROJECT_NAME", "PACKAGE_NAME", "MIN_SDK", "TARGET_SDK", "COMPILE_SDK", "GRADLE_VERSION", "KOTLIN_VERSION", "THEME_NAME", "app/src/main/java/$(echo ${PACKAGE_NAME} | tr '.' '/')/MainActivity.kt", "app/src/main/res/layout/activity_main.xml", "app/src/main/res/values/strings.xml", "app/src/main/res/values/themes.xml", "app/src/main/res/values/colors.xml", "app/src/main/AndroidManifest.xml"], "classes": [], "methods": [], "calls": ["echo", "mkdir", "cat", "base64 -d", "sed", "tr", "chmod", "curl", "wget", "command -v"], "search-terms": ["init_script.sh", "android project setup", "gradle wrapper", "kotlin android project", "project directory creation", "AndroidManifest.xml template"], "state": 2, "file_id": 510, "knowledge_revision": 1534, "git_revision": "1aee8ed1eca8330cc765b711c43546e90b04ff39", "hash": "8a68f05b97405edde091c7cc776d6ef3", "format-version": 4, "code-base-name": "universalinit", "filename": "src/universalinit/templates/kotlin/init_script.sh", "revision_history": [{"1534": "1aee8ed1eca8330cc765b711c43546e90b04ff39"}]}