{"is_source_file": true, "format": "TypeScript", "description": "This file is an ESLint configuration written in TypeScript that sets up linting rules for a Vue project with specific plugins and configurations.", "external_files": ["eslint-plugin-vue", "@vue/eslint-config-typescript", "@vitest/eslint-plugin", "@vue/eslint-config-prettier/skip-formatting"], "external_methods": ["defineConfigWithVueTs", "vueTsConfigs"], "published": ["default"], "classes": [], "methods": [{"name": "defineConfigWithVueTs", "description": "Function to define the ESLint configuration with Vue and TypeScript support."}], "calls": ["defineConfigWithVueTs"], "search-terms": ["eslint-config", "vue", "typescript", "vitest", "eslint-plugin", "prettier", "configuration", "ts"], "state": 2, "file_id": 605, "knowledge_revision": 1630, "git_revision": "1aee8ed1eca8330cc765b711c43546e90b04ff39", "ctags": [], "hash": "e25c340ceed14d09bdaf1f13a69b34bc", "format-version": 4, "code-base-name": "universalinit", "filename": "src/universalinit/templates/vue/eslint.config.ts", "revision_history": [{"1630": "1aee8ed1eca8330cc765b711c43546e90b04ff39"}]}