{"is_source_file": true, "format": "JavaScript", "description": "This file sets up and starts an Express server, listening on specified host and port, and handles graceful shutdown on SIGTERM signal. It exports the server instance.", "external_files": ["./app"], "external_methods": ["app.listen", "process.on", "server.close", "process.exit"], "published": ["server"], "classes": [], "methods": [{"name": "app.listen", "description": "Starts the Express server listening on specified host and port."}, {"name": "process.on", "description": "Registers a handler for process signals such as SIGTERM."}, {"name": "server.close", "description": "Closes the server gracefully when shutdown signal is received."}, {"name": "process.exit", "description": "Exits the process after server shutdown."}], "calls": ["console.log", "app.listen", "server.close", "process.exit"], "search-terms": ["server.js", "Express server setup", "graceful shutdown", "SIGTERM", "app.listen", "module.exports"], "state": 2, "file_id": 436, "knowledge_revision": 1455, "git_revision": "1aee8ed1eca8330cc765b711c43546e90b04ff39", "ctags": [{"_type": "tag", "name": "HOST", "path": "/home/kavia/workspace/code-generation/universalinit/src/universalinit/templates/express/src/server.js", "pattern": "/^const HOST = process.env.HOST || '0.0.0.0';$/", "language": "JavaScript", "kind": "constant"}, {"_type": "tag", "name": "PORT", "path": "/home/kavia/workspace/code-generation/universalinit/src/universalinit/templates/express/src/server.js", "pattern": "/^const PORT = process.env.PORT || 3000;$/", "language": "JavaScript", "kind": "constant"}, {"_type": "tag", "name": "app", "path": "/home/kavia/workspace/code-generation/universalinit/src/universalinit/templates/express/src/server.js", "pattern": "/^const app = require('.\\/app');$/", "language": "JavaScript", "kind": "constant"}, {"_type": "tag", "name": "server", "path": "/home/kavia/workspace/code-generation/universalinit/src/universalinit/templates/express/src/server.js", "pattern": "/^const server = app.listen(PORT, HOST, () => {$/", "language": "JavaScript", "kind": "constant"}], "hash": "e5d7d8ed0764ea86a77b8fe15cd2b83e", "format-version": 4, "code-base-name": "universalinit", "filename": "src/universalinit/templates/express/src/server.js", "revision_history": [{"1455": "1aee8ed1eca8330cc765b711c43546e90b04ff39"}]}