{"is_source_file": true, "format": "Dart", "description": "Main Flutter application entry point defining a simple app with a scaffold and progress indicator.", "external_files": ["package:flutter/material.dart"], "external_methods": ["runApp", "MaterialApp", "ThemeData", "ColorScheme.fromSeed", "Colors.blue", "Scaffold", "AppBar", "Theme.of", "Text", "SizedBox", "CircularProgressIndicator"], "published": ["main", "MyApp", "MyHomePage", "_MyHomePageState"], "classes": [{"name": "MyApp", "description": "Root widget of the Flutter app, setting theme and home page."}, {"name": "MyHomePage", "description": "Stateful widget representing the home page with a title."}, {"name": "_MyHomePageState", "description": "State class for MyHomePage, builds the UI with a scaffold and progress indicator."}], "methods": [{"name": "main", "description": "Application entry point that runs the Flutter app."}, {"name": "build", "description": "Builds the widget tree for MyApp and MyHomePage."}, {"name": "createState", "description": "Creates the mutable state for MyHomePage."}], "calls": ["runApp", "MaterialApp", "ThemeData", "ColorScheme.fromSeed", "Theme.of", "Text", "SizedBox", "CircularProgressIndicator"], "search-terms": ["Flutter", "Dart", "main.dart", "MyApp", "MyHomePage", "Progress Indicator", "MaterialApp", "Scaffold", "StatelessWidget", "StatefulWidget"], "state": 2, "file_id": 377, "knowledge_revision": 1393, "git_revision": "1aee8ed1eca8330cc765b711c43546e90b04ff39", "hash": "601e9fda3eb2a914ab8f872f256fe019", "format-version": 4, "code-base-name": "universalinit", "filename": "src/universalinit/templates/flutter/lib/main.dart", "revision_history": [{"1393": "1aee8ed1eca8330cc765b711c43546e90b04ff39"}]}