{"is_source_file": false, "format": null, "description": null, "external_files": [], "external_methods": [], "published": [], "classes": [], "methods": [], "calls": [], "search-terms": [], "state": 2, "file_id": 337, "knowledge_revision": 1353, "git_revision": "1aee8ed1eca8330cc765b711c43546e90b04ff39", "hash": "8bb2c4a7f385c87955929c2ba7e9c362", "format-version": 4, "code-base-name": "universalinit", "filename": "src/universalinit/templates/postgresql/config.yml", "revision_history": [{"1353": "1aee8ed1eca8330cc765b711c43546e90b04ff39"}]}