{"is_source_file": false, "format": "", "description": "", "external_files": [], "external_methods": [], "published": [], "classes": [], "methods": [], "calls": [], "search-terms": [], "state": 2, "file_id": 365, "knowledge_revision": 1371, "git_revision": "1aee8ed1eca8330cc765b711c43546e90b04ff39", "hash": "76952b112594265d2e9481c534c6b718", "format-version": 4, "code-base-name": "universalinit", "filename": "src/universalinit/templates/angular/src/index.html", "revision_history": [{"1371": "1aee8ed1eca8330cc765b711c43546e90b04ff39"}]}