{"is_source_file": true, "format": "TypeScript", "description": "Main bootstrap file for an Angular application, responsible for initializing the app with the root component and application's configuration.", "external_files": ["@angular/platform-browser", "./app/app.config", "./app/app.component"], "external_methods": ["bootstrapApplication"], "published": [], "classes": [], "methods": [{"name": "bootstrapApplication", "description": "Function to bootstrap the Angular application with the specified root component and configuration."}], "calls": ["bootstrapApplication"], "search-terms": ["angular", "main.ts", "bootstrap", "AppComponent", "appConfig"], "state": 2, "file_id": 507, "knowledge_revision": 1528, "git_revision": "1aee8ed1eca8330cc765b711c43546e90b04ff39", "ctags": [], "hash": "c986c915181c0d91d6ea1af9fc003131", "format-version": 4, "code-base-name": "universalinit", "filename": "src/universalinit/templates/angular/src/main.ts", "revision_history": [{"1528": "1aee8ed1eca8330cc765b711c43546e90b04ff39"}]}