{"is_source_file": false, "format": "", "description": "", "external_files": [], "external_methods": [], "published": [], "classes": [], "methods": [], "calls": [], "search-terms": [], "state": 2, "file_id": 219, "knowledge_revision": 611, "git_revision": "6c5bd0b03bfbd97fc549575a252482105eeffcb7", "hash": "62ad2071437a9c48965a87abeaf924e8", "format-version": 4, "code-base-name": "universalinit", "filename": "src/universalinit/templates/lightningjs/docs/built-in_for-loop.md", "revision_history": [{"611": "6c5bd0b03bfbd97fc549575a252482105eeffcb7"}]}