{"is_source_file": true, "format": "JavaScript", "description": "This file defines a UI component called 'Button' using the LightningJS framework, including its template, state, and input behavior.", "external_files": ["@lightningjs/blits"], "external_methods": [], "published": ["Button"], "classes": [{"name": "Button", "description": "A LightningJS component representing a toggle button with text that updates based on its 'favorited' state."}], "methods": [{"name": "input.enter", "description": "Handles the 'enter' input to toggle the 'isFavorited' state."}], "calls": [], "search-terms": ["LightningJS", "Button component", "template", "state", "input"], "state": 2, "file_id": 465, "knowledge_revision": 1488, "git_revision": "1aee8ed1eca8330cc765b711c43546e90b04ff39", "ctags": [], "hash": "937bfe439a9c9f493682f4dc71047929", "format-version": 4, "code-base-name": "universalinit", "filename": "src/universalinit/templates/lightningjs/src/components/Button.js", "revision_history": [{"1488": "1aee8ed1eca8330cc765b711c43546e90b04ff39"}]}