{"is_source_file": true, "format": "JavaScript module (.mjs)", "description": "This file defines a PostCSS configuration exporting a plugin setup for Tailwind CSS.", "external_files": [], "external_methods": ["@tailwindcss/postcss"], "published": ["config"], "classes": [], "methods": [], "calls": ["export default config"], "search-terms": ["postcss", "tailwindcss", "config", "mjs"], "state": 2, "file_id": 361, "knowledge_revision": 1374, "git_revision": "1aee8ed1eca8330cc765b711c43546e90b04ff39", "hash": "675899342e765a4d16acd75a53389101", "format-version": 4, "code-base-name": "universalinit", "filename": "src/universalinit/templates/nextjs/postcss.config.mjs", "revision_history": [{"1374": "1aee8ed1eca8330cc765b711c43546e90b04ff39"}]}