{"is_source_file": true, "format": "TypeScript/TSX", "description": "This is a React-like component written in Qwik framework, defining a header component with logo and navigation links.", "external_files": ["@builder.io/qwik", "../icons/qwik", "./header.module.css"], "external_methods": ["component$"], "published": [], "classes": [], "methods": [{"name": "default", "description": "Default exported component function generating the header JSX."}], "calls": ["component$", "QwikLogo"], "search-terms": ["Qwik", "header", "component", "TSX", "QwikLogo", "header.module.css"], "state": 2, "file_id": 395, "knowledge_revision": 1411, "git_revision": "1aee8ed1eca8330cc765b711c43546e90b04ff39", "ctags": [], "hash": "0330aa1892b548cb916c9b3db77a3e9c", "format-version": 4, "code-base-name": "universalinit", "filename": "src/universalinit/templates/qwik/src/components/starter/header/header.tsx", "revision_history": [{"1411": "1aee8ed1eca8330cc765b711c43546e90b04ff39"}]}