{"is_source_file": false, "format": "", "description": "", "external_files": [], "external_methods": [], "published": [], "classes": [], "methods": [], "calls": [], "search-terms": [], "state": 2, "file_id": 184, "knowledge_revision": 577, "git_revision": "aa69f66299701fc97267fe090de8289037534011", "hash": "251132db7b74f356245e8341b549b81d", "format-version": 4, "code-base-name": "universalinit", "filename": "src/universalinit/templates/nativescript/app/home/home-page.xml", "revision_history": [{"577": "aa69f66299701fc97267fe090de8289037534011"}]}