{"is_source_file": false, "format": "", "description": "", "external_files": [], "external_methods": [], "published": [], "classes": [], "methods": [], "calls": [], "search-terms": [], "state": 2, "file_id": 543, "knowledge_revision": 1552, "git_revision": "1aee8ed1eca8330cc765b711c43546e90b04ff39", "hash": "3bbab7796b2ab5af73dcc4b5f9064535", "format-version": 4, "code-base-name": "universalinit", "filename": "src/universalinit/templates/angular/tsconfig.spec.json", "revision_history": [{"1552": "1aee8ed1eca8330cc765b711c43546e90b04ff39"}]}