{"is_source_file": false, "format": "", "description": "", "external_files": [], "external_methods": [], "published": [], "classes": [], "methods": [], "calls": [], "search-terms": [], "state": 2, "file_id": 171, "knowledge_revision": 558, "git_revision": "740f8e0b9c48bc9168b073cdd799fe00958be1c4", "hash": "ed87f0986ed05a71a6cf69cb9768e2a9", "format-version": 4, "code-base-name": "universalinit", "filename": "src/universalinit/templates/angular/src/styles.css", "revision_history": [{"558": "740f8e0b9c48bc9168b073cdd799fe00958be1c4"}]}