{"is_source_file": false, "format": "", "description": "", "external_files": [], "external_methods": [], "published": [], "classes": [], "methods": [], "calls": [], "search-terms": ["lightningjs", "docs", "plugins_text-to-speech", "announcer", "accessibility", "navigation", "text-to-speech", "announcement"], "state": 2, "file_id": 546, "knowledge_revision": 1566, "git_revision": "1aee8ed1eca8330cc765b711c43546e90b04ff39", "hash": "bd1be0e1e461f26e275ce5dd64fc4e37", "format-version": 4, "code-base-name": "universalinit", "filename": "src/universalinit/templates/lightningjs/docs/plugins_text-to-speech-announcer.md", "revision_history": [{"1566": "1aee8ed1eca8330cc765b711c43546e90b04ff39"}]}