{"is_source_file": true, "format": "TypeScript", "description": "This file defines a native script configuration object for a NativeScript application, specifying app identifiers and platform-specific settings.", "external_files": ["@nativescript/core"], "external_methods": [], "published": [], "classes": [], "methods": [], "calls": ["import { NativeScriptConfig } from '@nativescript/core';", "export default { ... } as NativeScriptConfig;"], "search-terms": ["nativescript.config.ts", "NativeScriptConfig", "appResourcesPath", "v8Flags", "markingMode"], "state": 2, "file_id": 625, "knowledge_revision": 1650, "git_revision": "1aee8ed1eca8330cc765b711c43546e90b04ff39", "ctags": [], "hash": "1fbf0bfa12419a9e75771b468121e14c", "format-version": 4, "code-base-name": "universalinit", "filename": "src/universalinit/templates/nativescript/nativescript.config.ts", "revision_history": [{"1650": "1aee8ed1eca8330cc765b711c43546e90b04ff39"}]}