{"is_source_file": true, "format": "TypeScript", "description": "A main entry file for a web application utilizing Vite and TypeScript, setting up initial HTML content and initializing a counter.", "external_files": ["./style.css", "./typescript.svg", "/vite.svg", "./counter.ts"], "external_methods": ["setupCounter"], "published": [], "classes": [], "methods": [{"name": "setupCounter", "description": "Initializes and sets up a counter button on the webpage."}], "calls": ["document.querySelector", "setupCounter"], "search-terms": ["main.ts", "Vite", "TypeScript", "setupCounter", "initial HTML", "import", "logo", "counter button"], "state": 2, "file_id": 109, "knowledge_revision": 512, "git_revision": "4330057fca31336bcc735d1a8030957ee6598c61", "ctags": [], "hash": "9ae7fb6d204e0434b836ab83915f60d0", "format-version": 4, "code-base-name": "universalinit", "filename": "src/universalinit/templates/typescript/src/main.ts", "revision_history": [{"512": "4330057fca31336bcc735d1a8030957ee6598c61"}]}