{"is_source_file": false, "format": "", "description": "", "external_files": [], "external_methods": [], "published": [], "classes": [], "methods": [], "calls": [], "search-terms": ["user input", "blits component", "key handling", "focus", "input configuration", "catch-all", "event handling chain", "intercept", "key up", "custom key mapping", "components configuration"], "state": 2, "file_id": 437, "knowledge_revision": 1453, "git_revision": "1aee8ed1eca8330cc765b711c43546e90b04ff39", "hash": "65da041ddf51108d44f3d269b0537a81", "format-version": 4, "code-base-name": "universalinit", "filename": "src/universalinit/templates/lightningjs/docs/components_user_input.md", "revision_history": [{"1453": "1aee8ed1eca8330cc765b711c43546e90b04ff39"}]}