{"is_source_file": true, "format": "TypeScript", "description": "This file is a configuration script for ESLint setup in a Vue.js project using TypeScript. It imports various ESLint plugins and configurations, and defines a default export with specific project linting settings.", "external_files": ["eslint-plugin-vue", "@vue/eslint-config-typescript", "@vitest/eslint-plugin", "@vue/eslint-config-prettier/skip-formatting"], "external_methods": ["defineConfigWithVueTs", "vueTsConfigs.recommended"], "published": ["default"], "classes": [], "methods": [{"name": "defineConfigWithVueTs", "description": "Defines an ESLint configuration tailored for Vue + TypeScript projects, accepting multiple configuration objects and returning a combined config object."}, {"name": "vueTsConfigs.recommended", "description": "Provides a set of recommended Vue + TypeScript ESLint configurations."}], "calls": ["defineConfigWithVueTs"], "search-terms": ["eslint", "vue", "typescript", "eslint-plugin-vue", "eslint-config-typescript", "vitest", "eslint.config.ts"], "state": 2, "file_id": 527, "knowledge_revision": 1550, "git_revision": "1aee8ed1eca8330cc765b711c43546e90b04ff39", "ctags": [], "hash": "e25c340ceed14d09bdaf1f13a69b34bc", "format-version": 4, "code-base-name": "universalinit", "filename": "src/universalinit/templates/vue/eslint.config.ts", "revision_history": [{"1550": "1aee8ed1eca8330cc765b711c43546e90b04ff39"}]}