{"is_source_file": true, "format": "TypeScript", "description": "This file configures a service worker for the Qwik framework, focusing on prefetching and performance optimization. It sets up the service worker, handles install and activate events, and prepares the environment for faster page loads.", "external_files": ["@builder.io/qwik-city/service-worker"], "external_methods": ["setupServiceWorker"], "published": [], "classes": [], "methods": [{"name": "setupServiceWorker", "description": "Initializes and configures the service worker for Qwik."}], "calls": ["setupServiceWorker()", "addEventListener('install', () => self.skipWaiting())", "addEventListener('activate', () => self.clients.claim())"], "search-terms": ["service worker", "prefetching", "Qwik", "self.skipWaiting", "self.clients.claim", "typeScript service worker"], "state": 2, "file_id": 517, "knowledge_revision": 1533, "git_revision": "1aee8ed1eca8330cc765b711c43546e90b04ff39", "ctags": [{"_type": "tag", "name": "self", "path": "/home/kavia/workspace/code-generation/universalinit/src/universalinit/templates/qwik/src/routes/service-worker.ts", "pattern": "/^declare const self: ServiceWorkerGlobalScope;$/", "language": "TypeScript", "kind": "constant"}], "hash": "4691e997442ba9f8be7690530ed1ce95", "format-version": 4, "code-base-name": "universalinit", "filename": "src/universalinit/templates/qwik/src/routes/service-worker.ts", "revision_history": [{"1533": "1aee8ed1eca8330cc765b711c43546e90b04ff39"}]}