{"is_source_file": true, "format": "TypeScript/React (TSX)", "description": "This file defines a React functional component 'Title' that displays animated text as a title, with styling and animation effects using 'remotion' library hooks.", "external_files": ["./constants"], "external_methods": ["spring", "useCurrentFrame", "useVideoConfig"], "published": ["Title"], "classes": [], "methods": [{"name": "Title", "description": "React functional component that renders animated title text with scale effects based on video frame and configuration."}], "calls": ["useVideoConfig", "useCurrentFrame", "spring"], "search-terms": ["remotion", "Title component", "animated text", "React TSX", "spring animation"], "state": 2, "file_id": 546, "knowledge_revision": 1572, "git_revision": "1aee8ed1eca8330cc765b711c43546e90b04ff39", "ctags": [], "hash": "c4d50786934a65d475e056772bf0c33f", "format-version": 4, "code-base-name": "universalinit", "filename": "src/universalinit/templates/remotion/src/HelloWorld/Title.tsx", "revision_history": [{"1572": "1aee8ed1eca8330cc765b711c43546e90b04ff39"}]}