{"is_source_file": true, "format": "Python", "description": "This file implements an interactive command-line shell for interacting with an SQLite database, including commands for listing tables, showing schemas, describing tables, executing queries, and handling user input.", "external_files": ["sqlite3"], "external_methods": ["sqlite3.connect", "cursor.execute", "cursor.fetchall", "sys.exit"], "published": ["print_help", "list_tables", "show_schema", "describe_table", "execute_query", "main"], "classes": [], "methods": [{"name": "print_help()", "description": "Prints help information about available shell commands.", "scope": "", "scopeKind": ""}, {"name": "list_tables(cursor)", "description": "Lists all user-defined tables in the database.", "scope": "", "scopeKind": ""}, {"name": "show_schema(cursor, table_name=None)", "description": "Displays CREATE statement(s) for specified or all tables.", "scope": "", "scopeKind": ""}, {"name": "describe_table(cursor, table_name)", "description": "Shows the structure of a specified table.", "scope": "", "scopeKind": ""}, {"name": "execute_query(cursor, query)", "description": "Executes a SQL query and displays results.", "scope": "", "scopeKind": ""}, {"name": "main()", "description": "Entry point for the interactive shell that manages user input and database connection.", "scope": "", "scopeKind": ""}], "calls": ["sqlite3.connect", "cursor.execute", "cursor.fetchall", "conn.close", "sys.exit"], "search-terms": ["sqlite3", "interactive shell", "database commands", "schema", "describe table", "SQL execution", "sqlite_master", "PRAGMA table_info"], "state": 2, "file_id": 513, "knowledge_revision": 1535, "git_revision": "1aee8ed1eca8330cc765b711c43546e90b04ff39", "ctags": [{"_type": "tag", "name": "DB_NAME", "path": "/home/kavia/workspace/code-generation/universalinit/src/universalinit/templates/sqlite/db_shell.py", "pattern": "/^DB_NAME = \"{KAVIA_DB_NAME}\"$/", "language": "Python", "kind": "variable"}, {"_type": "tag", "name": "describe_table", "path": "/home/kavia/workspace/code-generation/universalinit/src/universalinit/templates/sqlite/db_shell.py", "pattern": "/^def describe_table(cursor, table_name):$/", "language": "Python", "kind": "function", "signature": "(cursor, table_name)"}, {"_type": "tag", "name": "execute_query", "path": "/home/kavia/workspace/code-generation/universalinit/src/universalinit/templates/sqlite/db_shell.py", "pattern": "/^def execute_query(cursor, query):$/", "language": "Python", "kind": "function", "signature": "(cursor, query)"}, {"_type": "tag", "name": "list_tables", "path": "/home/kavia/workspace/code-generation/universalinit/src/universalinit/templates/sqlite/db_shell.py", "pattern": "/^def list_tables(cursor):$/", "language": "Python", "kind": "function", "signature": "(cursor)"}, {"_type": "tag", "name": "main", "path": "/home/kavia/workspace/code-generation/universalinit/src/universalinit/templates/sqlite/db_shell.py", "pattern": "/^def main():$/", "language": "Python", "kind": "function", "signature": "()"}, {"_type": "tag", "name": "print_help", "path": "/home/kavia/workspace/code-generation/universalinit/src/universalinit/templates/sqlite/db_shell.py", "pattern": "/^def print_help():$/", "language": "Python", "kind": "function", "signature": "()"}, {"_type": "tag", "name": "show_schema", "path": "/home/kavia/workspace/code-generation/universalinit/src/universalinit/templates/sqlite/db_shell.py", "pattern": "/^def show_schema(cursor, table_name=None):$/", "language": "Python", "kind": "function", "signature": "(cursor, table_name=None)"}], "hash": "df36b3623a628775706fe80456e65d60", "format-version": 4, "code-base-name": "universalinit", "filename": "src/universalinit/templates/sqlite/db_shell.py", "fields": [{"name": "DB_NAME = \"{KAVIA_DB_NAME}\"", "scope": "", "scopeKind": "", "description": "unavailable"}], "revision_history": [{"1535": "1aee8ed1eca8330cc765b711c43546e90b04ff39"}]}