{"is_source_file": true, "format": "JavaScript", "description": "This file is a JavaScript module intended to export middleware functions for a Node.js application. Currently, it is a placeholder with no actual middleware functions defined.", "external_files": [], "external_methods": [], "published": ["module.exports"], "classes": [], "methods": [], "calls": [], "search-terms": ["middleware", "module.exports", "Express", "index.js", "middleware placeholder"], "state": 2, "file_id": 662, "knowledge_revision": 1680, "git_revision": "1aee8ed1eca8330cc765b711c43546e90b04ff39", "ctags": [], "hash": "e9169fe9b751451d433ec5c4d4734b4a", "format-version": 4, "code-base-name": "universalinit", "filename": "src/universalinit/templates/express/src/middleware/index.js", "revision_history": [{"1680": "1aee8ed1eca8330cc765b711c43546e90b04ff39"}]}