{"is_source_file": true, "format": "TypeScript (TSX)", "description": "A React-like component definition using Qwik framework, rendering an infobox with slots for title and content.", "external_files": ["./infobox.module.css"], "external_methods": ["component$", "Slot"], "published": [], "classes": [], "methods": [{"name": "default export", "description": "An anonymous function component returning JSX structure with slots for title and content."}], "calls": ["component$", "Slot"], "search-terms": ["qwik", "infobox", "component", "slots", "CSS module"], "state": 2, "file_id": 647, "knowledge_revision": 1665, "git_revision": "1aee8ed1eca8330cc765b711c43546e90b04ff39", "ctags": [], "hash": "e550dea120857ece5cc0d3ded5ee4bdd", "format-version": 4, "code-base-name": "universalinit", "filename": "src/universalinit/templates/qwik/src/components/starter/infobox/infobox.tsx", "revision_history": [{"1665": "1aee8ed1eca8330cc765b711c43546e90b04ff39"}]}