{"is_source_file": true, "format": "JavaScript", "description": "This file is a Vite configuration script for a LightningJS project, defining build and development server options, plugins, and resolution settings.", "external_files": ["@lightningjs/blits/vite"], "external_methods": ["defineConfig"], "published": [], "classes": [], "methods": [{"name": "defineConfig", "description": "A function from Vite that defines the configuration object, allowing for dynamic configuration based on command, mode, or ssrBuild."}], "calls": ["defineConfig"], "search-terms": ["vite", "lightningjs", "vite.config.js", "blitsVitePlugins", "LightningJS configuration", "Vite server settings"], "state": 2, "file_id": 421, "knowledge_revision": 1442, "git_revision": "1aee8ed1eca8330cc765b711c43546e90b04ff39", "ctags": [], "hash": "8acdac9175269e76719fddf670b22d2f", "format-version": 4, "code-base-name": "universalinit", "filename": "src/universalinit/templates/lightningjs/vite.config.js", "revision_history": [{"1442": "1aee8ed1eca8330cc765b711c43546e90b04ff39"}]}