{"is_source_file": true, "format": "JavaScript", "description": "This file defines a UI component called 'Button' using the LightningJS framework, including its template, state, and input handler.", "external_files": ["@lightningjs/blits"], "external_methods": [], "published": ["Button"], "classes": [], "methods": ["template", "state", "input.enter"], "calls": [], "search-terms": ["LightningJS", "Component", "Button UI", "LightningJS Component"], "state": 2, "file_id": 533, "knowledge_revision": 1558, "git_revision": "1aee8ed1eca8330cc765b711c43546e90b04ff39", "ctags": [], "hash": "937bfe439a9c9f493682f4dc71047929", "format-version": 4, "code-base-name": "universalinit", "filename": "src/universalinit/templates/lightningjs/src/components/Button.js", "revision_history": [{"1558": "1aee8ed1eca8330cc765b711c43546e90b04ff39"}]}