{"is_source_file": false, "format": "", "description": "", "external_files": [], "external_methods": [], "published": [], "classes": [], "methods": [], "calls": [], "search-terms": ["angular", "app.component.html", "HTML template", "Angular project", "Angular template", "HTML styling", "UI layout"], "state": 2, "file_id": 550, "knowledge_revision": 1564, "git_revision": "1aee8ed1eca8330cc765b711c43546e90b04ff39", "hash": "b6871fc3869e1deaa3a3cf72a7ceda12", "format-version": 4, "code-base-name": "universalinit", "filename": "src/universalinit/templates/angular/src/app/app.component.html", "revision_history": [{"1564": "1aee8ed1eca8330cc765b711c43546e90b04ff39"}]}