{"is_source_file": true, "format": "JavaScript/ECMAScript Module (.mjs)", "description": "This file configures ESLint for a Next.js project, setting up compatibility with specific ESLint configurations and extending base configurations for core web vitals and TypeScript.", "external_files": ["@eslint/eslintrc", "path", "url"], "external_methods": ["dirname", "fileURLToPath"], "published": ["eslintConfig"], "classes": [], "methods": [{"name": "__filename", "description": "Stores the current file path using URL to Path conversion."}, {"name": "__dirname", "description": "Stores the directory name of the current file."}, {"name": "compat", "description": "Creates a FlatCompat instance for extending ESLint configurations."}], "calls": ["compat.extends"], "search-terms": ["eslint", "Next.js", "eslint.config.mjs", "eslint configuration", "@eslint/eslintrc", "FlatCompat"], "state": 2, "file_id": 413, "knowledge_revision": 1435, "git_revision": "1aee8ed1eca8330cc765b711c43546e90b04ff39", "hash": "b43f470c5df5e9ff4c2f5e0bd917a881", "format-version": 4, "code-base-name": "universalinit", "filename": "src/universalinit/templates/nextjs/eslint.config.mjs", "revision_history": [{"1435": "1aee8ed1eca8330cc765b711c43546e90b04ff39"}]}