{"is_source_file": true, "format": "TypeScript", "description": "This file sets up server-side application bootstrap for an Angular project, importing necessary modules and defining a bootstrap function.", "external_files": ["@angular/platform-browser", "./app/app.component", "./app/app.config.server"], "external_methods": ["bootstrapApplication"], "published": ["bootstrap"], "classes": [], "methods": [{"name": "bootstrap", "description": "Function that bootstraps the Angular application with AppComponent and server configuration."}], "calls": ["bootstrapApplication(AppComponent, config)"], "search-terms": ["main.server.ts", "bootstrapApplication", "Angular server bootstrap", "AppComponent", "app.config.server"], "state": 2, "file_id": 525, "knowledge_revision": 1550, "git_revision": "1aee8ed1eca8330cc765b711c43546e90b04ff39", "ctags": [{"_type": "tag", "name": "bootstrap", "path": "/home/kavia/workspace/code-generation/universalinit/src/universalinit/templates/angular/src/main.server.ts", "pattern": "/^const bootstrap = () => bootstrapApplication(AppComponent, config);$/", "language": "TypeScript", "kind": "constant"}], "hash": "2f67d3e7163632b8f077f15a810789b6", "format-version": 4, "code-base-name": "universalinit", "filename": "src/universalinit/templates/angular/src/main.server.ts", "revision_history": [{"1550": "1aee8ed1eca8330cc765b711c43546e90b04ff39"}]}