{"is_source_file": true, "format": "TypeScript/TSX", "description": "A React-like component written in TSX using Qwik framework, rendering a footer with dynamic server time and external links.", "external_files": ["../../../routes/layout", "./footer.module.css", "@builder.io/qwik"], "external_methods": ["useServerTimeLoader", "component$"], "published": [], "classes": [], "methods": [{"name": "anonymous function", "description": "The functional component rendering the footer, utilizing Qwik's component$ and server-time loader."}], "calls": ["useServerTimeLoader", "component$"], "search-terms": ["Qwik footer component", "server time loader", "footer.tsx", "Qwik component", "footer.css", "Builder.io"], "state": 2, "file_id": 371, "knowledge_revision": 1394, "git_revision": "1aee8ed1eca8330cc765b711c43546e90b04ff39", "ctags": [], "hash": "5e83eb5470cf84aff350a45599f1b87a", "format-version": 4, "code-base-name": "universalinit", "filename": "src/universalinit/templates/qwik/src/components/starter/footer/footer.tsx", "revision_history": [{"1394": "1aee8ed1eca8330cc765b711c43546e90b04ff39"}]}