{"is_source_file": true, "format": "TypeScript", "description": "This file is a Vite configuration script written in TypeScript for a Svelte project, configuring server settings, plugins, and test environments.", "external_files": ["@testing-library/svelte/vite", "@sveltejs/kit/vite", "vite"], "external_methods": ["svelteTesting()", "defineConfig()"], "published": ["default"], "classes": [], "methods": [{"name": "defineConfig", "description": "Defines the Vite configuration object, setting up plugins, server, and test parameters."}], "calls": ["defineConfig", "sveltekit()", "svelteTesting()"], "search-terms": ["vite.config.ts", "Svelte", "Vite", "server configuration", "test configuration", "plugins", "svelteTesting"], "state": 2, "file_id": 292, "knowledge_revision": 691, "git_revision": "5b8f33f8784107e2b06ceaa8f13a613b4503a570", "ctags": [], "hash": "56df2df7e65a8e5b34870c711c6f770e", "format-version": 4, "code-base-name": "universalinit", "filename": "src/universalinit/templates/svelte/vite.config.ts", "revision_history": [{"691": "5b8f33f8784107e2b06ceaa8f13a613b4503a570"}]}