{"is_source_file": true, "format": "TypeScript/TSX", "description": "React-like component for managing document head elements in a Qwik application, rendering title, meta tags, links, styles, and scripts dynamically based on the document head context.", "external_files": ["@builder.io/qwik", "@builder.io/qwik-city"], "external_methods": ["useDocumentHead", "useLocation", "component$"], "published": ["RouterHead"], "classes": [], "methods": [{"name": "RouterHead", "description": "A Qwik component that updates the document head elements dynamically based on the current route and document head context."}], "calls": ["useDocumentHead()", "useLocation()"], "search-terms": ["Qwik Head Component", "Document Head Management", "Meta Tags Rendering", "QwikJS router-head", "Qwik component$"], "state": 2, "file_id": 555, "knowledge_revision": 1571, "git_revision": "1aee8ed1eca8330cc765b711c43546e90b04ff39", "ctags": [], "hash": "822ca7bb4d7b877473e28386699dbe73", "format-version": 4, "code-base-name": "universalinit", "filename": "src/universalinit/templates/qwik/src/components/router-head/router-head.tsx", "revision_history": [{"1571": "1aee8ed1eca8330cc765b711c43546e90b04ff39"}]}