{"is_source_file": true, "format": "TypeScript/TSX", "description": "This file defines a React functional component called 'Atom' that renders an animated SVG element with a gradient circle, utilizing React hooks and the Remotion library for video configuration.", "external_files": ["react", "remotion"], "external_methods": ["useState", "useVideoConfig"], "published": ["Atom"], "classes": [], "methods": [{"name": "Atom", "description": "React functional component rendering an animated SVG circle with dynamic gradient and scale."}], "calls": ["useState", "useVideoConfig"], "search-terms": ["Atom", "React.FC", "SVG", "remotion", "useVideoConfig", "gradient", "circle"], "state": 2, "file_id": 606, "knowledge_revision": 1630, "git_revision": "1aee8ed1eca8330cc765b711c43546e90b04ff39", "ctags": [], "hash": "84d6d103c82561539bc9e4df504626a7", "format-version": 4, "code-base-name": "universalinit", "filename": "src/universalinit/templates/remotion/src/HelloWorld/Atom.tsx", "revision_history": [{"1630": "1aee8ed1eca8330cc765b711c43546e90b04ff39"}]}