{"is_source_file": true, "format": "JavaScript", "description": "Source file defining a LightningJS component named 'Loader' that displays animated circles as a loading indicator.", "external_files": ["@lightningjs/blits"], "external_methods": ["Blits.Component", "this.$setInterval"], "published": ["default"], "classes": [{"name": "Loader", "description": "A LightningJS component that renders animated circles acting as a loading indicator."}], "methods": [{"name": "start", "description": "Begins the alpha transition animation for the circles, creating a fade-in/fade-out effect."}], "calls": ["Blits.Component", "this.$setInterval"], "search-terms": ["LightningJS component", "Loader", "loading indicator", "animated circles", "props", "hooks", "start method"], "state": 2, "file_id": 432, "knowledge_revision": 1459, "git_revision": "1aee8ed1eca8330cc765b711c43546e90b04ff39", "ctags": [], "hash": "0ec1151cdc25744075ba4da8e3d65407", "format-version": 4, "code-base-name": "universalinit", "filename": "src/universalinit/templates/lightningjs/src/components/Loader.js", "revision_history": [{"1459": "1aee8ed1eca8330cc765b711c43546e90b04ff39"}]}