{"is_source_file": true, "file_id": 519, "git_revision": "1aee8ed1eca8330cc765b711c43546e90b04ff39", "state": 1, "description": "", "external_files": [], "external_methods": [], "published": [], "classes": [], "methods": [], "calls": [], "search-terms": [], "ctags": [{"_type": "tag", "name": "ecmaVersion", "path": "/home/kavia/workspace/code-generation/universalinit/src/universalinit/templates/express/eslint.config.js", "pattern": "/^    ecmaVersion: 'latest',$/", "language": "JavaScript", "kind": "property", "scope": "jsConfig.languageOptions", "scopeKind": "class"}, {"_type": "tag", "name": "files", "path": "/home/kavia/workspace/code-generation/universalinit/src/universalinit/templates/express/eslint.config.js", "pattern": "/^  files: ['**\\/*.js'],$/", "language": "JavaScript", "kind": "property", "scope": "jsConfig", "scopeKind": "class"}, {"_type": "tag", "name": "ignoreConfig", "path": "/home/kavia/workspace/code-generation/universalinit/src/universalinit/templates/express/eslint.config.js", "pattern": "/^const ignoreConfig = {$/", "language": "JavaScript", "kind": "class"}, {"_type": "tag", "name": "ignores", "path": "/home/kavia/workspace/code-generation/universalinit/src/universalinit/templates/express/eslint.config.js", "pattern": "/^  ignores: ['node_modules\\/**'],$/", "language": "JavaScript", "kind": "property", "scope": "ignoreConfig", "scopeKind": "class"}, {"_type": "tag", "name": "jsConfig", "path": "/home/kavia/workspace/code-generation/universalinit/src/universalinit/templates/express/eslint.config.js", "pattern": "/^const jsConfig = {$/", "language": "JavaScript", "kind": "class"}, {"_type": "tag", "name": "languageOptions", "path": "/home/kavia/workspace/code-generation/universalinit/src/universalinit/templates/express/eslint.config.js", "pattern": "/^  languageOptions: {$/", "language": "JavaScript", "kind": "class", "scope": "jsConfig", "scopeKind": "class"}, {"_type": "tag", "name": "quotes", "path": "/home/kavia/workspace/code-generation/universalinit/src/universalinit/templates/express/eslint.config.js", "pattern": "/^    quotes: ['error', 'single'],$/", "language": "JavaScript", "kind": "property", "scope": "jsConfig.rules", "scopeKind": "class"}, {"_type": "tag", "name": "rules", "path": "/home/kavia/workspace/code-generation/universalinit/src/universalinit/templates/express/eslint.config.js", "pattern": "/^  rules: {$/", "language": "JavaScript", "kind": "class", "scope": "jsConfig", "scopeKind": "class"}, {"_type": "tag", "name": "semi", "path": "/home/kavia/workspace/code-generation/universalinit/src/universalinit/templates/express/eslint.config.js", "pattern": "/^    semi: ['error', 'always'],$/", "language": "JavaScript", "kind": "property", "scope": "jsConfig.rules", "scopeKind": "class"}, {"_type": "tag", "name": "sourceType", "path": "/home/kavia/workspace/code-generation/universalinit/src/universalinit/templates/express/eslint.config.js", "pattern": "/^    sourceType: 'commonjs',$/", "language": "JavaScript", "kind": "property", "scope": "jsConfig.languageOptions", "scopeKind": "class"}], "format": "JavaScript", "hash": "e39182a200aec9a1bdb18f2bee8fb0a0", "format-version": 4, "code-base-name": "universalinit", "filename": "src/universalinit/templates/express/eslint.config.js", "knowledge_revision": 1196}