{"is_source_file": true, "format": "TypeScript/TSX", "description": "This file defines a React component called 'Title' that renders an animated title text with animated scaling for each word, used in a Remotion video project.", "external_files": ["./constants"], "external_methods": ["useVideoConfig", "useCurrentFrame", "spring"], "published": ["Title"], "classes": [], "methods": [{"name": "Title", "description": "React functional component that displays animated title text with per-word scaling effects."}], "calls": ["useVideoConfig()", "useCurrentFrame()", "spring({ fps, frame, config })"], "search-terms": ["Title", "React.FC", "spring animation", "remotion", "TitleText", "word scaling", "remotion Title component"], "state": 2, "file_id": 644, "knowledge_revision": 1667, "git_revision": "1aee8ed1eca8330cc765b711c43546e90b04ff39", "ctags": [], "hash": "c4d50786934a65d475e056772bf0c33f", "format-version": 4, "code-base-name": "universalinit", "filename": "src/universalinit/templates/remotion/src/HelloWorld/Title.tsx", "revision_history": [{"1667": "1aee8ed1eca8330cc765b711c43546e90b04ff39"}]}