{"is_source_file": true, "format": "JavaScript", "description": "This file appears to be a JavaScript module intended to export middleware components for a web application. Currently, it only contains a placeholder comment and does not define any middleware or functions yet.", "external_files": [], "external_methods": [], "published": [], "classes": [], "methods": [], "calls": [], "search-terms": ["middleware", "module.exports", "express", "index.js", "universalinit", "src", "templates"], "state": 2, "file_id": 362, "knowledge_revision": 1380, "git_revision": "1aee8ed1eca8330cc765b711c43546e90b04ff39", "ctags": [], "hash": "e9169fe9b751451d433ec5c4d4734b4a", "format-version": 4, "code-base-name": "universalinit", "filename": "src/universalinit/templates/express/src/middleware/index.js", "revision_history": [{"1380": "1aee8ed1eca8330cc765b711c43546e90b04ff39"}]}