{"is_source_file": true, "format": "TypeScript/TSX", "description": "This file defines a React-like component using Qwik framework, rendering an infobox with slot placeholders for dynamic content.", "external_files": ["./infobox.module.css"], "external_methods": ["component$"], "published": [], "classes": [], "methods": [{"name": "default", "description": "Functional component that renders an infobox with slots for title and content."}], "calls": ["component$"], "search-terms": ["Qwik", "component$", "infobox", "tsx", "slot", "styles infobox"], "state": 2, "file_id": 523, "knowledge_revision": 1543, "git_revision": "1aee8ed1eca8330cc765b711c43546e90b04ff39", "ctags": [], "hash": "e550dea120857ece5cc0d3ded5ee4bdd", "format-version": 4, "code-base-name": "universalinit", "filename": "src/universalinit/templates/qwik/src/components/starter/infobox/infobox.tsx", "revision_history": [{"1543": "1aee8ed1eca8330cc765b711c43546e90b04ff39"}]}