{"is_source_file": true, "format": "JavaScript", "description": "This file defines a function named setupCounter that initializes and manages a counter variable, updating the DOM element's innerHTML and adding an event listener for clicks.", "external_files": [], "external_methods": [], "published": ["setupCounter"], "classes": [], "methods": [{"name": "setupCounter(element)", "description": "Initializes a counter on a DOM element, updates its display, and sets up an event listener to increment the counter when clicked.", "scope": "", "scopeKind": ""}], "calls": ["element.addEventListener", "setCounter"], "search-terms": ["setupCounter", "counter", "click event", "DOM manipulation", "JavaScript source", "element"], "state": 2, "file_id": 374, "knowledge_revision": 1398, "git_revision": "1aee8ed1eca8330cc765b711c43546e90b04ff39", "ctags": [{"_type": "tag", "name": "setupCounter", "path": "/home/kavia/workspace/code-generation/universalinit/src/universalinit/templates/vite/src/counter.js", "pattern": "/^export function setupCounter(element) {$/", "language": "JavaScript", "kind": "function", "signature": "(element)"}], "hash": "2ac86fab0c68ff8890db658663b5b7f5", "format-version": 4, "code-base-name": "universalinit", "filename": "src/universalinit/templates/vite/src/counter.js", "revision_history": [{"1398": "1aee8ed1eca8330cc765b711c43546e90b04ff39"}]}