{"is_source_file": true, "format": "JavaScript (React)", "description": "This file defines a React functional component named 'App' which manages and toggles between light and dark themes, updating the document's data-theme attribute accordingly. It includes UI elements like a button for theme switching, logo display, and links.", "external_files": ["./logo.svg", "./App.css"], "external_methods": ["React.useState", "React.useEffect"], "published": ["App"], "classes": [], "methods": [{"name": "App()", "description": "React functional component that manages theme state and renders UI for theme switching.", "scope": "", "scopeKind": ""}, {"name": "toggleTheme", "description": "Function that toggles the theme state between 'light' and 'dark'."}], "calls": ["React.useState", "React.useEffect", "document.documentElement.setAttribute", "setTheme", "prevTheme => prevTheme === 'light' ? 'dark' : 'light'", "document.querySelector", "window.addEventListener"], "search-terms": ["React", "theme toggle", "App component", "useEffect", "useState", "dark mode", "light mode", "App.js"], "state": 2, "file_id": 358, "knowledge_revision": 760, "git_revision": "e7affda75351d8112f1958d86b733374ab02d4fd", "ctags": [{"_type": "tag", "name": "App", "path": "/home/kavia/workspace/code-generation/universalinit/src/universalinit/templates/react/src/App.js", "pattern": "/^function App() {$/", "language": "JavaScript", "kind": "function", "signature": "()"}, {"_type": "tag", "name": "Switch to ${theme === 'light' ? 'dark' : 'light'} mode", "path": "/home/kavia/workspace/code-generation/universalinit/src/universalinit/templates/react/src/App.js", "pattern": "/^          aria-label={`Switch to ${theme === 'light' ? 'dark' : 'light'} mode`}$/", "language": "JavaScript", "kind": "field", "scope": "App.aria", "scopeKind": "class"}, {"_type": "tag", "name": "toggleTheme", "path": "/home/kavia/workspace/code-generation/universalinit/src/universalinit/templates/react/src/App.js", "pattern": "/^          onClick={toggleTheme}$/", "language": "JavaScript", "kind": "field", "scope": "App.onClick", "scopeKind": "class"}], "hash": "b55dd9e6a018e59207d8e277dffd9e11", "format-version": 4, "code-base-name": "universalinit", "filename": "src/universalinit/templates/react/src/App.js", "fields": [{"name": "aria-label={`Switch to ${theme === 'light' ? 'dark' : 'light'} mode`}", "scope": "App.aria", "scopeKind": "class", "description": "unavailable"}, {"name": "onClick={toggleTheme}", "scope": "App.onClick", "scopeKind": "class", "description": "unavailable"}], "revision_history": [{"760": "e7affda75351d8112f1958d86b733374ab02d4fd"}]}