{"is_source_file": true, "format": "Python", "description": "Initializes a Flask web application with CORS support, OpenAPI configuration, and registers a blueprint from the health routes.", "external_files": ["flask", "flask_cors", ".routes.health", "flask_smorest"], "external_methods": ["CORS", "Api", "app.route", "api.register_blueprint"], "published": [], "classes": [], "methods": [{"name": "Flask(__name__)", "description": "Creates a new Flask application instance."}, {"name": "CORS(app, resources={r\"/*\": {\"origins\": \"*\"}})", "description": "Configures Cross-Origin Resource Sharing for the Flask app."}, {"name": "Api(app)", "description": "Creates an API object bound to the Flask app."}, {"name": "api.register_blueprint(blp)", "description": "Registers the health blueprint with the API."}], "calls": ["Flask.__init__", "CORS", "Api", "api.register_blueprint"], "search-terms": ["flask app initialization", "CORS configuration", "OpenAPI setup", "blueprint registration", "health route"], "state": 2, "file_id": 612, "knowledge_revision": 1634, "git_revision": "1aee8ed1eca8330cc765b711c43546e90b04ff39", "ctags": [{"_type": "tag", "name": "api", "path": "/home/kavia/workspace/code-generation/universalinit/src/universalinit/templates/flask/app/__init__.py", "pattern": "/^api = Api(app)$/", "language": "Python", "kind": "variable"}, {"_type": "tag", "name": "app", "path": "/home/kavia/workspace/code-generation/universalinit/src/universalinit/templates/flask/app/__init__.py", "pattern": "/^app = Flask(__name__)$/", "language": "Python", "kind": "variable"}], "hash": "da3fd8f5753305c3dde1f2a956741543", "format-version": 4, "code-base-name": "universalinit", "filename": "src/universalinit/templates/flask/app/__init__.py", "fields": [{"name": "api = Api(app)", "scope": "", "scopeKind": "", "description": "unavailable"}, {"name": "app = Flask(__name__)", "scope": "", "scopeKind": "", "description": "unavailable"}], "revision_history": [{"1634": "1aee8ed1eca8330cc765b711c43546e90b04ff39"}]}