{"is_source_file": false, "format": "", "description": "", "external_files": [], "external_methods": [], "published": [], "classes": [], "methods": [], "calls": [], "search-terms": [], "state": 2, "file_id": 462, "knowledge_revision": 1470, "git_revision": "1aee8ed1eca8330cc765b711c43546e90b04ff39", "hash": "18b19982942e38ba16d929da4487a676", "format-version": 4, "code-base-name": "universalinit", "filename": "src/universalinit/templates/qwik/src/components/starter/header/header.module.css", "revision_history": [{"1470": "1aee8ed1eca8330cc765b711c43546e90b04ff39"}]}