{"is_source_file": true, "format": "Dart", "description": "Main application entry point for a Flutter project, defining the root widget and home page layout.", "external_files": ["package:flutter/material.dart"], "external_methods": ["runApp", "MaterialApp", "ThemeData", "ColorScheme.fromSeed", "Colors.blue", "StatelessWidget", "StatefulWidget", "createState", "Scaffold", "AppBar", "Theme.of", "Text", "Center", "Column", "SizedBox", "CircularProgressIndicator"], "published": ["main", "MyApp", "MyHomePage", "_MyHomePageState"], "classes": [{"name": "MyApp", "description": "Root widget of the Flutter application, setting up theme and home page."}, {"name": "MyHomePage", "description": "Stateful widget representing the home page with a customizable title."}, {"name": "_MyHomePageState", "description": "State class managing the UI for MyHomePage, displaying a loading message and progress indicator."}], "methods": [{"name": "main", "description": "Application entry point, runs the Flutter app by instantiating MyApp."}, {"name": "build", "description": "Build method for each widget class, describing the UI layout."}, {"name": "createState", "description": "Creates mutable state for MyHomePage."}], "calls": ["runApp", "MaterialApp", "ThemeData", "ColorScheme.fromSeed", "Colors.blue", "Scaffold", "AppBar", "Theme.of", "Text", "Center", "Column", "SizedBox", "CircularProgressIndicator"], "search-terms": ["flutter main", "Flutter app entry point", "MyApp widget", "MaterialApp", "home widget", "loading screen", "progress indicator", "KAVIA_TEMPLATE_PROJECT_NAME"], "state": 2, "file_id": 308, "knowledge_revision": 711, "git_revision": "82eb4366341874e8fc6c777b407dfd58f2d1de32", "hash": "601e9fda3eb2a914ab8f872f256fe019", "format-version": 4, "code-base-name": "universalinit", "filename": "src/universalinit/templates/flutter/lib/main.dart", "revision_history": [{"711": "82eb4366341874e8fc6c777b407dfd58f2d1de32"}]}