{"is_source_file": true, "format": "TypeScript with React (TSX)", "description": "A React functional component that renders a animated title with scaling effect for each word, utilizing Remotion hooks for video frame control.", "external_files": ["./constants"], "external_methods": ["useVideoConfig", "useCurrentFrame", "spring"], "published": ["Title"], "classes": [], "methods": [{"name": "Title", "description": "React functional component that displays an animated, scalable title text based on video frame and configuration."}], "calls": ["useVideoConfig", "useCurrentFrame", "spring"], "search-terms": ["React", "Title", "animation", "spring", "remotion", "scale", "video configuration", "highlighted text"], "state": 2, "file_id": 459, "knowledge_revision": 1482, "git_revision": "1aee8ed1eca8330cc765b711c43546e90b04ff39", "ctags": [], "hash": "c4d50786934a65d475e056772bf0c33f", "format-version": 4, "code-base-name": "universalinit", "filename": "src/universalinit/templates/remotion/src/HelloWorld/Title.tsx", "revision_history": [{"1482": "1aee8ed1eca8330cc765b711c43546e90b04ff39"}]}