{"is_source_file": true, "format": "TypeScript", "description": "Configuration file for a Nuxt.js (Vue.js framework) project, defining build and server options.", "external_files": [], "external_methods": ["defineNuxtConfig"], "published": ["default"], "classes": [], "methods": [{"name": "defineNuxtConfig", "description": "Function used to define and export Nuxt.js configuration settings."}], "calls": ["defineNuxtConfig"], "search-terms": ["NuxtConfig", "routes", "headers", "vite", "compatibilityDate"], "state": 2, "file_id": 390, "knowledge_revision": 785, "git_revision": "5b8f33f8784107e2b06ceaa8f13a613b4503a570", "ctags": [], "hash": "5f9df0d4eaa42a5ea12a40cd14adef50", "format-version": 4, "code-base-name": "universalinit", "filename": "src/universalinit/templates/nuxt/nuxt.config.ts", "revision_history": [{"785": "5b8f33f8784107e2b06ceaa8f13a613b4503a570"}]}