{"is_source_file": false, "format": "", "description": "", "external_files": [], "external_methods": [], "published": [], "classes": [], "methods": [], "calls": [], "search-terms": [], "state": 2, "file_id": 215, "knowledge_revision": 608, "git_revision": "3296b01cb6d44923378496252722d71729df0755", "hash": "e340377248f422a9506a076ffcadd736", "format-version": 4, "code-base-name": "universalinit", "filename": "src/universalinit/templates/lightningjs/docs/essentials_displaying_text.md", "revision_history": [{"608": "3296b01cb6d44923378496252722d71729df0755"}]}