{"is_source_file": true, "format": "TypeScript declaration file", "description": "This file is a TypeScript declaration (d.ts) file primarily providing type references for Vite's client environment.", "external_files": ["vite/client"], "external_methods": [], "published": [], "classes": [], "methods": [], "calls": [], "search-terms": ["vite-env.d.ts", "vite/client", "TypeScript declaration", "type reference", "environment types"], "state": 2, "file_id": 469, "knowledge_revision": 1492, "git_revision": "1aee8ed1eca8330cc765b711c43546e90b04ff39", "ctags": [], "hash": "0352474ba2918efe13895edbc3780d94", "format-version": 4, "code-base-name": "universalinit", "filename": "src/universalinit/templates/typescript/src/vite-env.d.ts", "revision_history": [{"1492": "1aee8ed1eca8330cc765b711c43546e90b04ff39"}]}