{"is_source_file": true, "format": "TypeScript", "description": "Configuration script for Remotion, setting video image format and output overwrite preferences.", "external_files": ["@remotion/cli/config"], "external_methods": ["Config.setVideoImageFormat", "Config.setOverwriteOutput"], "published": [], "classes": [], "methods": [], "calls": ["Config.setVideoImageFormat", "Config.setOverwriteOutput"], "search-terms": ["remotion.config.ts", "setVideoImageFormat", "setOverwriteOutput", "Remotion configuration", "typescript config"], "state": 2, "file_id": 591, "knowledge_revision": 1607, "git_revision": "1aee8ed1eca8330cc765b711c43546e90b04ff39", "ctags": [], "hash": "59c56da67f1bfdb377d7df8bd4fadc25", "format-version": 4, "code-base-name": "universalinit", "filename": "src/universalinit/templates/remotion/remotion.config.ts", "revision_history": [{"1607": "1aee8ed1eca8330cc765b711c43546e90b04ff39"}]}