{"is_source_file": true, "format": "JavaScript", "description": "This is a configuration file for Vite, a build tool, specifically setting up project build and server options, including plugins, server host/port, security headers, and module resolution.", "external_files": ["@lightningjs/blits/vite"], "external_methods": ["defineConfig"], "published": [], "classes": [], "methods": [{"name": "defineConfig", "description": "Imports and defines the configuration object for Vite build tool with specific project settings."}], "calls": ["defineConfig"], "search-terms": ["vite.config.js", "lightningjs", "blitsVitePlugins", "defineConfig", "server", "plugins", "resolve", "headers", "allowedHosts", "base"], "state": 2, "file_id": 613, "knowledge_revision": 1634, "git_revision": "1aee8ed1eca8330cc765b711c43546e90b04ff39", "ctags": [], "hash": "8acdac9175269e76719fddf670b22d2f", "format-version": 4, "code-base-name": "universalinit", "filename": "src/universalinit/templates/lightningjs/vite.config.js", "revision_history": [{"1634": "1aee8ed1eca8330cc765b711c43546e90b04ff39"}]}