{"is_source_file": true, "format": "JavaScript", "description": "Vite configuration file for a LightningJS project, setting up build options, plugins, server configuration, and worker format.", "external_files": ["@lightningjs/blits/vite"], "external_methods": ["defineConfig"], "published": ["default"], "classes": [], "methods": [{"name": "defineConfig", "description": "Function to define and export Vite configuration."}], "calls": ["defineConfig"], "search-terms": ["vite", "lightningjs", "blits", "vite.config.js", "configuration", "build"], "state": 2, "file_id": 567, "knowledge_revision": 1590, "git_revision": "1aee8ed1eca8330cc765b711c43546e90b04ff39", "ctags": [], "hash": "8acdac9175269e76719fddf670b22d2f", "format-version": 4, "code-base-name": "universalinit", "filename": "src/universalinit/templates/lightningjs/vite.config.js", "revision_history": [{"1590": "1aee8ed1eca8330cc765b711c43546e90b04ff39"}]}