{"is_source_file": false, "format": "", "description": "", "external_files": [], "external_methods": [], "published": [], "classes": [], "methods": [], "calls": [], "search-terms": [], "state": 2, "file_id": 433, "knowledge_revision": 1441, "git_revision": "1aee8ed1eca8330cc765b711c43546e90b04ff39", "hash": "f15aaa42d5d299d091b1171097ea56ad", "format-version": 4, "code-base-name": "universalinit", "filename": "src/universalinit/templates/nextjs/README.md", "revision_history": [{"1441": "1aee8ed1eca8330cc765b711c43546e90b04ff39"}]}