{"is_source_file": false, "format": "", "description": "", "external_files": [], "external_methods": [], "published": [], "classes": [], "methods": [], "calls": [], "search-terms": [], "state": 2, "file_id": 545, "knowledge_revision": 1556, "git_revision": "1aee8ed1eca8330cc765b711c43546e90b04ff39", "hash": "f237e35bd106ebdd82a3ed57b0a75542", "format-version": 4, "code-base-name": "universalinit", "filename": "src/universalinit/templates/slidev/config.yml", "revision_history": [{"1556": "1aee8ed1eca8330cc765b711c43546e90b04ff39"}]}