{"is_source_file": false, "format": "", "description": "", "external_files": [], "external_methods": [], "published": [], "classes": [], "methods": [], "calls": [], "search-terms": ["tsconfig.app.json", "vue", "typescript", "json", "configuration", "tsconfig"], "state": 2, "file_id": 507, "knowledge_revision": 1517, "git_revision": "1aee8ed1eca8330cc765b711c43546e90b04ff39", "hash": "16d46f4ac727f241373787684e155ff4", "format-version": 4, "code-base-name": "universalinit", "filename": "src/universalinit/templates/vue/tsconfig.app.json", "revision_history": [{"1517": "1aee8ed1eca8330cc765b711c43546e90b04ff39"}]}