{"is_source_file": true, "format": "JavaScript", "description": "This file defines a module for a NativeScript app, exporting a function to handle navigation to the home page and setting up its binding context with the HomeViewModel.", "external_files": ["./home-view-model"], "external_methods": ["HomeViewModel"], "published": ["onNavigatingTo"], "classes": [], "methods": [{"name": "onNavigatingTo(args)", "description": "Handles the navigation event for the page, setting its binding context to an instance of HomeViewModel.", "scope": "", "scopeKind": ""}], "calls": ["args.object", "new HomeViewModel()"], "search-terms": ["NativeScript", "JavaScript", "home-page.js", "onNavigatingTo", "bindingContext", "HomeViewModel"], "state": 2, "file_id": 490, "knowledge_revision": 1512, "git_revision": "1aee8ed1eca8330cc765b711c43546e90b04ff39", "ctags": [{"_type": "tag", "name": "onNavigatingTo", "path": "/home/kavia/workspace/code-generation/universalinit/src/universalinit/templates/nativescript/app/home/home-page.js", "pattern": "/^export function onNavigatingTo(args) {$/", "language": "JavaScript", "kind": "function", "signature": "(args)"}], "hash": "c73fa2a2554cc1c125b9f2ab5a64132c", "format-version": 4, "code-base-name": "universalinit", "filename": "src/universalinit/templates/nativescript/app/home/home-page.js", "revision_history": [{"1512": "1aee8ed1eca8330cc765b711c43546e90b04ff39"}]}