{"is_source_file": true, "format": "TypeScript/TSX", "description": "This file defines a React-like component using Qwik framework that renders a gauge visualization with dynamic stroke based on a value prop.", "external_files": ["styles from \"./gauge.module.css\"", "@builder.io/qwik"], "external_methods": ["component$ from \"@builder.io/qwik\""], "published": [], "classes": [], "methods": [{"name": "default", "description": "Default factory function for the gauge component, rendering SVG and value display."}], "calls": ["component$"], "search-terms": ["Qwik", "gauge", "component", "SVG", "linearGradient", "stroke-dasharray", "props", "TypeScript", "gauge.module.css", "index.tsx"], "state": 2, "file_id": 573, "knowledge_revision": 1592, "git_revision": "1aee8ed1eca8330cc765b711c43546e90b04ff39", "ctags": [], "hash": "27f4579126cf32b622a56b0aff87aafc", "format-version": 4, "code-base-name": "universalinit", "filename": "src/universalinit/templates/qwik/src/components/starter/gauge/index.tsx", "revision_history": [{"1592": "1aee8ed1eca8330cc765b711c43546e90b04ff39"}]}