{"is_source_file": true, "file_id": 438, "git_revision": "1aee8ed1eca8330cc765b711c43546e90b04ff39", "state": 1, "description": "", "external_files": [], "external_methods": [], "published": [], "classes": [], "methods": [], "calls": [], "search-terms": [], "ctags": [{"_type": "tag", "name": "bootstrap", "path": "/home/kavia/workspace/code-generation/universalinit/src/universalinit/templates/angular/src/main.server.ts", "pattern": "/^const bootstrap = () => bootstrapApplication(AppComponent, config);$/", "language": "TypeScript", "kind": "constant"}], "format": "TypeScript", "hash": "2f67d3e7163632b8f077f15a810789b6", "format-version": 4, "code-base-name": "universalinit", "filename": "src/universalinit/templates/angular/src/main.server.ts", "knowledge_revision": 1115}