{"is_source_file": true, "format": "JavaScript", "description": "This file initializes an Express server, starts listening on specified port and host, and sets up a graceful shutdown procedure for SIGTERM signals.", "external_files": ["./app"], "external_methods": ["app.listen", "process.on", "server.close", "console.log", "process.exit"], "published": ["server"], "classes": [], "methods": [{"name": "listen", "description": "Starts the Express application listening on specified port and host."}, {"name": "close", "description": "Closes the server gracefully during shutdown."}], "calls": ["require", "app.listen", "console.log", "process.on", "server.close", "process.exit"], "search-terms": ["express", "server", "SIGTERM", "graceful shutdown", "app.listen"], "state": 2, "file_id": 433, "knowledge_revision": 1453, "git_revision": "1aee8ed1eca8330cc765b711c43546e90b04ff39", "ctags": [{"_type": "tag", "name": "HOST", "path": "/home/kavia/workspace/code-generation/universalinit/src/universalinit/templates/express/src/server.js", "pattern": "/^const HOST = process.env.HOST || '0.0.0.0';$/", "language": "JavaScript", "kind": "constant"}, {"_type": "tag", "name": "PORT", "path": "/home/kavia/workspace/code-generation/universalinit/src/universalinit/templates/express/src/server.js", "pattern": "/^const PORT = process.env.PORT || 3000;$/", "language": "JavaScript", "kind": "constant"}, {"_type": "tag", "name": "app", "path": "/home/kavia/workspace/code-generation/universalinit/src/universalinit/templates/express/src/server.js", "pattern": "/^const app = require('.\\/app');$/", "language": "JavaScript", "kind": "constant"}, {"_type": "tag", "name": "server", "path": "/home/kavia/workspace/code-generation/universalinit/src/universalinit/templates/express/src/server.js", "pattern": "/^const server = app.listen(PORT, HOST, () => {$/", "language": "JavaScript", "kind": "constant"}], "hash": "e5d7d8ed0764ea86a77b8fe15cd2b83e", "format-version": 4, "code-base-name": "universalinit", "filename": "src/universalinit/templates/express/src/server.js", "revision_history": [{"1453": "1aee8ed1eca8330cc765b711c43546e90b04ff39"}]}