{"is_source_file": false, "format": "", "description": "", "external_files": [], "external_methods": [], "published": [], "classes": [], "methods": [], "calls": [], "search-terms": ["Text-to-Speech", "Announcer", "blits", "router integration", "accessibility", "speak()", "announce", "queue", "disable", "enable"], "state": 2, "file_id": 585, "knowledge_revision": 1601, "git_revision": "1aee8ed1eca8330cc765b711c43546e90b04ff39", "hash": "bd1be0e1e461f26e275ce5dd64fc4e37", "format-version": 4, "code-base-name": "universalinit", "filename": "src/universalinit/templates/lightningjs/docs/plugins_text-to-speech-announcer.md", "revision_history": [{"1601": "1aee8ed1eca8330cc765b711c43546e90b04ff39"}]}