{"is_source_file": true, "format": "TypeScript", "description": "This file is a Tailwind CSS configuration file that specifies content paths, theme customizations (such as font families), and plugins for a project, meant to be used with the Tailwind CSS framework.", "external_files": ["tailwindcss"], "external_methods": [], "published": [], "classes": [], "methods": [], "calls": ["tailwindcss.Config"], "search-terms": ["tailwind.config.ts", "content paths", "theme extension", "fontFamily", "tailwindcss"], "state": 2, "file_id": 427, "knowledge_revision": 1445, "git_revision": "1aee8ed1eca8330cc765b711c43546e90b04ff39", "ctags": [], "hash": "ec9c3bff099c7a629e56845efd338c42", "format-version": 4, "code-base-name": "universalinit", "filename": "src/universalinit/templates/remix/tailwind.config.ts", "revision_history": [{"1445": "1aee8ed1eca8330cc765b711c43546e90b04ff39"}]}