{"is_source_file": true, "format": "JavaScript (ES Modules)", "description": "This file configures ESLint for a Next.js project by extending base configurations using the FlatCompat utility.", "external_files": ["@eslint/eslintrc", "path", "url"], "external_methods": ["dirname", "fileURLToPath", "FlatCompat.prototype.extends"], "published": ["default"], "classes": [], "methods": [{"name": "extends", "description": "Method from FlatCompat to extend base ESLint configurations."}], "calls": ["compat.extends"], "search-terms": ["eslint", "nextjs", "eslint.config.mjs", "FlatCompat", "eslint configuration", "Next.js ESLint setup"], "state": 2, "file_id": 278, "knowledge_revision": 674, "git_revision": "e4d64c0e98dd31e123a7dc77641423f682f05f97", "hash": "b43f470c5df5e9ff4c2f5e0bd917a881", "format-version": 4, "code-base-name": "universalinit", "filename": "src/universalinit/templates/nextjs/eslint.config.mjs", "revision_history": [{"674": "e4d64c0e98dd31e123a7dc77641423f682f05f97"}]}