{"is_source_file": true, "format": "JavaScript", "description": "This file defines a UI component named 'Button' using the LightningJS framework. It includes a template with dynamic content based on component state, manages internal state for 'favorited' status, and handles user input to toggle this state.", "external_files": ["@lightningjs/blits"], "external_methods": [], "published": ["Button"], "classes": [{"name": "Button", "description": "A LightningJS component representing a customizable button that toggles its favorite state."}], "methods": [{"name": "input.enter", "description": "Handles the 'enter' input event to toggle the 'isFavorited' state."}, {"name": "state", "description": "Defines the internal state properties for the component, including 'isFavorited', 'favoriteText', and 'unfavoriteText'."}], "calls": ["Blits.Component"], "search-terms": ["LightningJS Button component", "favorite toggle", "Button template", "LightningJS component definition"], "state": 2, "file_id": 393, "knowledge_revision": 1418, "git_revision": "1aee8ed1eca8330cc765b711c43546e90b04ff39", "ctags": [], "hash": "937bfe439a9c9f493682f4dc71047929", "format-version": 4, "code-base-name": "universalinit", "filename": "src/universalinit/templates/lightningjs/src/components/Button.js", "revision_history": [{"1418": "1aee8ed1eca8330cc765b711c43546e90b04ff39"}]}