{"is_source_file": true, "file_id": 431, "git_revision": "2028ea7a4a4843e6263708f2139ded60b9650606", "state": 1, "description": "", "external_files": [], "external_methods": [], "published": [], "classes": [], "methods": [], "calls": [], "search-terms": [], "ctags": [{"_type": "tag", "name": "main", "path": "/home/kavia/workspace/code-generation/universalinit/src/universalinit/templates/django/manage.py", "pattern": "/^def main():$/", "language": "Python", "kind": "function", "signature": "()"}], "format": "Python", "hash": "09ce28f22db4398409f377833475117f", "format-version": 4, "code-base-name": "universalinit", "filename": "src/universalinit/templates/django/manage.py", "knowledge_revision": 1104}