{"is_source_file": true, "format": "TypeScript", "description": "This file defines and exports the Next.js configuration object with specific settings, notably setting the output export mode.", "external_files": ["next"], "external_methods": [], "published": ["default"], "classes": [], "methods": [], "calls": ["NextConfig"], "search-terms": ["next.config.ts", "NextConfig", "next"], "state": 2, "file_id": 497, "knowledge_revision": 1527, "git_revision": "1aee8ed1eca8330cc765b711c43546e90b04ff39", "ctags": [{"_type": "tag", "name": "nextConfig", "path": "/home/kavia/workspace/code-generation/universalinit/src/universalinit/templates/nextjs/next.config.ts", "pattern": "/^const nextConfig: NextConfig = {$/", "language": "TypeScript", "kind": "constant"}], "hash": "d2e8cb2378dd8f1f25150e4609f18db6", "format-version": 4, "code-base-name": "universalinit", "filename": "src/universalinit/templates/nextjs/next.config.ts", "revision_history": [{"1527": "1aee8ed1eca8330cc765b711c43546e90b04ff39"}]}