{"is_source_file": true, "format": "Python", "description": "This Python script defines a custom Django management command that generates an OpenAPI schema using drf_yasg and saves it as a JSON file.", "external_files": ["django.core.management.base", "django.test.RequestFactory", "drf_yasg.openapi", "drf_yasg.views.get_schema_view", "rest_framework.permissions.AllowAny", "json", "os"], "external_methods": ["json.loads", "json.dump", "os.makedirs", "os.path.join"], "published": ["Command"], "classes": [{"name": "Command", "description": "A Django custom management command for generating and saving an OpenAPI schema"}], "methods": [{"name": "handle(self, *args, **options)", "description": "Handles the command execution: creates request, generates schema, and writes to file", "scope": "Command", "scopeKind": "class"}], "calls": ["RequestFactory()", "factory.get()", "get_schema_view()", "schema_view.without_ui()", "response.render()", "json.loads()", "json.dump()", "os.makedirs()", "os.path.join()"], "search-terms": ["generate_openapi", "schema_view", "Command", "RequestFactory", "drf_yasg", "api/management/commands", "openapi.json", "generate schema"], "state": 2, "file_id": 482, "knowledge_revision": 1508, "git_revision": "1aee8ed1eca8330cc765b711c43546e90b04ff39", "ctags": [{"_type": "tag", "name": "Command", "path": "/home/kavia/workspace/code-generation/universalinit/src/universalinit/templates/django/api/management/commands/generate_openapi.py", "pattern": "/^class Command(BaseCommand):$/", "language": "Python", "kind": "class"}, {"_type": "tag", "name": "handle", "path": "/home/kavia/workspace/code-generation/universalinit/src/universalinit/templates/django/api/management/commands/generate_openapi.py", "pattern": "/^    def handle(self, *args, **options):$/", "language": "Python", "kind": "member", "signature": "(self, *args, **options)", "scope": "Command", "scopeKind": "class"}], "hash": "ecbef1ab975654f383ec74e3c38d3bd0", "format-version": 4, "code-base-name": "universalinit", "filename": "src/universalinit/templates/django/api/management/commands/generate_openapi.py", "revision_history": [{"1508": "1aee8ed1eca8330cc765b711c43546e90b04ff39"}]}