{"is_source_file": false, "format": "", "description": "", "external_files": [], "external_methods": [], "published": [], "classes": [], "methods": [], "calls": [], "search-terms": ["appsettings.json", "JSON configuration", "dotnet", "Logging", "AllowedHosts"], "state": 2, "file_id": 214, "knowledge_revision": 607, "git_revision": "7f79b4bdcfe79407dd8bd2d572655cd02715cc09", "hash": "732f4d75514e890746f0170256ed9654", "format-version": 4, "code-base-name": "universalinit", "filename": "src/universalinit/templates/dotnet/appsettings.json", "revision_history": [{"607": "7f79b4bdcfe79407dd8bd2d572655cd02715cc09"}]}