{"is_source_file": true, "format": "Markdown", "description": "This file appears to be a Markdown document used as a presentation slide deck for Slidev, a Markdown-based presentation tool. It contains frontmatter, slide content, code snippets, diagrams, and HTML elements, indicating it's a Markdown source for a presentation project.", "external_files": ["@/snippets/external.ts#snippet"], "external_methods": ["$slidev.nav.next", "$slidev.nav.openInEditor"], "published": ["slidev", "slidev.nav", "slidev-icon-btn", "slidev-logo", "slidev", "PoweredBySlidev"], "classes": [], "methods": [{"name": "slidev.nav.next", "description": "Navigate to the next slide"}, {"name": "slidev.nav.openInEditor", "description": "Open current slide in an editor"}], "calls": ["$slidev.nav.next", "$slidev.nav.openInEditor"], "search-terms": ["Slidev", "presentation", "Markdown slides", "slide navigation", "slide transitions", "Vue components in Markdown", "code highlighting", "diagrams in Markdown"], "state": 2, "file_id": 546, "knowledge_revision": 1567, "git_revision": "1aee8ed1eca8330cc765b711c43546e90b04ff39", "hash": "293c35623e48e3833594da6aee70ebe4", "format-version": 4, "code-base-name": "universalinit", "filename": "src/universalinit/templates/slidev/slides.md", "revision_history": [{"1567": "1aee8ed1eca8330cc765b711c43546e90b04ff39"}]}