{"is_source_file": true, "format": "TypeScript", "description": "This file is a TypeScript configuration file for Vitest, a testing framework. It merges existing Vite configuration with specific test environment settings and exclusions.", "external_files": ["./vite.config"], "external_methods": ["mergeConfig", "defineConfig", "configDefaults", "fileURLToPath"], "published": [], "classes": [], "methods": [], "calls": ["mergeConfig", "defineConfig", "fileURLToPath"], "search-terms": ["vitest.config.ts", "vitest", "test environment", "mergeConfig", "vite.config", "jsdom", "exclude", "configDefaults"], "state": 2, "file_id": 481, "knowledge_revision": 1510, "git_revision": "1aee8ed1eca8330cc765b711c43546e90b04ff39", "ctags": [], "hash": "fbf1ae958316eb66f11ca04b23d38fff", "format-version": 4, "code-base-name": "universalinit", "filename": "src/universalinit/templates/vue/vitest.config.ts", "revision_history": [{"1510": "1aee8ed1eca8330cc765b711c43546e90b04ff39"}]}