{"is_source_file": true, "format": "JavaScript", "description": "Configuration file for NativeScript Webpack setup, importing NativeScript-specific Webpack utilities and exporting a configuration function.", "external_files": ["@nativescript/webpack"], "external_methods": ["webpack.init", "webpack.resolveConfig"], "published": [], "classes": [], "methods": [{"name": "module.exports", "description": "Exports a function that initializes Webpack with environment parameters and resolves configuration."}], "calls": ["webpack.init(env)", "webpack.resolveConfig()"], "search-terms": ["webpack.config.js", "NativeScript", "@nativescript/webpack", "initializing webpack", "custom webpack config"], "state": 2, "file_id": 638, "knowledge_revision": 1663, "git_revision": "1aee8ed1eca8330cc765b711c43546e90b04ff39", "ctags": [{"_type": "tag", "name": "webpack", "path": "/home/kavia/workspace/code-generation/universalinit/src/universalinit/templates/nativescript/webpack.config.js", "pattern": "/^const webpack = require(\"@nativescript\\/webpack\");$/", "language": "JavaScript", "kind": "constant"}], "hash": "e0e53d44fe24f88b703146dfd498a1f8", "format-version": 4, "code-base-name": "universalinit", "filename": "src/universalinit/templates/nativescript/webpack.config.js", "revision_history": [{"1663": "1aee8ed1eca8330cc765b711c43546e90b04ff39"}]}