{"is_source_file": true, "format": "JavaScript", "description": "This file defines a module exporting a function that creates and returns a NativeScript view model object using the fromObject method from '@nativescript/core'.", "external_files": ["@nativescript/core"], "external_methods": ["fromObject"], "published": [], "classes": [], "methods": [{"name": "HomeViewModel()", "description": "Function that initializes and returns a NativeScript view model object.", "scope": "", "scopeKind": ""}], "calls": ["fromObject"], "search-terms": ["HomeViewModel", "nativescript", "view model", "js module", "home screen"], "state": 2, "file_id": 487, "knowledge_revision": 1515, "git_revision": "1aee8ed1eca8330cc765b711c43546e90b04ff39", "ctags": [{"_type": "tag", "name": "HomeViewModel", "path": "/home/kavia/workspace/code-generation/universalinit/src/universalinit/templates/nativescript/app/home/home-view-model.js", "pattern": "/^export function HomeViewModel() {$/", "language": "JavaScript", "kind": "function", "signature": "()"}], "hash": "b44f1b1314003ce4217d9c1ef7847dee", "format-version": 4, "code-base-name": "universalinit", "filename": "src/universalinit/templates/nativescript/app/home/home-view-model.js", "revision_history": [{"1515": "1aee8ed1eca8330cc765b711c43546e90b04ff39"}]}