{"is_source_file": false, "format": "", "description": "", "external_files": [], "external_methods": [], "published": [], "classes": [], "methods": [], "calls": [], "search-terms": [], "state": 2, "file_id": 578, "knowledge_revision": 1589, "git_revision": "1aee8ed1eca8330cc765b711c43546e90b04ff39", "hash": "045d9d8f7f4091c5432bb915353a8a30", "format-version": 4, "code-base-name": "universalinit", "filename": "src/universalinit/templates/lightningjs/docs/essentials_displaying_images.md", "revision_history": [{"1589": "1aee8ed1eca8330cc765b711c43546e90b04ff39"}]}