{"is_source_file": false, "format": "", "description": "", "external_files": [], "external_methods": [], "published": [], "classes": [], "methods": [], "calls": [], "search-terms": [], "state": 2, "file_id": 112, "knowledge_revision": 502, "git_revision": "812c3e3d43e3a5771e1f4a01cabc8c165574df53", "hash": "c96af49df9e24aa9173abc4de6f1a4c7", "format-version": 4, "code-base-name": "universalinit", "filename": "src/universalinit/templates/typescript/package.json", "revision_history": [{"502": "812c3e3d43e3a5771e1f4a01cabc8c165574df53"}]}