{"is_source_file": true, "format": "JavaScript (CommonJS module)", "description": "ESLint configuration file setting up linting rules, plugins, and parser options for a JavaScript project using Prettier, globals, and ESLint recommended configs.", "external_files": ["eslint-plugin-prettier", "globals", "@eslint/js", "@eslint/eslintrc"], "external_methods": ["compat.extends"], "published": [], "classes": [], "methods": [{"name": "compat.extends", "description": "Method used to extend ESLint configurations with specified plugins and rules."}], "calls": ["compat.extends"], "search-terms": ["eslint", "prettier", "eslint-plugin-prettier", "globals", "eslintrc", "eslint:recommended", "prettier/recommended", "babel-eslint", "lightningjs", "eslint.config"], "state": 2, "file_id": 432, "knowledge_revision": 1453, "git_revision": "1aee8ed1eca8330cc765b711c43546e90b04ff39", "hash": "93cd2c5ca89ba1c0ff23b0e00b6c74ef", "format-version": 4, "code-base-name": "universalinit", "filename": "src/universalinit/templates/lightningjs/eslint.config.cjs", "revision_history": [{"1453": "1aee8ed1eca8330cc765b711c43546e90b04ff39"}]}