{"is_source_file": true, "format": "Python", "description": "This file serves as the command-line interface for a universal project initializer. It parses command line arguments, constructs project configurations, and manages the project creation process, including invoking templates and outputting JSON results.", "external_files": ["universalinit.templateconfig", "universalinit.universalinit"], "external_methods": ["ProjectType.from_string", "TemplateInitInfo.configure_environment", "ProjectConfig", "ProjectType", "Path", "make_path_absolute", "template_init_info_to_dict", "output_json", "ProjectInitializer", "ProjectInitializer.template_factory.create_template", "template.get_init_info", "initializer.initialize_project"], "published": ["main"], "classes": [{"name": "ProjectConfig", "description": "Holds configuration details for the project to be initialized, constructed from CLI arguments."}, {"name": "ProjectType", "description": "Represents the type of project, with a method 'from_string' to parse string identifiers."}, {"name": "TemplateInitInfo", "description": "Contains various commands and configurations for setting up the project templates."}, {"name": "ProjectInitializer", "description": "Orchestrates the creation and initialization of the project based on the configuration and templates."}], "methods": [{"name": "Dict[str,Any] parse_parameters(params_str: str)", "description": "Parses a comma-separated key=value string into a dictionary with type conversions.", "scope": "", "scopeKind": ""}, {"name": "ProjectConfig create_project_config(args)", "description": "Constructs a ProjectConfig object from CLI arguments.", "scope": "", "scopeKind": ""}, {"name": "str make_path_absolute(path: str, base_path: Path)", "description": "Converts relative paths to absolute paths, based on a given base directory.", "scope": "", "scopeKind": ""}, {"name": "dict template_init_info_to_dict(init_info: TemplateInitInfo, project_path: Path)", "description": "Converts a TemplateInitInfo object into a dictionary with absolute paths for serialization.", "scope": "", "scopeKind": ""}, {"name": "output_json(success: bool, message: str, template_info: TemplateInitInfo = None, project_path: Path = None)", "description": "Outputs the result of the project initialization as a formatted JSON string.", "scope": "", "scopeKind": ""}, {"name": "main()", "description": "Main function that parses arguments, initializes the project, and handles exceptions.", "scope": "", "scopeKind": ""}], "calls": ["argparse.ArgumentParser", "parser.parse_args", "ProjectType.from_string", "initializer.template_factory.create_template", "template.get_init_info", "initializer.initialize_project", "output_json"], "search-terms": ["cli.py", "command-line interface", "project initializer", "universalinit", "argparse", "template config", "project type parsing", "initialize project"], "state": 2, "file_id": 344, "knowledge_revision": 1364, "git_revision": "1aee8ed1eca8330cc765b711c43546e90b04ff39", "ctags": [{"_type": "tag", "name": "create_project_config", "path": "/home/kavia/workspace/code-generation/universalinit/src/universalinit/cli.py", "pattern": "/^def create_project_config(args) -> ProjectConfig:$/", "language": "Python", "typeref": "typename:ProjectConfig", "kind": "function", "signature": "(args)"}, {"_type": "tag", "name": "main", "path": "/home/kavia/workspace/code-generation/universalinit/src/universalinit/cli.py", "pattern": "/^def main():$/", "language": "Python", "kind": "function", "signature": "()"}, {"_type": "tag", "name": "make_path_absolute", "path": "/home/kavia/workspace/code-generation/universalinit/src/universalinit/cli.py", "pattern": "/^def make_path_absolute(path: str, base_path: Path) -> str:$/", "language": "Python", "typeref": "typename:str", "kind": "function", "signature": "(path: str, base_path: Path)"}, {"_type": "tag", "name": "output_json", "path": "/home/kavia/workspace/code-generation/universalinit/src/universalinit/cli.py", "pattern": "/^def output_json(success: bool, message: str, template_info: TemplateInitInfo = None, project_pat/", "language": "Python", "kind": "function", "signature": "(success: bool, message: str, template_info: TemplateInitInfo = None, project_path: Path = None)"}, {"_type": "tag", "name": "parse_parameters", "path": "/home/kavia/workspace/code-generation/universalinit/src/universalinit/cli.py", "pattern": "/^def parse_parameters(params_str: str) -> Dict[str, Any]:$/", "language": "Python", "typeref": "typename:Dict[str,Any]", "kind": "function", "signature": "(params_str: str)"}, {"_type": "tag", "name": "template_init_info_to_dict", "path": "/home/kavia/workspace/code-generation/universalinit/src/universalinit/cli.py", "pattern": "/^def template_init_info_to_dict(init_info: TemplateInitInfo, project_path: Path) -> dict:$/", "language": "Python", "typeref": "typename:dict", "kind": "function", "signature": "(init_info: TemplateInitInfo, project_path: Path)"}], "hash": "757b2e18b385e1a9f5ec0b4e7fc257e0", "format-version": 4, "code-base-name": "universalinit", "filename": "src/universalinit/cli.py", "revision_history": [{"1364": "1aee8ed1eca8330cc765b711c43546e90b04ff39"}]}