{"is_source_file": true, "format": "TypeScript (Vue.js router configuration)", "description": "This file configures a Vue.js router for a web application, defining route paths and their associated components, including lazy loading for some views.", "external_files": ["../views/HomeView.vue", "../views/AboutView.vue"], "external_methods": ["createRouter", "createWebHistory"], "published": ["router"], "classes": [], "methods": [{"name": "createRouter", "description": "Creates a Vue Router instance with specified history mode and route definitions."}, {"name": "createWebHistory", "description": "Creates HTML5 history mode for the Vue Router, based on the base URL."}], "calls": ["createRouter", "createWebHistory", "import (within component loaders)"], "search-terms": ["vue-router", "createRouter", "createWebHistory", "routes", "lazy-loaded component", "index.ts router configuration"], "state": 2, "file_id": 511, "knowledge_revision": 1534, "git_revision": "1aee8ed1eca8330cc765b711c43546e90b04ff39", "ctags": [{"_type": "tag", "name": "router", "path": "/home/kavia/workspace/code-generation/universalinit/src/universalinit/templates/vue/src/router/index.ts", "pattern": "/^const router = createRouter({$/", "language": "TypeScript", "kind": "constant"}], "hash": "02a9178fa62f3f68233f38a3fec1a798", "format-version": 4, "code-base-name": "universalinit", "filename": "src/universalinit/templates/vue/src/router/index.ts", "revision_history": [{"1534": "1aee8ed1eca8330cc765b711c43546e90b04ff39"}]}