{"is_source_file": true, "format": "TypeScript", "description": "Vite configuration file that sets up development server options, including host, allowed hosts, port, CORS headers, and watch polling.", "external_files": ["vite"], "external_methods": ["defineConfig"], "published": ["default (the exported configuration object)"], "classes": [], "methods": [{"name": "defineConfig", "description": "A function imported from 'vite' that helps define the Vite configuration with type safety."}], "calls": ["defineConfig"], "search-terms": ["vite.config.ts", "Vite", "development server", "host configuration", "allowedHosts", "proxy settings", "CORS"], "state": 2, "file_id": 575, "knowledge_revision": 1596, "git_revision": "1aee8ed1eca8330cc765b711c43546e90b04ff39", "ctags": [], "hash": "aa804215dee9fd8b018893fb255987eb", "format-version": 4, "code-base-name": "universalinit", "filename": "src/universalinit/templates/typescript/vite.config.ts", "revision_history": [{"1596": "1aee8ed1eca8330cc765b711c43546e90b04ff39"}]}