{"is_source_file": true, "format": "ESM JavaScript Module (.mjs)", "description": "ESLint configuration file tailored for React projects, specifying parser options, global variables, and plugin rules.", "external_files": ["@eslint/js", "eslint-plugin-react"], "external_methods": [], "published": [], "classes": [], "methods": [], "calls": ["pluginJs.configs.recommended", "pluginReact"], "search-terms": ["eslint", "react", "eslint-plugin-react", "eslint configuration", "jsx"], "state": 2, "file_id": 370, "knowledge_revision": 1384, "git_revision": "1aee8ed1eca8330cc765b711c43546e90b04ff39", "hash": "be6538e7523bc2e9da0743133d784136", "format-version": 4, "code-base-name": "universalinit", "filename": "src/universalinit/templates/react/eslint.config.mjs", "revision_history": [{"1384": "1aee8ed1eca8330cc765b711c43546e90b04ff39"}]}