{"is_source_file": true, "format": "JavaScript Module (ESM)", "description": "This file defines a PostCSS configuration for a Next.js project, utilizing the Tailwind CSS plugin.", "external_files": [], "external_methods": [], "published": ["config"], "classes": [], "methods": [], "calls": ["@tailwindcss/postcss"], "search-terms": ["postcss.config.mjs", "tailwindcss", "Next.js", "PostCSS", "Tailwind"], "state": 2, "file_id": 546, "knowledge_revision": 1563, "git_revision": "1aee8ed1eca8330cc765b711c43546e90b04ff39", "hash": "675899342e765a4d16acd75a53389101", "format-version": 4, "code-base-name": "universalinit", "filename": "src/universalinit/templates/nextjs/postcss.config.mjs", "revision_history": [{"1563": "1aee8ed1eca8330cc765b711c43546e90b04ff39"}]}