{"is_source_file": true, "format": "TypeScript", "description": "This file is a Vite configuration file written in TypeScript, configuring a Vue.js project with specific plugins, server settings, and path resolution.", "external_files": ["node:url", "vite", "@vitejs/plugin-vue", "@vitejs/plugin-vue-jsx", "vite-plugin-vue-devtools"], "external_methods": ["fileURLToPath", "URL", "defineConfig"], "published": [], "classes": [], "methods": [{"name": "defineConfig", "description": "Defines and exports the Vite configuration object with specified plugins, resolve options, and server settings."}], "calls": ["vue()", "vueJsx()", "vueDevTools()", "fileURLToPath", "new URL"], "search-terms": ["vite.config.ts", "vue", "vite", "plugins", "resolve.alias", "server.host", "allowedHosts", "strictPort", "headers", "watch.usePolling"], "state": 2, "file_id": 659, "knowledge_revision": 1684, "git_revision": "1aee8ed1eca8330cc765b711c43546e90b04ff39", "ctags": [], "hash": "651273496df370ea0757c4c61a2c9ee4", "format-version": 4, "code-base-name": "universalinit", "filename": "src/universalinit/templates/vue/vite.config.ts", "revision_history": [{"1684": "1aee8ed1eca8330cc765b711c43546e90b04ff39"}]}