{"is_source_file": true, "format": "JavaScript (ES Module, .mjs)", "description": "Configuration file for an Astro project, defining server settings such as host, allowed hosts, port, and headers.", "external_files": ["astro/config"], "external_methods": ["defineConfig"], "published": ["default"], "classes": [], "methods": [{"name": "defineConfig", "description": "Function imported from astro/config to define and validate Astro configuration."}], "calls": ["defineConfig"], "search-terms": ["astro", "config", "astro.config.mjs", "server", "host", "allowedHosts", "headers", "port"], "state": 2, "file_id": 522, "knowledge_revision": 1542, "git_revision": "1aee8ed1eca8330cc765b711c43546e90b04ff39", "hash": "b597bd0bc2a303bef776a82932d17af3", "format-version": 4, "code-base-name": "universalinit", "filename": "src/universalinit/templates/astro/astro.config.mjs", "revision_history": [{"1542": "1aee8ed1eca8330cc765b711c43546e90b04ff39"}]}