{"is_source_file": true, "format": "TypeScript (TSX)", "description": "This file defines a React component-based layout for a web application using Remix framework, including head metadata, external stylesheets, and layout structure.", "external_files": ["@remix-run/react", "@remix-run/node", "./tailwind.css"], "external_methods": ["LinksFunction", "Meta", "Outlet", "Scripts", "ScrollRestoration"], "published": ["links", "Layout", "App"], "classes": [], "methods": [{"name": "links", "description": "Provides array of link objects for preconnections and stylesheet link for Google Fonts."}, {"name": "Layout", "description": "React component that renders the HTML structure including head metadata and body content."}, {"name": "App", "description": "Main React component that renders the outlet for nested routes."}], "calls": ["Meta", "Links", "ScrollRestoration", "Scripts", "Outlet"], "search-terms": ["remix", "app layout", "react node", "tailwind", "google fonts", "app root"], "state": 2, "file_id": 549, "knowledge_revision": 1574, "git_revision": "1aee8ed1eca8330cc765b711c43546e90b04ff39", "ctags": [], "hash": "ecb43bd0ae9b4e549b896a93f472a193", "format-version": 4, "code-base-name": "universalinit", "filename": "src/universalinit/templates/remix/app/root.tsx", "revision_history": [{"1574": "1aee8ed1eca8330cc765b711c43546e90b04ff39"}]}