{"is_source_file": false, "format": "JSON", "description": "", "external_files": [], "external_methods": [], "published": [], "classes": [], "methods": [], "calls": [], "search-terms": ["manifest.json", "react", "create-react-app", "icons", "start_url"], "state": 2, "file_id": 359, "knowledge_revision": 1368, "git_revision": "1aee8ed1eca8330cc765b711c43546e90b04ff39", "hash": "d9d975cebe2ec20b6c652e1e4c12ccf0", "format-version": 4, "code-base-name": "universalinit", "filename": "src/universalinit/templates/react/public/manifest.json", "revision_history": [{"1368": "1aee8ed1eca8330cc765b711c43546e90b04ff39"}]}