{"is_source_file": false, "format": "", "description": "", "external_files": [], "external_methods": [], "published": [], "classes": [], "methods": [], "calls": [], "search-terms": [], "state": 2, "file_id": 460, "knowledge_revision": 1471, "git_revision": "1aee8ed1eca8330cc765b711c43546e90b04ff39", "hash": "3d71b2db103cb62e45d02f2cf6877eb8", "format-version": 4, "code-base-name": "universalinit", "filename": "src/universalinit/templates/lightningjs/docs/built-in_directives.md", "revision_history": [{"1471": "1aee8ed1eca8330cc765b711c43546e90b04ff39"}]}