{"is_source_file": true, "format": "JavaScript", "description": "This file defines the HealthController class which handles health check requests by invoking a health service to get status and responding with the status in JSON format.", "external_files": ["../services/health"], "external_methods": ["healthService.getStatus"], "published": ["HealthController"], "classes": [{"name": "HealthController", "description": "Controller class for handling health check endpoints, providing a method to check system health."}], "methods": [{"name": "check(req, res)", "description": "Handles incoming request to check system health, calls healthService to obtain status, and responds with JSON.", "scope": "HealthController", "scopeKind": "class"}], "calls": ["healthService.getStatus"], "search-terms": ["HealthController", "health check", "status endpoint"], "state": 2, "file_id": 620, "knowledge_revision": 1638, "git_revision": "1aee8ed1eca8330cc765b711c43546e90b04ff39", "ctags": [{"_type": "tag", "name": "HealthController", "path": "/home/kavia/workspace/code-generation/universalinit/src/universalinit/templates/express/src/controllers/health.js", "pattern": "/^class HealthController {$/", "language": "JavaScript", "kind": "class"}, {"_type": "tag", "name": "check", "path": "/home/kavia/workspace/code-generation/universalinit/src/universalinit/templates/express/src/controllers/health.js", "pattern": "/^  check(req, res) {$/", "language": "JavaScript", "kind": "method", "signature": "(req, res)", "scope": "HealthController", "scopeKind": "class"}, {"_type": "tag", "name": "exports", "path": "/home/kavia/workspace/code-generation/universalinit/src/universalinit/templates/express/src/controllers/health.js", "pattern": "/^module.exports = new HealthController();$/", "language": "JavaScript", "kind": "variable", "scope": "module", "scopeKind": "class"}, {"_type": "tag", "name": "healthService", "path": "/home/kavia/workspace/code-generation/universalinit/src/universalinit/templates/express/src/controllers/health.js", "pattern": "/^const healthService = require('..\\/services\\/health');$/", "language": "JavaScript", "kind": "constant"}], "hash": "05c26663041fbc83dd60748f0bc705da", "format-version": 4, "code-base-name": "universalinit", "filename": "src/universalinit/templates/express/src/controllers/health.js", "fields": [{"name": "module.exports = new HealthController();", "scope": "module", "scopeKind": "class", "description": "unavailable"}], "revision_history": [{"1638": "1aee8ed1eca8330cc765b711c43546e90b04ff39"}]}