{"is_source_file": true, "format": "bash", "description": "A Bash script for automating PostgreSQL server startup and database setup, including version detection, process checks, initialization, server start, user and permissions configuration, and environment variable export.", "external_files": ["/usr/lib/postgresql/", "/var/lib/postgresql/data/PG_VERSION", "db_connection.txt", "db_visualizer/postgres.env"], "external_methods": ["ls", "pgrep", "sudo -u postgres initdb", "sudo -u postgres postgres", "sleep", "psql", "createdb"], "published": ["db_connection.txt", "db_visualizer/postgres.env"], "classes": [], "methods": [], "calls": ["ls /usr/lib/postgresql/", "sudo -u postgres pg_isready", "sudo -u postgres psql", "sudo -u postgres createdb"], "search-terms": ["PostgreSQL startup", "bash script", "database setup", "permissions", "environment variables", "pg_isready", "initdb", "createdb"], "state": 2, "file_id": 364, "knowledge_revision": 1384, "git_revision": "1aee8ed1eca8330cc765b711c43546e90b04ff39", "hash": "3664b8e1a9d0acb09ef2cd72feece193", "format-version": 4, "code-base-name": "universalinit", "filename": "src/universalinit/templates/postgresql/startup.sh", "revision_history": [{"1384": "1aee8ed1eca8330cc765b711c43546e90b04ff39"}]}