{"is_source_file": true, "format": "JavaScript", "description": "This is a configuration file for ESLint tailored for a Svelte project, importing various plugins and setting rules and options for linting files including Svelte components.", "external_files": ["@eslint/js", "@eslint/compat", "eslint-plugin-svelte", "globals", "node:url", "typescript-eslint", "./svelte.config.js"], "external_methods": ["fileURLToPath"], "published": [], "classes": [], "methods": [{"name": "default", "description": "Exports the ESLint configuration object, combining recommended configs and setting language options for Svelte files."}], "calls": ["ts.config", "includeIgnoreFile", "js.configs.recommended", "...ts.configs.recommended", "...svelte.configs.recommended", "fileURLToPath", "new URL"], "search-terms": ["eslint.config.js", "svelte", "typescript-eslint", "eslint-plugin-svelte", "globals", "typescript", "recommended"], "state": 2, "file_id": 596, "knowledge_revision": 1617, "git_revision": "1aee8ed1eca8330cc765b711c43546e90b04ff39", "ctags": [{"_type": "tag", "name": "gitignorePath", "path": "/home/kavia/workspace/code-generation/universalinit/src/universalinit/templates/svelte/eslint.config.js", "pattern": "/^const gitignorePath = fileURLToPath(new URL(\".\\/.gitignore\", import.meta.url));$/", "language": "JavaScript", "kind": "constant"}], "hash": "a81d06efe1486ab8e93e8c96a9bdf6b8", "format-version": 4, "code-base-name": "universalinit", "filename": "src/universalinit/templates/svelte/eslint.config.js", "revision_history": [{"1617": "1aee8ed1eca8330cc765b711c43546e90b04ff39"}]}