{"is_source_file": false, "format": "", "description": "", "external_files": [], "external_methods": [], "published": [], "classes": [], "methods": [], "calls": [], "search-terms": [], "state": 2, "file_id": 172, "knowledge_revision": 559, "git_revision": "7a786e794c869a907959867b8b6688a6b0aff98e", "hash": "76952b112594265d2e9481c534c6b718", "format-version": 4, "code-base-name": "universalinit", "filename": "src/universalinit/templates/angular/src/index.html", "revision_history": [{"559": "7a786e794c869a907959867b8b6688a6b0aff98e"}]}