{"is_source_file": true, "format": "TypeScript", "description": "Configuration file for Vitest testing setup in a Vue project, specifying testing environment, exclusions, and root directory.", "external_files": ["node:url", "vitest/config", "./vite.config"], "external_methods": ["fileURLToPath", "mergeConfig", "defineConfig", "configDefaults"], "published": ["default"], "classes": [], "methods": [], "calls": ["mergeConfig", "defineConfig", "fileURLToPath"], "search-terms": ["vitest.config.ts", "JavaScript testing setup", "Vue test environment", "mergeConfig", "defineConfig", "fileURLToPath", "configDefaults"], "state": 2, "file_id": 372, "knowledge_revision": 1393, "git_revision": "1aee8ed1eca8330cc765b711c43546e90b04ff39", "ctags": [], "hash": "fbf1ae958316eb66f11ca04b23d38fff", "format-version": 4, "code-base-name": "universalinit", "filename": "src/universalinit/templates/vue/vitest.config.ts", "revision_history": [{"1393": "1aee8ed1eca8330cc765b711c43546e90b04ff39"}]}