{"is_source_file": false, "format": "CSS", "description": "This file contains CSS styles for a ToDo list component within a Qwik project, defining layout, appearance, and responsiveness.", "external_files": [], "external_methods": [], "published": [], "classes": [], "methods": [], "calls": [], "search-terms": ["todolist", "CSS styling", "Qwik", "responsive design", "layout"], "state": 2, "file_id": 568, "knowledge_revision": 1580, "git_revision": "1aee8ed1eca8330cc765b711c43546e90b04ff39", "hash": "4d2a7c3c731eb11914b25e8378d69a72", "format-version": 4, "code-base-name": "universalinit", "filename": "src/universalinit/templates/qwik/src/routes/demo/todolist/todolist.module.css", "revision_history": [{"1580": "1aee8ed1eca8330cc765b711c43546e90b04ff39"}]}