{"is_source_file": true, "format": "TypeScript", "description": "This file defines server-specific application configuration for an Angular project, merging client and server configs using Angular's application configuration APIs.", "external_files": ["@angular/core", "@angular/platform-server", "./app.config"], "external_methods": ["mergeApplicationConfig", "provideServerRendering"], "published": ["config"], "classes": [], "methods": [{"name": "mergeApplicationConfig", "description": "Function to merge multiple Angular application configurations into one."}, {"name": "provideServerRendering", "description": "Function to provide server rendering capabilities in Angular."}], "calls": ["provideServerRendering()", "mergeApplicationConfig(appConfig, serverConfig)"], "search-terms": ["angular", "app.config.server", "serverConfig", "ApplicationConfig", "mergeApplicationConfig", "provideServerRendering"], "state": 2, "file_id": 473, "knowledge_revision": 1499, "git_revision": "1aee8ed1eca8330cc765b711c43546e90b04ff39", "ctags": [{"_type": "tag", "name": "config", "path": "/home/kavia/workspace/code-generation/universalinit/src/universalinit/templates/angular/src/app/app.config.server.ts", "pattern": "/^export const config = mergeApplicationConfig(appConfig, serverConfig);$/", "language": "TypeScript", "kind": "constant"}, {"_type": "tag", "name": "serverConfig", "path": "/home/kavia/workspace/code-generation/universalinit/src/universalinit/templates/angular/src/app/app.config.server.ts", "pattern": "/^const serverConfig: ApplicationConfig = {$/", "language": "TypeScript", "kind": "constant"}], "hash": "9fcafd12104018b7fb74bad3e42a1977", "format-version": 4, "code-base-name": "universalinit", "filename": "src/universalinit/templates/angular/src/app/app.config.server.ts", "revision_history": [{"1499": "1aee8ed1eca8330cc765b711c43546e90b04ff39"}]}