{"is_source_file": true, "format": "JavaScript module (.mjs)", "description": "ESLint configuration file for React projects, setting environment options, globals, and plugins/rules.", "external_files": ["@eslint/js", "eslint-plugin-react"], "external_methods": ["pluginJs", "pluginReact"], "published": [], "classes": [], "methods": [], "calls": ["pluginJs.configs.recommended"], "search-terms": ["eslint", "react", "eslint-plugin-react", "eslint.config", "jsx", "pluginJs", "pluginReact", "react-in-jsx-scope"], "state": 2, "file_id": 564, "knowledge_revision": 1573, "git_revision": "1aee8ed1eca8330cc765b711c43546e90b04ff39", "hash": "be6538e7523bc2e9da0743133d784136", "format-version": 4, "code-base-name": "universalinit", "filename": "src/universalinit/templates/react/eslint.config.mjs", "revision_history": [{"1573": "1aee8ed1eca8330cc765b711c43546e90b04ff39"}]}