{"is_source_file": true, "format": "JavaScript", "description": "This file is a source code file for a LightningJS application, defining the main application component with routing configuration and template.", "external_files": ["@lightningjs/blits", "./pages/Home.js"], "external_methods": [], "published": ["Blits.Application"], "classes": [], "methods": [{"name": "Blits.Application", "description": "Creates and configures the LightningJS application with specified template and routes."}], "calls": ["Blits.Application"], "search-terms": ["LightningJS", "Application", "routes", "Home.js", "template", "RouterView"], "state": 2, "file_id": 406, "knowledge_revision": 1423, "git_revision": "1aee8ed1eca8330cc765b711c43546e90b04ff39", "ctags": [], "hash": "66daaf3cceacf6fd07b03dd071a9a5de", "format-version": 4, "code-base-name": "universalinit", "filename": "src/universalinit/templates/lightningjs/src/App.js", "revision_history": [{"1423": "1aee8ed1eca8330cc765b711c43546e90b04ff39"}]}