{"is_source_file": true, "format": "JavaScript", "description": "This file appears to be a JavaScript module intended for defining and exporting middleware functions related to the application. Currently, it contains only a placeholder export object with no actual middleware functions defined.", "external_files": [], "external_methods": [], "published": ["module.exports"], "classes": [], "methods": [], "calls": [], "search-terms": ["middleware", "express", "index"], "state": 2, "file_id": 592, "knowledge_revision": 1606, "git_revision": "1aee8ed1eca8330cc765b711c43546e90b04ff39", "ctags": [], "hash": "e9169fe9b751451d433ec5c4d4734b4a", "format-version": 4, "code-base-name": "universalinit", "filename": "src/universalinit/templates/express/src/middleware/index.js", "revision_history": [{"1606": "1aee8ed1eca8330cc765b711c43546e90b04ff39"}]}