{"is_source_file": false, "format": "", "description": "", "external_files": [], "external_methods": [], "published": [], "classes": [], "methods": [], "calls": [], "search-terms": [], "state": 2, "file_id": 197, "knowledge_revision": 588, "git_revision": "aa69f66299701fc97267fe090de8289037534011", "hash": "258a4088fb61c6ccb62e2f3321efbf76", "format-version": 4, "code-base-name": "universalinit", "filename": "src/universalinit/templates/nativescript/App_Resources/Android/src/main/res/values-v29/styles.xml", "revision_history": [{"588": "aa69f66299701fc97267fe090de8289037534011"}]}