{"is_source_file": true, "format": "JavaScript", "description": "This file initializes a LightningJS application by importing necessary modules and launching the app with specific configuration parameters.", "external_files": ["@lightningjs/blits", "./App.js"], "external_methods": ["Blits.Launch"], "published": [], "classes": [], "methods": [{"name": "Blits.Launch", "description": "Launches a LightningJS application with specified parameters."}], "calls": ["Blits.Launch"], "search_terms": ["LightningJS", "Blits.Launch", "App", "initialization", "src/index.js"], "state": 2, "file_id": 626, "knowledge_revision": 1645, "git_revision": "1aee8ed1eca8330cc765b711c43546e90b04ff39", "ctags": [], "hash": "699987a61e1fdce808bdbadf75592f5a", "format-version": 4, "code-base-name": "universalinit", "filename": "src/universalinit/templates/lightningjs/src/index.js", "search-terms": [], "revision_history": [{"1645": "1aee8ed1eca8330cc765b711c43546e90b04ff39"}]}