{"is_source_file": true, "format": "JavaScript", "description": "This file is a JavaScript source file that sets up a simple web page with images, styling, and a button with a counter, using Vite as the build tool.", "external_files": ["./style.css", "./javascript.svg", "/vite.svg", "./counter.js"], "external_methods": ["setupCounter"], "published": [], "classes": [], "methods": [{"name": "setupCounter", "description": "Initializes and attaches a counter setup to a button element."}], "calls": ["setupCounter"], "search-terms": ["Vite", "main.js", "counter", "JavaScript", "rendered HTML"], "state": 2, "file_id": 427, "knowledge_revision": 1451, "git_revision": "1aee8ed1eca8330cc765b711c43546e90b04ff39", "ctags": [], "hash": "de692c7004bd5381710c3a0b68a7bb3e", "format-version": 4, "code-base-name": "universalinit", "filename": "src/universalinit/templates/vite/src/main.js", "revision_history": [{"1451": "1aee8ed1eca8330cc765b711c43546e90b04ff39"}]}