{"is_source_file": true, "format": "TypeScript (TSX)", "description": "This file defines a React-like component using the Qwik framework. It renders a page with interactive flower generation, including a range input to adjust the number of flowers, and uses Qwik hooks to manage state, styles, timing, and location data.", "external_files": ["./flower.css?inline"], "external_methods": ["useStylesScoped$", "useLocation", "useStore", "useVisibleTask$", "component$"], "published": ["head"], "classes": [], "methods": [{"name": "component$", "description": "Defines a Qwik component that renders the flower generator UI."}], "calls": ["useStylesScoped$", "useLocation", "useStore", "useVisibleTask$", "Array.from"], "search-terms": ["Qwik", "flower", "flower.css", "useVisibleTask$", "useStore", "useLocation", "component$", "reactive rendering", "dynamic styling", "JSX"], "state": 2, "file_id": 519, "knowledge_revision": 1538, "git_revision": "1aee8ed1eca8330cc765b711c43546e90b04ff39", "ctags": [], "hash": "2e6a607b7754724938912b649e3138c1", "format-version": 4, "code-base-name": "universalinit", "filename": "src/universalinit/templates/qwik/src/routes/demo/flower/index.tsx", "revision_history": [{"1538": "1aee8ed1eca8330cc765b711c43546e90b04ff39"}]}