{"is_source_file": true, "format": "JSON (package.json)", "description": "This is a package configuration file for a JavaScript project that uses npm scripts, dependencies, and devDependencies related to Lightning.js and code quality tools.", "external_files": ["index.js"], "external_methods": [], "published": ["name", "version", "description", "main", "type", "scripts", "devDependencies", "dependencies", "lint-staged"], "classes": [], "methods": [], "calls": ["npm run dev", "eslint '**/*.js'", "eslint '**/*.js' --fix", "vite build", "vite dev"], "search-terms": ["package.json", "Lightning.js", "npm scripts", "dependencies", "devDependencies", "lint-staged", "javascript package"], "state": 2, "file_id": 461, "knowledge_revision": 1475, "git_revision": "1aee8ed1eca8330cc765b711c43546e90b04ff39", "hash": "f3763571c97a5a9168b17e220e24ca4a", "format-version": 4, "code-base-name": "universalinit", "filename": "src/universalinit/templates/lightningjs/package.json", "revision_history": [{"1475": "1aee8ed1eca8330cc765b711c43546e90b04ff39"}]}