{"is_source_file": true, "format": "Python", "description": "This file defines URL routing for a Django project, including schema views for API documentation with Swagger and ReDoc. It includes URL patterns, schema view configurations, and helper functions for dynamic URL generation.", "external_files": ["django.contrib", "django.urls", "rest_framework.permissions", "drf_yasg.views.get_schema_view", "drf_yasg.openapi", "django.views.decorators.csrf.csrf_exempt"], "external_methods": ["django.contrib.admin.site.urls", "django.urls.path", "django.urls.include", "django.urls.re_path", "rest_framework.permissions.AllowAny", "drf_yasg.views.get_schema_view", "drf_yasg.openapi.Info", "django.views.decorators.csrf.csrf_exempt"], "published": ["schema_view", "get_full_url", "dynamic_schema_view", "urlpatterns"], "classes": [{"name": "SchemaView", "description": "Configuration for API schema views using drf_yasg, including Swagger and ReDoc UIs."}], "methods": [{"name": "get_full_url(request)", "description": "Constructs the full request URL based on scheme, host, and forwarded port information.", "scope": "", "scopeKind": ""}, {"name": "dynamic_schema_view(request, *args, **kwargs)", "description": "Generates a dynamic schema view with a custom URL, accommodating different request schemes and host headers.", "scope": "", "scopeKind": ""}], "calls": ["django.contrib.admin.site.urls", "django.urls.path", "django.urls.include", "django.urls.re_path", "drf_yasg.views.get_schema_view", "openapi.Info", "get_schema_view", "permissions.AllowAny", "re_path", "schema_view.with_ui", "schema_view.without_ui"], "search-terms": ["django.urls", "schema_view", "re_path", "dynamic_schema_view", "get_schema_view", "swagger", "redoc", "csrf_exempt"], "state": 2, "file_id": 567, "knowledge_revision": 1592, "git_revision": "1aee8ed1eca8330cc765b711c43546e90b04ff39", "ctags": [{"_type": "tag", "name": "dynamic_schema_view", "path": "/home/kavia/workspace/code-generation/universalinit/src/universalinit/templates/django/config/urls.py", "pattern": "/^def dynamic_schema_view(request, *args, **kwargs):$/", "language": "Python", "kind": "function", "signature": "(request, *args, **kwargs)"}, {"_type": "tag", "name": "get_full_url", "path": "/home/kavia/workspace/code-generation/universalinit/src/universalinit/templates/django/config/urls.py", "pattern": "/^def get_full_url(request):$/", "language": "Python", "kind": "function", "signature": "(request)"}, {"_type": "tag", "name": "schema_view", "path": "/home/kavia/workspace/code-generation/universalinit/src/universalinit/templates/django/config/urls.py", "pattern": "/^schema_view = get_schema_view($/", "language": "Python", "kind": "variable"}, {"_type": "tag", "name": "urlpatterns", "path": "/home/kavia/workspace/code-generation/universalinit/src/universalinit/templates/django/config/urls.py", "pattern": "/^urlpatterns = [$/", "language": "Python", "kind": "variable"}], "hash": "482cd4ea609c28e217819d5339030112", "format-version": 4, "code-base-name": "universalinit", "filename": "src/universalinit/templates/django/config/urls.py", "fields": [{"name": "schema_view = get_schema_view(", "scope": "", "scopeKind": "", "description": "unavailable"}, {"name": "urlpatterns = [", "scope": "", "scopeKind": "", "description": "unavailable"}], "revision_history": [{"1592": "1aee8ed1eca8330cc765b711c43546e90b04ff39"}]}