{"is_source_file": true, "format": "Dart", "description": "This is a Flutter application main file defining the entry point, main widget 'MyApp', and a stateful home page widget 'MyHomePage' with a simple loading UI.", "external_files": ["package:flutter/material.dart"], "external_methods": [], "published": ["main()", "MyApp", "MyHomePage", "_MyHomePageState"], "classes": [{"name": "MyApp", "description": "StatelessWidget that sets up the MaterialApp with theme and home page."}, {"name": "MyHomePage", "description": "StatefulWidget that receives a title and creates state."}, {"name": "_MyHomePageState", "description": "State object for MyHomePage that builds a Scaffold with an AppBar and a centered loading message."}], "methods": [{"name": "main", "description": "Application entry point that runs the MyApp widget."}, {"name": "build", "description": "Builds the widget tree for MyApp and _MyHomePageState."}], "calls": ["runApp", "MaterialApp", "ThemeData", "ColorScheme.fromSeed", "Theme.of", "Scaffold", "AppBar", "Text", "Center", "Column", "Text", "SizedBox", "CircularProgressIndicator"], "search-terms": ["flutter main", "MaterialApp", "MyHomePage", "CircularProgressIndicator", "KAVIA_TEMPLATE_PROJECT_NAME", "flutter app"], "state": 2, "file_id": 597, "knowledge_revision": 1610, "git_revision": "1aee8ed1eca8330cc765b711c43546e90b04ff39", "hash": "601e9fda3eb2a914ab8f872f256fe019", "format-version": 4, "code-base-name": "universalinit", "filename": "src/universalinit/templates/flutter/lib/main.dart", "revision_history": [{"1610": "1aee8ed1eca8330cc765b711c43546e90b04ff39"}]}