{"is_source_file": true, "format": "TypeScript (with JSX, Qwik framework)", "description": "A React-style footer component using Qwik framework, displaying server time and external link.", "external_files": ["../../../routes/layout", "./footer.module.css"], "external_methods": ["useServerTimeLoader"], "published": [], "classes": [], "methods": [{"name": "default export (component$ anonymous function)", "description": "Defines a Qwik component displaying footer content with server time."}], "calls": ["component$", "useServerTimeLoader"], "search-terms": ["footer", "Qwik", "component", "useServerTimeLoader", "footer.module.css"], "state": 2, "file_id": 550, "knowledge_revision": 1567, "git_revision": "1aee8ed1eca8330cc765b711c43546e90b04ff39", "ctags": [], "hash": "5e83eb5470cf84aff350a45599f1b87a", "format-version": 4, "code-base-name": "universalinit", "filename": "src/universalinit/templates/qwik/src/components/starter/footer/footer.tsx", "revision_history": [{"1567": "1aee8ed1eca8330cc765b711c43546e90b04ff39"}]}