{"is_source_file": true, "file_id": 525, "git_revision": "1aee8ed1eca8330cc765b711c43546e90b04ff39", "state": 1, "description": "", "external_files": [], "external_methods": [], "published": [], "classes": [], "methods": [], "calls": [], "search-terms": [], "ctags": [{"_type": "tag", "name": "ALLOWED_HOSTS", "path": "/home/kavia/workspace/code-generation/universalinit/src/universalinit/templates/django/config/settings.py", "pattern": "/^ALLOWED_HOSTS = [$/", "language": "Python", "kind": "variable"}, {"_type": "tag", "name": "AUTH_PASSWORD_VALIDATORS", "path": "/home/kavia/workspace/code-generation/universalinit/src/universalinit/templates/django/config/settings.py", "pattern": "/^AUTH_PASSWORD_VALIDATORS = [$/", "language": "Python", "kind": "variable"}, {"_type": "tag", "name": "BASE_DIR", "path": "/home/kavia/workspace/code-generation/universalinit/src/universalinit/templates/django/config/settings.py", "pattern": "/^BASE_DIR = Path(__file__).resolve().parent.parent$/", "language": "Python", "kind": "variable"}, {"_type": "tag", "name": "CORS_ALLOW_ALL_ORIGINS", "path": "/home/kavia/workspace/code-generation/universalinit/src/universalinit/templates/django/config/settings.py", "pattern": "/^CORS_ALLOW_ALL_ORIGINS = True$/", "language": "Python", "kind": "variable"}, {"_type": "tag", "name": "DATABASES", "path": "/home/kavia/workspace/code-generation/universalinit/src/universalinit/templates/django/config/settings.py", "pattern": "/^DATABASES = {$/", "language": "Python", "kind": "variable"}, {"_type": "tag", "name": "DEBUG", "path": "/home/kavia/workspace/code-generation/universalinit/src/universalinit/templates/django/config/settings.py", "pattern": "/^DEBUG = True$/", "language": "Python", "kind": "variable"}, {"_type": "tag", "name": "DEFAULT_AUTO_FIELD", "path": "/home/kavia/workspace/code-generation/universalinit/src/universalinit/templates/django/config/settings.py", "pattern": "/^DEFAULT_AUTO_FIELD = 'django.db.models.BigAutoField'$/", "language": "Python", "kind": "variable"}, {"_type": "tag", "name": "INSTALLED_APPS", "path": "/home/kavia/workspace/code-generation/universalinit/src/universalinit/templates/django/config/settings.py", "pattern": "/^INSTALLED_APPS = [$/", "language": "Python", "kind": "variable"}, {"_type": "tag", "name": "LANGUAGE_CODE", "path": "/home/kavia/workspace/code-generation/universalinit/src/universalinit/templates/django/config/settings.py", "pattern": "/^LANGUAGE_CODE = 'en-us'$/", "language": "Python", "kind": "variable"}, {"_type": "tag", "name": "MIDDLEWARE", "path": "/home/kavia/workspace/code-generation/universalinit/src/universalinit/templates/django/config/settings.py", "pattern": "/^MIDDLEWARE = [$/", "language": "Python", "kind": "variable"}, {"_type": "tag", "name": "ROOT_URLCONF", "path": "/home/kavia/workspace/code-generation/universalinit/src/universalinit/templates/django/config/settings.py", "pattern": "/^ROOT_URLCONF = 'config.urls'$/", "language": "Python", "kind": "variable"}, {"_type": "tag", "name": "SECRET_KEY", "path": "/home/kavia/workspace/code-generation/universalinit/src/universalinit/templates/django/config/settings.py", "pattern": "/^SECRET_KEY = 'django-insecure-0ku_as45vs5isd^px=t#m8g#^*x7f=w#gw-xb^t@^-pom)r^t6'$/", "language": "Python", "kind": "variable"}, {"_type": "tag", "name": "SECURE_PROXY_SSL_HEADER", "path": "/home/kavia/workspace/code-generation/universalinit/src/universalinit/templates/django/config/settings.py", "pattern": "/^SECURE_PROXY_SSL_HEADER = ('HTTP_X_FORWARDED_PROTO', 'https')$/", "language": "Python", "kind": "variable"}, {"_type": "tag", "name": "STATIC_URL", "path": "/home/kavia/workspace/code-generation/universalinit/src/universalinit/templates/django/config/settings.py", "pattern": "/^STATIC_URL = 'static\\/'$/", "language": "Python", "kind": "variable"}, {"_type": "tag", "name": "TEMPLATES", "path": "/home/kavia/workspace/code-generation/universalinit/src/universalinit/templates/django/config/settings.py", "pattern": "/^TEMPLATES = [$/", "language": "Python", "kind": "variable"}, {"_type": "tag", "name": "TIME_ZONE", "path": "/home/kavia/workspace/code-generation/universalinit/src/universalinit/templates/django/config/settings.py", "pattern": "/^TIME_ZONE = 'UTC'$/", "language": "Python", "kind": "variable"}, {"_type": "tag", "name": "USE_I18N", "path": "/home/kavia/workspace/code-generation/universalinit/src/universalinit/templates/django/config/settings.py", "pattern": "/^USE_I18N = True$/", "language": "Python", "kind": "variable"}, {"_type": "tag", "name": "USE_TZ", "path": "/home/kavia/workspace/code-generation/universalinit/src/universalinit/templates/django/config/settings.py", "pattern": "/^USE_TZ = True$/", "language": "Python", "kind": "variable"}, {"_type": "tag", "name": "USE_X_FORWARDED_HOST", "path": "/home/kavia/workspace/code-generation/universalinit/src/universalinit/templates/django/config/settings.py", "pattern": "/^USE_X_FORWARDED_HOST = True$/", "language": "Python", "kind": "variable"}, {"_type": "tag", "name": "WSGI_APPLICATION", "path": "/home/kavia/workspace/code-generation/universalinit/src/universalinit/templates/django/config/settings.py", "pattern": "/^WSGI_APPLICATION = 'config.wsgi.application'$/", "language": "Python", "kind": "variable"}], "format": "Python", "hash": "4415aaabade4336183573bfb21cc5625", "format-version": 4, "code-base-name": "universalinit", "filename": "src/universalinit/templates/django/config/settings.py", "knowledge_revision": 1196}