{"is_source_file": false, "format": null, "description": null, "external_files": [], "external_methods": [], "published": [], "classes": [], "methods": [], "calls": [], "search-terms": ["computed properties", "Component", "template", "reactivity", "computed"], "state": 2, "file_id": 446, "knowledge_revision": 1457, "git_revision": "1aee8ed1eca8330cc765b711c43546e90b04ff39", "hash": "187c598508a32826535261f1933a4cce", "format-version": 4, "code-base-name": "universalinit", "filename": "src/universalinit/templates/lightningjs/docs/components_computed_properties.md", "revision_history": [{"1457": "1aee8ed1eca8330cc765b711c43546e90b04ff39"}]}