{"is_source_file": true, "format": "TypeScript (TSX)", "description": "This file defines the root component of a Qwik framework-based web application, setting up providers, routing, and service worker registration.", "external_files": ["@builder.io/qwik", "@builder.io/qwik", "@builder.io/qwik-city", "./components/router-head/router-head", "./global.css"], "external_methods": ["component$", "isDev"], "published": [], "classes": [], "methods": [{"name": "default", "description": "Main exported component that sets up the app layout and routing."}], "calls": ["component$", "isDev", "QwikCityProvider", "RouterOutlet", "ServiceWorkerRegister", "RouterHead"], "search-terms": ["QwikCityProvider", "RouterOutlet", "ServiceWorkerRegister", "components/router-head/router-head", "global.css", "tsx", "root component"], "state": 2, "file_id": 446, "knowledge_revision": 1466, "git_revision": "1aee8ed1eca8330cc765b711c43546e90b04ff39", "ctags": [], "hash": "9bbf0df29be90ef336ed559eb7c371c7", "format-version": 4, "code-base-name": "universalinit", "filename": "src/universalinit/templates/qwik/src/root.tsx", "revision_history": [{"1466": "1aee8ed1eca8330cc765b711c43546e90b04ff39"}]}