{"is_source_file": true, "format": "TypeScript", "description": "Configuration file for Vite bundler, setting up development server options such as host, port, allowed hosts, headers, and watch options.", "external_files": ["vite"], "external_methods": ["defineConfig"], "published": ["default"], "classes": [], "methods": ["defineConfig"], "calls": ["defineConfig"], "search-terms": ["vite.config.ts", "Vite", "development server", "configuration"], "state": 2, "file_id": 640, "knowledge_revision": 1659, "git_revision": "1aee8ed1eca8330cc765b711c43546e90b04ff39", "ctags": [], "hash": "6efeb32d6235067d6bad81a886455a94", "format-version": 4, "code-base-name": "universalinit", "filename": "src/universalinit/templates/slidev/vite.config.ts", "revision_history": [{"1659": "1aee8ed1eca8330cc765b711c43546e90b04ff39"}]}