{"is_source_file": true, "format": "TypeScript/TSX", "description": "This file defines a Qwik component named RouterHead that manages the rendering of elements within the document `<head>`, such as title, meta tags, links, styles, and scripts, by retrieving document head information and location data.", "external_files": ["@builder.io/qwik", "@builder.io/qwik-city"], "external_methods": ["useDocumentHead", "useLocation", "component$"], "published": ["RouterHead"], "classes": [], "methods": [{"name": "RouterHead", "description": "A Qwik component that renders dynamic head elements based on document head state and current location."}], "calls": ["useDocumentHead", "useLocation", "component$"], "search-terms": ["RouterHead", "head management", "Qwik component", "document head", "meta tags", "links", "scripts", "styles", "Qwik-City"], "state": 2, "file_id": 540, "knowledge_revision": 1567, "git_revision": "1aee8ed1eca8330cc765b711c43546e90b04ff39", "ctags": [], "hash": "822ca7bb4d7b877473e28386699dbe73", "format-version": 4, "code-base-name": "universalinit", "filename": "src/universalinit/templates/qwik/src/components/router-head/router-head.tsx", "revision_history": [{"1567": "1aee8ed1eca8330cc765b711c43546e90b04ff39"}]}