{"is_source_file": true, "format": "JavaScript", "description": "Configuration file for Vite development server with custom server settings such as host, port, CORS, headers, and watch options.", "external_files": ["vite"], "external_methods": ["defineConfig"], "published": [], "classes": [], "methods": [{"name": "defineConfig", "description": "Function to define Vite configuration object, imported from 'vite'."}], "calls": ["defineConfig"], "search-terms": ["vite.config.js", "Vite", "development server", "configuration", "host", "port", "cors", "headers", "watch"], "state": 2, "file_id": 423, "knowledge_revision": 1443, "git_revision": "1aee8ed1eca8330cc765b711c43546e90b04ff39", "ctags": [], "hash": "2deb64ad96a3a98b4060c8c42df3b884", "format-version": 4, "code-base-name": "universalinit", "filename": "src/universalinit/templates/vite/vite.config.js", "revision_history": [{"1443": "1aee8ed1eca8330cc765b711c43546e90b04ff39"}]}