{"is_source_file": false, "format": "", "description": "", "external_files": [], "external_methods": [], "published": [], "classes": [], "methods": [], "calls": [], "search-terms": [], "state": 2, "file_id": 614, "knowledge_revision": 1620, "git_revision": "1aee8ed1eca8330cc765b711c43546e90b04ff39", "hash": "c920a648ebbae7e6a59dbf4b0909e329", "format-version": 4, "code-base-name": "universalinit", "filename": "src/universalinit/templates/qwik/src/components/starter/infobox/infobox.module.css", "revision_history": [{"1620": "1aee8ed1eca8330cc765b711c43546e90b04ff39"}]}