{"is_source_file": true, "format": "Python", "description": "Simple Flask application entry point that imports an app instance and runs it if executed as the main module.", "external_files": ["app"], "external_methods": ["app.run"], "published": ["__main__"], "classes": [], "methods": [{"name": "__main__", "description": "Entry point that runs the Flask app if the script is executed directly."}], "calls": ["app.run"], "search-terms": ["flask", "run.py", "app.run", "main entry point"], "state": 2, "file_id": 417, "knowledge_revision": 1434, "git_revision": "1aee8ed1eca8330cc765b711c43546e90b04ff39", "ctags": [], "hash": "b4cfd2f2017c7f88e4049fa0ed026e86", "format-version": 4, "code-base-name": "universalinit", "filename": "src/universalinit/templates/flask/run.py", "revision_history": [{"1434": "1aee8ed1eca8330cc765b711c43546e90b04ff39"}]}