{"is_source_file": true, "format": "TypeScript/TSX", "description": "This file defines a layout component for a Qwik-based web application, including HTTP request handling, server-side data loading, and component composition with header, footer, and slot for nested content.", "external_files": ["../components/starter/header/header", "../components/starter/footer/footer", "./styles.css"], "external_methods": ["cacheControl", "routeLoader$", "component$", "useStyles$"], "published": ["onGet", "useServerTimeLoader"], "classes": [], "methods": [{"name": "onGet", "description": "Handles GET requests with caching directives to optimize performance and reduce hosting costs."}, {"name": "useServerTimeLoader", "description": "A route loader that provides the current server time as ISO string."}], "calls": ["cacheControl", "routeLoader$", "component$", "useStyles$"], "search-terms": ["Qwik layout", "routeLoader", "cacheControl", "components/starter/header", "components/starter/footer", "styles.css", "layout.tsx"], "state": 2, "file_id": 566, "knowledge_revision": 1591, "git_revision": "1aee8ed1eca8330cc765b711c43546e90b04ff39", "ctags": [], "hash": "a2a9cade445a753cf96a48b1a0f2cd34", "format-version": 4, "code-base-name": "universalinit", "filename": "src/universalinit/templates/qwik/src/routes/layout.tsx", "revision_history": [{"1591": "1aee8ed1eca8330cc765b711c43546e90b04ff39"}]}