{"is_source_file": true, "format": "bash", "description": "A comprehensive PostgreSQL startup and configuration script that initializes the database, starts the server, sets permissions, creates database and user, and outputs connection info.", "external_files": ["/usr/lib/postgresql/", "/var/lib/postgresql/data"], "external_methods": ["ls", "pg_isready", "pgrep", "initdb", "postgres", "createdb", "psql"], "published": [], "classes": [], "methods": [], "calls": ["ls", "pg_isready", "pgrep", "initdb", "postgres", "createdb", "psql"], "search-terms": ["PostgreSQL startup", "db_connection.txt", "postgresql version detection", "database creation", "user setup", "schema permissions", "initialization", "bash script for database setup"], "state": 2, "file_id": 522, "knowledge_revision": 1540, "git_revision": "1aee8ed1eca8330cc765b711c43546e90b04ff39", "hash": "3664b8e1a9d0acb09ef2cd72feece193", "format-version": 4, "code-base-name": "universalinit", "filename": "src/universalinit/templates/postgresql/startup.sh", "revision_history": [{"1540": "1aee8ed1eca8330cc765b711c43546e90b04ff39"}]}