{"is_source_file": true, "format": "JavaScript", "description": "This file sets up a Lightning JS application with a router, importing necessary components and defining the main application template and route configuration.", "external_files": ["@lightningjs/blits", "./pages/Home.js"], "external_methods": ["Blits.Application", "RouterView"], "published": ["default"], "classes": [], "methods": [{"name": "Blits.Application", "description": "Initializes a Lightning JS application with specified configuration."}], "calls": ["Blits.Application", "Home"], "search-terms": ["LightningJS", "Application", "RouterView", "App.js", "lightningjs"], "state": 2, "file_id": 433, "knowledge_revision": 1454, "git_revision": "1aee8ed1eca8330cc765b711c43546e90b04ff39", "ctags": [], "hash": "66daaf3cceacf6fd07b03dd071a9a5de", "format-version": 4, "code-base-name": "universalinit", "filename": "src/universalinit/templates/lightningjs/src/App.js", "revision_history": [{"1454": "1aee8ed1eca8330cc765b711c43546e90b04ff39"}]}