{"is_source_file": false, "format": "", "description": "", "external_files": [], "external_methods": [], "published": [], "classes": [], "methods": [], "calls": [], "search-terms": ["Handling User Input", "Component input configuration", "key input handling", "focus management", "Blits app", "input key functions", "catch-all input", "event chain", "intercept method", "key mapping"], "state": 2, "file_id": 463, "knowledge_revision": 1482, "git_revision": "1aee8ed1eca8330cc765b711c43546e90b04ff39", "hash": "65da041ddf51108d44f3d269b0537a81", "format-version": 4, "code-base-name": "universalinit", "filename": "src/universalinit/templates/lightningjs/docs/components_user_input.md", "revision_history": [{"1482": "1aee8ed1eca8330cc765b711c43546e90b04ff39"}]}