{"is_source_file": true, "format": "TypeScript", "description": "This file is a main application bootstrap script for an Angular project, responsible for initializing the application with a root component and configuration.", "external_files": ["@angular/platform-browser", "./app/app.config", "./app/app.component"], "external_methods": ["bootstrapApplication"], "published": [], "classes": [], "methods": [{"name": "bootstrapApplication", "description": "Function to bootstrap the Angular application with a root component and optional configuration."}], "calls": ["bootstrapApplication"], "search-terms": ["angular", "bootstrap", "main", "application", "AppComponent", "appConfig", "platform-browser"], "state": 2, "file_id": 542, "knowledge_revision": 1563, "git_revision": "1aee8ed1eca8330cc765b711c43546e90b04ff39", "ctags": [], "hash": "c986c915181c0d91d6ea1af9fc003131", "format-version": 4, "code-base-name": "universalinit", "filename": "src/universalinit/templates/angular/src/main.ts", "revision_history": [{"1563": "1aee8ed1eca8330cc765b711c43546e90b04ff39"}]}