{"is_source_file": true, "format": "TypeScript", "description": "This file configures a service worker for a Qwik-based application, focusing on prefetching, speed optimization, and service worker lifecycle management.", "external_files": ["@builder.io/qwik-city/service-worker"], "external_methods": ["setupServiceWorker"], "published": [], "classes": [{"name": "ServiceWorkerGlobalScope", "description": "Type declaration for the service worker global scope, used for type safety in the script."}], "methods": [{"name": "setupServiceWorker", "description": "Initializes the Qwik city service worker to enable features like prefetching."}], "calls": ["setupServiceWorker", "addEventListener"], "search-terms": ["service-worker", "Qwik", "prefetching", "install event", "activate event", "self.skipWaiting", "self.clients.claim"], "state": 2, "file_id": 536, "knowledge_revision": 1558, "git_revision": "1aee8ed1eca8330cc765b711c43546e90b04ff39", "ctags": [{"_type": "tag", "name": "self", "path": "/home/kavia/workspace/code-generation/universalinit/src/universalinit/templates/qwik/src/routes/service-worker.ts", "pattern": "/^declare const self: ServiceWorkerGlobalScope;$/", "language": "TypeScript", "kind": "constant"}], "hash": "4691e997442ba9f8be7690530ed1ce95", "format-version": 4, "code-base-name": "universalinit", "filename": "src/universalinit/templates/qwik/src/routes/service-worker.ts", "revision_history": [{"1558": "1aee8ed1eca8330cc765b711c43546e90b04ff39"}]}