{"is_source_file": true, "format": "HTML", "description": "This file is a complete HTML document for a web-based Database Viewer interface, including HTML markup, CSS styles, and JavaScript logic for fetching and displaying database and table data.", "external_files": [], "external_methods": [], "published": [], "classes": [], "methods": [], "calls": ["fetchData", "loadDatabases", "refreshDatabases", "toggleDatabase", "loadTables", "loadTableData", "renderTable", "renderCell", "expandCell", "setActiveState", "showLoading", "showError", "showEmptyState"], "search-terms": ["Database Viewer", "HTML", "CSS styles", "JavaScript", "fetch API", "loading indicator", "table rendering", "expand cell", "database list", "table list"], "state": 2, "file_id": 371, "knowledge_revision": 1380, "git_revision": "1aee8ed1eca8330cc765b711c43546e90b04ff39", "hash": "ee63333a4841bf025439c755a74c9881", "format-version": 4, "code-base-name": "universalinit", "filename": "src/universalinit/common/db_visualizer/public/index.html", "revision_history": [{"1380": "1aee8ed1eca8330cc765b711c43546e90b04ff39"}]}