{"is_source_file": true, "format": "JavaScript module (.mjs)", "description": "ESLint configuration file written in JavaScript, importing ESLint-related plugins and configurations for TypeScript support, with rules, ignores, and parser options.", "external_files": ["@eslint/js", "@typescript-eslint/eslint-plugin", "@typescript-eslint/parser"], "external_methods": [], "published": [], "classes": [], "methods": [{"name": "default", "description": "Exports an array of ESLint configurations including recommended settings, ignore patterns, and TypeScript-specific rules."}], "calls": ["js.configs.recommended", "tseslint", "tsParser"], "search-terms": ["eslint", "typescript", "config", "ignore", "rules", "parserOptions"], "state": 2, "file_id": 352, "knowledge_revision": 1366, "git_revision": "1aee8ed1eca8330cc765b711c43546e90b04ff39", "hash": "e07c5093c78842a4ba4667fc4b86ccee", "format-version": 4, "code-base-name": "universalinit", "filename": "src/universalinit/templates/typescript/eslint.config.mjs", "revision_history": [{"1366": "1aee8ed1eca8330cc765b711c43546e90b04ff39"}]}