{"is_source_file": true, "format": "TypeScript", "description": "Vite configuration file for a Vue.js project, setting up plugins, resolve aliases, and server options.", "external_files": ["@vitejs/plugin-vue", "@vitejs/plugin-vue-jsx", "vite-plugin-vue-devtools"], "external_methods": ["defineConfig"], "published": ["default"], "classes": [], "methods": [{"name": "defineConfig", "description": "Exports the Vite configuration object with specified settings."}], "calls": ["defineConfig", "vue()", "vueJsx()", "vueDevTools()", "fileURLToPath", "new URL"], "search-terms": ["vite.config.ts", "Vue", "Vite", "plugins", "resolve", "alias", "server", "host", "allowedHosts", "port", "strictPort", "cors", "headers", "watch"], "state": 2, "file_id": 598, "knowledge_revision": 1625, "git_revision": "1aee8ed1eca8330cc765b711c43546e90b04ff39", "ctags": [], "hash": "651273496df370ea0757c4c61a2c9ee4", "format-version": 4, "code-base-name": "universalinit", "filename": "src/universalinit/templates/vue/vite.config.ts", "revision_history": [{"1625": "1aee8ed1eca8330cc765b711c43546e90b04ff39"}]}