{"is_source_file": true, "format": "TypeScript/TSX", "description": "This file serves as the entry point for the production build preview of a Qwik-based application, configuring the QwikCity middleware with the server-side render function and plan.", "external_files": ["@builder.io/qwik-city/middleware/node", "@qwik-city-plan", "./entry.ssr"], "external_methods": ["createQwikCity"], "published": ["default"], "classes": [], "methods": [{"name": "createQwikCity", "description": "Creates and configures the QwikCity middleware for the server, integrating the renderer and plan for the preview environment."}], "calls": ["createQwikCity"], "search-terms": ["QwikCity", "preview", "entry point", "server-side rendering", "Vite"], "state": 2, "file_id": 435, "knowledge_revision": 1457, "git_revision": "1aee8ed1eca8330cc765b711c43546e90b04ff39", "ctags": [], "hash": "99b0e5826d078e301743c08edc15c060", "format-version": 4, "code-base-name": "universalinit", "filename": "src/universalinit/templates/qwik/src/entry.preview.tsx", "revision_history": [{"1457": "1aee8ed1eca8330cc765b711c43546e90b04ff39"}]}