{"is_source_file": true, "format": "TypeScript (TSX/React JSX)", "description": "This file defines and exports a React functional component that renders an SVG icon, specifically the Qwik logo, with customizable width and height.", "external_files": ["React"], "external_methods": [], "published": ["QwikLogo"], "classes": [], "methods": [{"name": "QwikLogo", "description": "React functional component that renders an SVG logo with optional width and height props."}], "calls": ["React.createElement", "React", "SVG", "path"], "search-terms": ["QwikLogo", "SVG", "Qwik", "react icon", "tsx", "components"], "state": 2, "file_id": 404, "knowledge_revision": 1424, "git_revision": "1aee8ed1eca8330cc765b711c43546e90b04ff39", "ctags": [], "hash": "9ffa787253daf27259a195140f7728cf", "format-version": 4, "code-base-name": "universalinit", "filename": "src/universalinit/templates/qwik/src/components/starter/icons/qwik.tsx", "revision_history": [{"1424": "1aee8ed1eca8330cc765b711c43546e90b04ff39"}]}