{"is_source_file": true, "format": "TypeScript/TSX", "description": "This file defines a React component named QwikLogo, which renders an SVG logo with customizable width and height.", "external_files": ["react"], "external_methods": ["React.createElement", "React.cloneElement", "React.isValidElement"], "published": ["QwikLogo"], "classes": [], "methods": [{"name": "QwikLogo", "description": "A React functional component that renders an SVG logo with optional width and height props."}], "calls": ["React.createElement('svg', ...)", "React.createElement('path', ...)"], "search-terms": ["QwikLogo", "tsx", "React component", "SVG", "logo", "icons"], "state": 2, "file_id": 515, "knowledge_revision": 1538, "git_revision": "1aee8ed1eca8330cc765b711c43546e90b04ff39", "ctags": [], "hash": "9ffa787253daf27259a195140f7728cf", "format-version": 4, "code-base-name": "universalinit", "filename": "src/universalinit/templates/qwik/src/components/starter/icons/qwik.tsx", "revision_history": [{"1538": "1aee8ed1eca8330cc765b711c43546e90b04ff39"}]}