{"is_source_file": true, "format": "CSS", "description": "This is a global stylesheet for a Next.js project, defining CSS variables, theme settings, and basic body styles.", "external_files": ["tailwindcss"], "external_methods": [], "published": [], "classes": [], "methods": [], "calls": [], "search-terms": ["tailwindcss", "CSS variables", "dark mode", "global styles", "Next.js global CSS", "theme", "media queries"], "state": 2, "file_id": 386, "knowledge_revision": 1396, "git_revision": "1aee8ed1eca8330cc765b711c43546e90b04ff39", "hash": "20552b4b0f91d72bbf19051b78b2aff5", "format-version": 4, "code-base-name": "universalinit", "filename": "src/universalinit/templates/nextjs/src/app/globals.css", "revision_history": [{"1396": "1aee8ed1eca8330cc765b711c43546e90b04ff39"}]}