{"is_source_file": false, "format": null, "description": "", "external_files": [], "external_methods": [], "published": [], "classes": [], "methods": [], "calls": [], "search-terms": [], "state": 2, "file_id": 577, "knowledge_revision": 1585, "git_revision": "1aee8ed1eca8330cc765b711c43546e90b04ff39", "hash": "68e883b7c082fe5b18ee688ed067dd49", "format-version": 4, "code-base-name": "universalinit", "filename": "src/universalinit/templates/express/nodemon.json", "revision_history": [{"1585": "1aee8ed1eca8330cc765b711c43546e90b04ff39"}]}