{"is_source_file": true, "format": "JavaScript (CommonJS module)", "description": "This file is an ESLint configuration module that sets up linting rules, plugins, and environment globals for a JavaScript project, with specific configurations for Prettier formatting and compatibility with various ESLint configs.", "external_files": ["eslint-plugin-prettier", "globals", "@eslint/js", "@eslint/eslintrc"], "external_methods": [], "published": [], "classes": [], "methods": [{"name": "module.exports", "description": "Exports an array of ESLint configuration objects that extend recommended configs, define plugins, language options, parser options, and linting rules."}], "calls": ["compat.extends"], "search-terms": ["eslint", "prettier", "lightningjs", "eslint.config.cjs", "eslint", "eslint-plugin-prettier", "globals", "@eslint/js", "FlatCompat", "eslint:recommended", "prettier/recommended"], "state": 2, "file_id": 433, "knowledge_revision": 1443, "git_revision": "1aee8ed1eca8330cc765b711c43546e90b04ff39", "hash": "93cd2c5ca89ba1c0ff23b0e00b6c74ef", "format-version": 4, "code-base-name": "universalinit", "filename": "src/universalinit/templates/lightningjs/eslint.config.cjs", "revision_history": [{"1443": "1aee8ed1eca8330cc765b711c43546e90b04ff39"}]}