{"is_source_file": true, "format": "JavaScript", "description": "This file initializes a React application by rendering the main App component into the DOM element with id 'root', using React 18's createRoot API.", "external_files": ["react", "react-dom/client", "./index.css", "./App"], "external_methods": ["ReactDOM.createRoot", "root.render"], "published": ["React", "ReactDOM"], "classes": [], "methods": [{"name": "ReactDOM.createRoot", "description": "Creates a root for rendering a React component tree to a DOM element."}, {"name": "root.render", "description": "Renders React elements into the root DOM node."}], "calls": ["ReactDOM.createRoot", "root.render", "document.getElementById", "<React.StrictMode>", "<App />"], "search-terms": ["React", "ReactDOM", "createRoot", "render", "react src index"], "state": 2, "file_id": 560, "knowledge_revision": 1596, "git_revision": "1aee8ed1eca8330cc765b711c43546e90b04ff39", "ctags": [{"_type": "tag", "name": "root", "path": "/home/kavia/workspace/code-generation/universalinit/src/universalinit/templates/react/src/index.js", "pattern": "/^const root = ReactDOM.createRoot(document.getElementById('root'));$/", "language": "JavaScript", "kind": "constant"}], "hash": "9fc5841375336fc175b49f8767a11383", "format-version": 4, "code-base-name": "universalinit", "filename": "src/universalinit/templates/react/src/index.js", "revision_history": [{"1596": "1aee8ed1eca8330cc765b711c43546e90b04ff39"}]}