{"is_source_file": true, "format": "JavaScript", "description": "This file defines a UI Button component using LightningJS framework, including its template, state, and input handling.", "external_files": ["@lightningjs/blits"], "external_methods": [], "published": ["Button"], "classes": [], "methods": [{"name": "template", "description": "Returns the template string for rendering the button element with dynamic content based on state."}, {"name": "state", "description": "Initializes the component's state variables: isFavorited, favoriteText, and unfavoriteText."}, {"name": "input.enter", "description": "Handles the 'enter' input event, toggling the isFavorited state."}], "calls": ["Blits.Component"], "search-terms": ["LightningJS Button component", "Lightningjs templates", "Lightningjs state management", "Lightningjs input handling", "Component definition"], "state": 2, "file_id": 361, "knowledge_revision": 1384, "git_revision": "1aee8ed1eca8330cc765b711c43546e90b04ff39", "ctags": [], "hash": "937bfe439a9c9f493682f4dc71047929", "format-version": 4, "code-base-name": "universalinit", "filename": "src/universalinit/templates/lightningjs/src/components/Button.js", "revision_history": [{"1384": "1aee8ed1eca8330cc765b711c43546e90b04ff39"}]}