{"is_source_file": true, "format": "JavaScript", "description": "Configuration file for a SvelteKit project using svelte.config.js. It sets up the preprocessors and adapter for the build process.", "external_files": ["@sveltejs/adapter-auto", "@sveltejs/vite-plugin-svelte"], "external_methods": ["adapter()"], "published": ["config"], "classes": [], "methods": [{"name": "vitePreprocess", "description": "Imported preprocessing function from '@sveltejs/vite-plugin-svelte' to set up Svelte preprocessing."}, {"name": "adapter()", "description": "Function imported from '@sveltejs/adapter-auto' to create the adapter for deployment environments."}], "calls": ["vitePreprocess()", "adapter()"], "search-terms": ["svelte.config.js", "SvelteKit", "adapter-auto", "vitePreprocess", "configuration", "preprocessors"], "state": 2, "file_id": 500, "knowledge_revision": 1526, "git_revision": "1aee8ed1eca8330cc765b711c43546e90b04ff39", "ctags": [{"_type": "tag", "name": "adapter", "path": "/home/kavia/workspace/code-generation/universalinit/src/universalinit/templates/svelte/svelte.config.js", "pattern": "/^\t\tadapter: adapter(),$/", "language": "JavaScript", "kind": "property", "scope": "config.kit", "scopeKind": "class"}, {"_type": "tag", "name": "checkOrigin", "path": "/home/kavia/workspace/code-generation/universalinit/src/universalinit/templates/svelte/svelte.config.js", "pattern": "/^\t\t\tcheckOrigin: false$/", "language": "JavaScript", "kind": "property", "scope": "config.kit.csrf", "scopeKind": "class"}, {"_type": "tag", "name": "config", "path": "/home/kavia/workspace/code-generation/universalinit/src/universalinit/templates/svelte/svelte.config.js", "pattern": "/^const config = {$/", "language": "JavaScript", "kind": "class"}, {"_type": "tag", "name": "csrf", "path": "/home/kavia/workspace/code-generation/universalinit/src/universalinit/templates/svelte/svelte.config.js", "pattern": "/^\t\tcsrf: {$/", "language": "JavaScript", "kind": "class", "scope": "config.kit", "scopeKind": "class"}, {"_type": "tag", "name": "kit", "path": "/home/kavia/workspace/code-generation/universalinit/src/universalinit/templates/svelte/svelte.config.js", "pattern": "/^\tkit: {$/", "language": "JavaScript", "kind": "class", "scope": "config", "scopeKind": "class"}, {"_type": "tag", "name": "preprocess", "path": "/home/kavia/workspace/code-generation/universalinit/src/universalinit/templates/svelte/svelte.config.js", "pattern": "/^\tpreprocess: vitePreprocess(),$/", "language": "JavaScript", "kind": "property", "scope": "config", "scopeKind": "class"}], "hash": "5adccfb5d56a16ae9a40d720c9fc945c", "format-version": 4, "code-base-name": "universalinit", "filename": "src/universalinit/templates/svelte/svelte.config.js", "fields": [{"name": "adapter: adapter(),", "scope": "config.kit", "scopeKind": "class", "description": "unavailable"}, {"name": "checkOrigin: false", "scope": "config.kit.csrf", "scopeKind": "class", "description": "unavailable"}, {"name": "preprocess: vitePreprocess(),", "scope": "config", "scopeKind": "class", "description": "unavailable"}], "revision_history": [{"1526": "1aee8ed1eca8330cc765b711c43546e90b04ff39"}]}