{"is_source_file": true, "format": "HTML", "description": "This is an HTML file that defines the user interface for a database visualizer web application. It includes layout, styling, and client-side logic (JavaScript) for displaying database lists, tables, and data, as well as handling user interactions such as refresh, select, and expand.", "external_files": ["API endpoints at /api/databases", "/api/{database}/tables", "/api/{database}/tables/{table}/data"], "external_methods": ["fetch", "JSON.parse", "JSON.stringify"], "published": ["loadDatabases", "refreshDatabases", "toggleDatabase", "loadTables", "loadTableData", "renderTable", "renderCell", "expandCell"], "classes": [], "methods": [{"name": "loadDatabases", "description": "Loads the list of available databases from the server and populates the sidebar."}, {"name": "refreshDatabases", "description": "Refreshes the database list by re-fetching from the server."}, {"name": "toggleDatabase", "description": "Expands or collapses the database's table list and loads tables when expanded."}, {"name": "loadTables", "description": "Fetches and displays tables for the selected database."}, {"name": "loadTableData", "description": "Fetches and renders data from the selected table."}, {"name": "renderTable", "description": "Creates HTML for displaying a data table with support for wide/long content."}, {"name": "renderCell", "description": "Creates HTML for a table cell, handling nulls, objects, and long content."}, {"name": "expandCell", "description": "Expands or collapses cell content for better readability."}], "calls": ["fetch('/api/databases')", "fetch(`/api/${db}/tables`)", "fetch(`/api/${db}/tables/${tableName}/data?limit=50`)", "JSON.parse", "JSON.stringify"], "search-terms": ["database viewer", "index.html", "HTML UI", "JavaScript data rendering", "client-side database visualization", "web app database interface"], "state": 2, "file_id": 674, "knowledge_revision": 1691, "git_revision": "1aee8ed1eca8330cc765b711c43546e90b04ff39", "hash": "ee63333a4841bf025439c755a74c9881", "format-version": 4, "code-base-name": "universalinit", "filename": "src/universalinit/common/db_visualizer/public/index.html", "revision_history": [{"1691": "1aee8ed1eca8330cc765b711c43546e90b04ff39"}]}