{"is_source_file": true, "format": "JavaScript", "description": "This file is an ESLint configuration script for a Svelte project, setting up linting rules, parser options, and integrating specific plugins and configurations.", "external_files": ["./svelte.config.js", ".gitignore"], "external_methods": ["includeIgnoreFile", "fileURLToPath", "URL", "ts.config", "js.configs.recommended", "ts.configs.recommended", "svelte.configs.recommended"], "published": [], "classes": [], "methods": [{"name": "export default ts.config", "description": "Exports a consolidated ESLint configuration using TypeScript ESLint parser and Svelte plugin, with specific file inclusions and ignored files."}], "calls": ["includeIgnoreFile(gitignorePath)", "fileURLToPath(new URL(\"./.gitignore\", import.meta.url))"], "search-terms": ["eslint.config.js", "svelte", "typescript-eslint", "eslint-plugin-svelte", "eslint", "config"], "state": 2, "file_id": 517, "knowledge_revision": 1545, "git_revision": "1aee8ed1eca8330cc765b711c43546e90b04ff39", "ctags": [{"_type": "tag", "name": "gitignorePath", "path": "/home/kavia/workspace/code-generation/universalinit/src/universalinit/templates/svelte/eslint.config.js", "pattern": "/^const gitignorePath = fileURLToPath(new URL(\".\\/.gitignore\", import.meta.url));$/", "language": "JavaScript", "kind": "constant"}], "hash": "a81d06efe1486ab8e93e8c96a9bdf6b8", "format-version": 4, "code-base-name": "universalinit", "filename": "src/universalinit/templates/svelte/eslint.config.js", "revision_history": [{"1545": "1aee8ed1eca8330cc765b711c43546e90b04ff39"}]}