{"is_source_file": true, "format": "JavaScript", "description": "This file contains a JavaScript module that defines a function for setting up a counter on a DOM element, including event handling and state updates.", "external_files": [], "external_methods": [], "published": ["setupCounter"], "classes": [], "methods": [{"name": "setupCounter(element)", "description": "Initializes a counter on a DOM element, setting up click event to increment the counter.", "scope": "", "scopeKind": ""}], "calls": ["element.addEventListener", "setCounter"], "search-terms": ["counter", "setupCounter", "click event", "DOM manipulation", "JavaScript module"], "state": 2, "file_id": 497, "knowledge_revision": 1522, "git_revision": "1aee8ed1eca8330cc765b711c43546e90b04ff39", "ctags": [{"_type": "tag", "name": "setupCounter", "path": "/home/kavia/workspace/code-generation/universalinit/src/universalinit/templates/vite/src/counter.js", "pattern": "/^export function setupCounter(element) {$/", "language": "JavaScript", "kind": "function", "signature": "(element)"}], "hash": "2ac86fab0c68ff8890db658663b5b7f5", "format-version": 4, "code-base-name": "universalinit", "filename": "src/universalinit/templates/vite/src/counter.js", "revision_history": [{"1522": "1aee8ed1eca8330cc765b711c43546e90b04ff39"}]}