{"is_source_file": true, "format": "TypeScript", "description": "This file defines a function to initialize and manage a counter on an HTML button element, updating the display upon clicks.", "external_files": [], "external_methods": [], "published": ["setupCounter"], "classes": [], "methods": [{"name": "export function setupCounter(element: HTMLButtonElement) { setupCounter", "description": "Initializes a counter for a given HTMLButtonElement, updating its label on each click.", "scope": "", "scopeKind": ""}], "calls": ["element.addEventListener", "setCounter"], "search-terms": ["setupCounter", "counter", "HTMLButtonElement", "typescript", "counter setup"], "state": 2, "file_id": 551, "knowledge_revision": 1567, "git_revision": "1aee8ed1eca8330cc765b711c43546e90b04ff39", "ctags": [{"_type": "tag", "name": "setCounter", "path": "/home/kavia/workspace/code-generation/universalinit/src/universalinit/templates/typescript/src/counter.ts", "pattern": "/^  const setCounter = (count: number) => {$/", "language": "TypeScript", "kind": "constant", "scope": "setupCounter", "scopeKind": "function"}, {"_type": "tag", "name": "setupCounter", "path": "/home/kavia/workspace/code-generation/universalinit/src/universalinit/templates/typescript/src/counter.ts", "pattern": "/^export function setupCounter(element: HTMLButtonElement) {$/", "language": "TypeScript", "kind": "function"}], "hash": "3de3bb5fb4e9f21d2dd136b8fb2fc629", "format-version": 4, "code-base-name": "universalinit", "filename": "src/universalinit/templates/typescript/src/counter.ts", "revision_history": [{"1567": "1aee8ed1eca8330cc765b711c43546e90b04ff39"}]}