{"is_source_file": true, "format": "TypeScript", "description": "This file defines a Vue store for counter state management using Pinia, with reactive properties 'count' and a computed 'doubleCount', along with an 'increment' method.", "external_files": ["vue", "pinia"], "external_methods": ["ref", "computed", "defineStore"], "published": ["useCounterStore"], "classes": [], "methods": [{"name": "increment", "description": "Increases the counter value by one."}], "calls": ["ref(0)", "computed(() => count.value * 2)", "count.value++"], "search-terms": ["Pinia store", "vue counter store", "useCounterStore", "counter state management", "vue composition API"], "state": 2, "file_id": 509, "knowledge_revision": 1528, "git_revision": "1aee8ed1eca8330cc765b711c43546e90b04ff39", "ctags": [{"_type": "tag", "name": "useCounterStore", "path": "/home/kavia/workspace/code-generation/universalinit/src/universalinit/templates/vue/src/stores/counter.ts", "pattern": "/^export const useCounterStore = defineStore('counter', () => {$/", "language": "TypeScript", "kind": "constant"}], "hash": "d59fe2308d4bf67b9997286fa5adedde", "format-version": 4, "code-base-name": "universalinit", "filename": "src/universalinit/templates/vue/src/stores/counter.ts", "revision_history": [{"1528": "1aee8ed1eca8330cc765b711c43546e90b04ff39"}]}