{"is_source_file": true, "format": "TypeScript/TSX", "description": "This file defines a React component 'HelloWorld' for a Remotion video project, including schema validation with zod and animation logic using remotion functions.", "external_files": ["remotion", "./HelloWorld/Logo", "./HelloWorld/Subtitle", "./HelloWorld/Title", "zod", "@remotion/zod-types"], "external_methods": ["spring", "AbsoluteFill", "interpolate", "Sequence", "useCurrentFrame", "useVideoConfig"], "published": ["myCompSchema", "HelloWorld"], "classes": [], "methods": [{"name": "HelloWorld", "description": "React functional component using remotion hooks and animated transitions, rendering a composition with logo, title, and subtitle."}], "calls": ["spring", "interpolate", "useCurrentFrame", "useVideoConfig", "Logo", "Title", "Subtitle"], "search-terms": ["HelloWorld", "remotion", "spring animation", "zod schema", "animation transition", "logo movement", "React.FC"], "state": 2, "file_id": 666, "knowledge_revision": 1686, "git_revision": "1aee8ed1eca8330cc765b711c43546e90b04ff39", "ctags": [], "hash": "006d9934bc460c136cdc7a9889c54c41", "format-version": 4, "code-base-name": "universalinit", "filename": "src/universalinit/templates/remotion/src/HelloWorld.tsx", "revision_history": [{"1686": "1aee8ed1eca8330cc765b711c43546e90b04ff39"}]}