{"is_source_file": true, "format": "TypeScript", "description": "This file provides utility functions for generating unique identifiers and canonicalizing prescription payloads in a healthcare-related software project.", "external_files": ["./types"], "external_methods": [], "published": ["generateId", "canonicalizePayload"], "classes": [], "methods": [{"name": "export function generateId(prefix = \"rx\"): string { generateId", "description": "Creates a compact, unique identifier string by combining the current timestamp and a random component, with an optional prefix.", "scope": "", "scopeKind": ""}, {"name": "export function canonicalizePayload(payload: PrescriptionPayload): string { canonicalizePayload", "description": "Generates a deterministic, human-readable string from a PrescriptionPayload object for signing or verification purposes.", "scope": "", "scopeKind": ""}], "calls": ["Math.random", "Date.now"], "search-terms": ["generateId", "canonicalizePayload", "PrescriptionPayload", "utils", "solananextjs"], "state": 2, "file_id": 128, "knowledge_revision": 532, "git_revision": "50d19eceaba55063bd806c62fcb2c72f124c01d2", "ctags": [{"_type": "tag", "name": "canonicalizePayload", "path": "/home/kavia/workspace/code-generation/universalinit/src/universalinit/templates/solananextjs/src/lib/utils.ts", "pattern": "/^export function canonicalizePayload(payload: PrescriptionPayload): string {$/", "language": "TypeScript", "kind": "function"}, {"_type": "tag", "name": "generateId", "path": "/home/kavia/workspace/code-generation/universalinit/src/universalinit/templates/solananextjs/src/lib/utils.ts", "pattern": "/^export function generateId(prefix = \"rx\"): string {$/", "language": "TypeScript", "kind": "function"}, {"_type": "tag", "name": "ordered", "path": "/home/kavia/workspace/code-generation/universalinit/src/universalinit/templates/solananextjs/src/lib/utils.ts", "pattern": "/^  const ordered: Record<string, string> = {$/", "language": "TypeScript", "kind": "constant", "scope": "canonicalizePayload", "scopeKind": "function"}, {"_type": "tag", "name": "rand", "path": "/home/kavia/workspace/code-generation/universalinit/src/universalinit/templates/solananextjs/src/lib/utils.ts", "pattern": "/^  const rand = Math.random().toString(36).slice(2, 8);$/", "language": "TypeScript", "kind": "constant", "scope": "generateId", "scopeKind": "function"}], "hash": "1976a6f5c2ee8bd4aad2309edf8bed96", "format-version": 4, "code-base-name": "universalinit", "filename": "src/universalinit/templates/solananextjs/src/lib/utils.ts", "revision_history": [{"532": "50d19eceaba55063bd806c62fcb2c72f124c01d2"}]}