{"is_source_file": true, "format": "TypeScript", "description": "This is a Vite configuration file for a Vue.js project, defining build plugins, server settings, and module resolution.", "external_files": ["node:url", "@vitejs/plugin-vue", "vite-plugin-vue-devtools"], "external_methods": ["fileURLToPath", "URL", "defineConfig", "vue", "vueJsx", "vueDevTools"], "published": [], "classes": [], "methods": [], "calls": ["defineConfig", "vue", "vueJsx", "vueDevTools", "fileURLToPath", "URL"], "search-terms": ["vite.config.ts", "vue", "plugin-vue", "vite-plugin-vue-devtools", "server configuration", "resolve alias"], "state": 2, "file_id": 367, "knowledge_revision": 1399, "git_revision": "1aee8ed1eca8330cc765b711c43546e90b04ff39", "ctags": [], "hash": "651273496df370ea0757c4c61a2c9ee4", "format-version": 4, "code-base-name": "universalinit", "filename": "src/universalinit/templates/vue/vite.config.ts", "revision_history": [{"1399": "1aee8ed1eca8330cc765b711c43546e90b04ff39"}]}