{"is_source_file": true, "format": "JavaScript", "description": "This file sets up custom Jest matchers for testing DOM nodes, specifically utilizing '@testing-library/jest-dom'. It is used for configuring the testing environment in a React project.", "external_files": ["@testing-library/jest-dom"], "external_methods": [], "published": [], "classes": [], "methods": [], "calls": ["import '@testing-library/jest-dom'"], "search-terms": ["setupTests.js", "jest-dom", "testing-library", "React", "jest", "testing environment", "custom matchers"], "state": 2, "file_id": 621, "knowledge_revision": 1634, "git_revision": "1aee8ed1eca8330cc765b711c43546e90b04ff39", "ctags": [], "hash": "1a77571e1a8cf36018a41bcedf60db75", "format-version": 4, "code-base-name": "universalinit", "filename": "src/universalinit/templates/react/src/setupTests.js", "revision_history": [{"1634": "1aee8ed1eca8330cc765b711c43546e90b04ff39"}]}