{"is_source_file": true, "format": "JavaScript", "description": "This file defines an 'onNavigatingTo' function for a NativeScript application, setting up a view model binding for the home page.", "external_files": ["./home-view-model"], "external_methods": ["HomeViewModel"], "published": [], "classes": [], "methods": [{"name": "onNavigatingTo(args)", "description": "Handles the navigation event for the home page, setting the binding context to a new HomeViewModel instance.", "scope": "", "scopeKind": ""}], "calls": ["new HomeViewModel"], "search-terms": ["onNavigatingTo", "HomeViewModel", "nativeScript", "home-page"], "state": 2, "file_id": 421, "knowledge_revision": 1455, "git_revision": "1aee8ed1eca8330cc765b711c43546e90b04ff39", "ctags": [{"_type": "tag", "name": "onNavigatingTo", "path": "/home/kavia/workspace/code-generation/universalinit/src/universalinit/templates/nativescript/app/home/home-page.js", "pattern": "/^export function onNavigatingTo(args) {$/", "language": "JavaScript", "kind": "function", "signature": "(args)"}], "hash": "c73fa2a2554cc1c125b9f2ab5a64132c", "format-version": 4, "code-base-name": "universalinit", "filename": "src/universalinit/templates/nativescript/app/home/home-page.js", "revision_history": [{"1455": "1aee8ed1eca8330cc765b711c43546e90b04ff39"}]}