{"is_source_file": false, "format": null, "description": null, "external_files": [], "external_methods": [], "published": [], "classes": [], "methods": [], "calls": [], "search-terms": ["Lightning-SDK", "Blits Language plugin", "translations JSON", "i18n", "register plugin", "index.js", "translation file", "setup language", "translating texts", "dynamic replacements"], "state": 2, "file_id": 450, "knowledge_revision": 1467, "git_revision": "1aee8ed1eca8330cc765b711c43546e90b04ff39", "hash": "d851f2b1eb5205a07edc6569e1b251b9", "format-version": 4, "code-base-name": "universalinit", "filename": "src/universalinit/templates/lightningjs/docs/plugins_language.md", "revision_history": [{"1467": "1aee8ed1eca8330cc765b711c43546e90b04ff39"}]}