{"is_source_file": true, "format": "JavaScript (CommonJS module)", "description": "Configuration script for ESLint setup in a JavaScript project, defining rules, plugins, and environment globals.", "external_files": ["globals", "@eslint/js", "@eslint/eslintrc"], "external_methods": ["require"], "published": [], "classes": [], "methods": [{"name": "require", "description": "Node.js function to import external modules or files."}], "calls": ["require('globals')", "require('@eslint/js')", "require('@eslint/eslintrc').FlatCompat", "compat.extends('eslint:recommended')"], "search-terms": ["eslint", "eslint.config.cjs", "lightningjs", "eslint rules", "ESLint configuration", "globals", "compat", "sourceType", "parserOptions"], "state": 2, "file_id": 249, "knowledge_revision": 647, "git_revision": "9e79c939313ea79e1785ff23d9a2cd2b231eddd8", "hash": "fb4c8d56030e6750cdf8dc1957c2c475", "format-version": 4, "code-base-name": "universalinit", "filename": "src/universalinit/templates/lightningjs/eslint.config.cjs", "revision_history": [{"647": "9e79c939313ea79e1785ff23d9a2cd2b231eddd8"}]}