{"is_source_file": true, "format": "TypeScript (TSX)", "description": "This file is a TSX source file for a Qwik component that renders a flower generation UI, manages state, styles, and lifecycle effects.", "external_files": ["./flower.css"], "external_methods": ["useStylesScoped$", "useLocation", "useStore", "useVisibleTask$", "component$"], "published": ["head"], "classes": [], "methods": [{"name": "component$", "description": "Defines a Qwik component that renders the flower UI."}], "calls": ["useStylesScoped$(styles)", "useLocation()", "useStore({ count: 0, number: 20 })", "useVisibleTask$", "setTimeout", "clearTimeout", "setInterval", "clearInterval"], "search-terms": ["Qwik component", "useStore", "flower generator UI", "flower.css", "reactive state", "lifecycle effects"], "state": 2, "file_id": 581, "knowledge_revision": 1599, "git_revision": "1aee8ed1eca8330cc765b711c43546e90b04ff39", "ctags": [], "hash": "2e6a607b7754724938912b649e3138c1", "format-version": 4, "code-base-name": "universalinit", "filename": "src/universalinit/templates/qwik/src/routes/demo/flower/index.tsx", "revision_history": [{"1599": "1aee8ed1eca8330cc765b711c43546e90b04ff39"}]}