{"is_source_file": false, "format": "", "description": "", "external_files": [], "external_methods": [], "published": [], "classes": [], "methods": [], "calls": [], "search-terms": ["Text", "LightningJS", "Display Text", "Attributes", "Text Rendering", "Fonts", "Custom Fonts", "Text Dimensions", "Text Overflow"], "state": 2, "file_id": 435, "knowledge_revision": 1456, "git_revision": "1aee8ed1eca8330cc765b711c43546e90b04ff39", "hash": "e340377248f422a9506a076ffcadd736", "format-version": 4, "code-base-name": "universalinit", "filename": "src/universalinit/templates/lightningjs/docs/essentials_displaying_text.md", "revision_history": [{"1456": "1aee8ed1eca8330cc765b711c43546e90b04ff39"}]}