{"is_source_file": true, "format": "JavaScript", "description": "This file defines and exports a HealthService class with a method to get service health status information.", "external_files": ["process", "module"], "external_methods": ["Date.prototype.toISOString()", "process.env.NODE_ENV"], "published": ["new HealthService()"], "classes": [{"name": "HealthService", "description": "A service class providing health status information."}], "methods": [{"name": "getStatus()", "description": "Returns an object containing health status details about the service.", "scope": "HealthService", "scopeKind": "class"}], "calls": ["new Date().toISOString()", "process.env.NODE_ENV"], "search-terms": ["HealthService", "health", "status", "service health", "express", "health.js"], "state": 2, "file_id": 447, "knowledge_revision": 1474, "git_revision": "1aee8ed1eca8330cc765b711c43546e90b04ff39", "ctags": [{"_type": "tag", "name": "HealthService", "path": "/home/kavia/workspace/code-generation/universalinit/src/universalinit/templates/express/src/services/health.js", "pattern": "/^class HealthService {$/", "language": "JavaScript", "kind": "class"}, {"_type": "tag", "name": "exports", "path": "/home/kavia/workspace/code-generation/universalinit/src/universalinit/templates/express/src/services/health.js", "pattern": "/^module.exports = new HealthService();$/", "language": "JavaScript", "kind": "variable", "scope": "module", "scopeKind": "class"}, {"_type": "tag", "name": "getStatus", "path": "/home/kavia/workspace/code-generation/universalinit/src/universalinit/templates/express/src/services/health.js", "pattern": "/^    getStatus() {$/", "language": "JavaScript", "kind": "method", "signature": "()", "scope": "HealthService", "scopeKind": "class"}], "hash": "dcfa21416da8734d1481f1ce9d7ffe4c", "format-version": 4, "code-base-name": "universalinit", "filename": "src/universalinit/templates/express/src/services/health.js", "fields": [{"name": "module.exports = new HealthService();", "scope": "module", "scopeKind": "class", "description": "unavailable"}], "revision_history": [{"1474": "1aee8ed1eca8330cc765b711c43546e90b04ff39"}]}