{"is_source_file": true, "format": "bash", "description": "This is a shell script that automates the creation of a new Android project. It sets up directory structures, creates necessary configuration files (Gradle files, AndroidManifest, Java source code, resources), and initializes build environments for an Android app.", "external_files": ["gradle/wrapper/gradle-wrapper.jar", "gradle/wrapper/gradle-wrapper.properties", "settings.gradle", "build.gradle", "gradlew", "app/build.gradle", "app/src/main/AndroidManifest.xml", "app/src/main/java/<package_path>/MainActivity.java", "app/src/main/res/layout/activity_main.xml", "app/src/main/res/values/strings.xml", "app/src/main/res/mipmap-*.png"], "external_methods": ["echo", "mkdir", "sed", "tr", "base64", "cp", "curl", "chmod"], "published": ["PROJECT_NAME", "PACKAGE_NAME", "MIN_SDK", "TARGET_SDK", "COMPILE_SDK", "GRADLE_VERSION"], "classes": [], "methods": [], "calls": ["echo", "mkdir", "sed", "tr", "base64 -d", "cp", "curl", "chmod", "exit"], "search-terms": ["android project setup", "initialize gradle environment", "create Android project structure", "build.gradle generation", "AndroidManifest creation", "MainActivity.java", "resources layout", "gradle wrapper", "project configuration"], "state": 2, "file_id": 515, "knowledge_revision": 1541, "git_revision": "1aee8ed1eca8330cc765b711c43546e90b04ff39", "hash": "3410249d4a47a7d965dc785659513c62", "format-version": 4, "code-base-name": "universalinit", "filename": "src/universalinit/templates/android/init_script.sh", "revision_history": [{"1541": "1aee8ed1eca8330cc765b711c43546e90b04ff39"}]}