{"is_source_file": false, "format": "", "description": "", "external_files": [], "external_methods": [], "published": [], "classes": [], "methods": [], "calls": [], "search-terms": [], "state": 2, "file_id": 105, "knowledge_revision": 494, "git_revision": "900a0dcdc720ec8e2eb5d4b75c036f9c2abef7a3", "hash": "b7b6c62c238b280e71c87322a54da455", "format-version": 4, "code-base-name": "universalinit", "filename": "src/universalinit/templates/typescript/config.yml", "revision_history": [{"494": "900a0dcdc720ec8e2eb5d4b75c036f9c2abef7a3"}]}