{"is_source_file": true, "format": "TypeScript (TSX)", "description": "This is a source file for a Qwik-based web application, defining the root component of the site including providers, metadata, and routing outlets.", "external_files": ["@builder.io/qwik", "@builder.io/qwik", "@builder.io/qwik-city", "./components/router-head/router-head", "./global.css"], "external_methods": ["component$", "isDev"], "published": [], "classes": [], "methods": [{"name": "default", "description": "Defines the root component of the QwikCity app, setting up providers, head elements, and route outlet."}], "calls": ["component$", "isDev", "QwikCityProvider", "RouterHead", "ServiceWorkerRegister", "RouterOutlet"], "search-terms": ["QwikCityProvider", "router-head", "service worker", "root component", "TSX", "Qwik", "routing"], "state": 2, "file_id": 546, "knowledge_revision": 1570, "git_revision": "1aee8ed1eca8330cc765b711c43546e90b04ff39", "ctags": [], "hash": "9bbf0df29be90ef336ed559eb7c371c7", "format-version": 4, "code-base-name": "universalinit", "filename": "src/universalinit/templates/qwik/src/root.tsx", "revision_history": [{"1570": "1aee8ed1eca8330cc765b711c43546e90b04ff39"}]}