{"is_source_file": true, "format": "Python", "description": "This is a CLI module for the Universal Project Initializer tool. It parses command-line arguments to create project configuration objects, invokes template creation, and outputs project initialization details and success or failure status. The script facilitates the setup of various project types by processing parameters, handling paths, and converting template info into JSON format.", "external_files": ["universalinit.templateconfig", "universalinit.universalinit"], "external_methods": ["universalinit.templateconfig.TemplateInitInfo", "universalinit.universalinit.ProjectConfig", "universalinit.universalinit.ProjectType", "universalinit.universalinit.ProjectInitializer", "universalinit.universalinit.ProjectType.from_string"], "published": ["main"], "classes": [], "methods": [{"name": "Dict[str,Any] parse_parameters(params_str: str)", "description": "Parses a comma-separated string of key=value pairs into a dictionary with appropriate data types.", "scope": "", "scopeKind": ""}, {"name": "ProjectConfig create_project_config(args)", "description": "Creates a ProjectConfig object from parsed CLI arguments.", "scope": "", "scopeKind": ""}, {"name": "str make_path_absolute(path: str, base_path: Path)", "description": "Converts a relative path string into an absolute path string based on a provided base.", "scope": "", "scopeKind": ""}, {"name": "dict template_init_info_to_dict(init_info: TemplateInitInfo, project_path: Path)", "description": "Serializes a TemplateInitInfo object into a dictionary with absolute paths intended for JSON output.", "scope": "", "scopeKind": ""}, {"name": "output_json(success: bool, message: str, template_info: TemplateInitInfo = None, project_path: Path = None)", "description": "Formats and outputs the result as a JSON string, indicating success or failure and including project info.", "scope": "", "scopeKind": ""}, {"name": "main()", "description": "The main execution function, handling argument parsing, project initialization, and output.", "scope": "", "scopeKind": ""}], "calls": ["parse_parameters", "create_project_config", "template_init_info_to_dict", "output_json", "ProjectType.from_string", "initializer.template_factory.create_template", "template.get_init_info", "initializer.initialize_project"], "search-terms": ["cli.py", "Universal Project Initializer", "Path calculations", "Template configuration", "parse_parameters", "create_project_config", "ProjectConfig", "TemplateInitInfo", "ProjectInitializer"], "state": 2, "file_id": 342, "knowledge_revision": 1367, "git_revision": "1aee8ed1eca8330cc765b711c43546e90b04ff39", "ctags": [{"_type": "tag", "name": "create_project_config", "path": "/home/kavia/workspace/code-generation/universalinit/src/universalinit/cli.py", "pattern": "/^def create_project_config(args) -> ProjectConfig:$/", "language": "Python", "typeref": "typename:ProjectConfig", "kind": "function", "signature": "(args)"}, {"_type": "tag", "name": "main", "path": "/home/kavia/workspace/code-generation/universalinit/src/universalinit/cli.py", "pattern": "/^def main():$/", "language": "Python", "kind": "function", "signature": "()"}, {"_type": "tag", "name": "make_path_absolute", "path": "/home/kavia/workspace/code-generation/universalinit/src/universalinit/cli.py", "pattern": "/^def make_path_absolute(path: str, base_path: Path) -> str:$/", "language": "Python", "typeref": "typename:str", "kind": "function", "signature": "(path: str, base_path: Path)"}, {"_type": "tag", "name": "output_json", "path": "/home/kavia/workspace/code-generation/universalinit/src/universalinit/cli.py", "pattern": "/^def output_json(success: bool, message: str, template_info: TemplateInitInfo = None, project_pat/", "language": "Python", "kind": "function", "signature": "(success: bool, message: str, template_info: TemplateInitInfo = None, project_path: Path = None)"}, {"_type": "tag", "name": "parse_parameters", "path": "/home/kavia/workspace/code-generation/universalinit/src/universalinit/cli.py", "pattern": "/^def parse_parameters(params_str: str) -> Dict[str, Any]:$/", "language": "Python", "typeref": "typename:Dict[str,Any]", "kind": "function", "signature": "(params_str: str)"}, {"_type": "tag", "name": "template_init_info_to_dict", "path": "/home/kavia/workspace/code-generation/universalinit/src/universalinit/cli.py", "pattern": "/^def template_init_info_to_dict(init_info: TemplateInitInfo, project_path: Path) -> dict:$/", "language": "Python", "typeref": "typename:dict", "kind": "function", "signature": "(init_info: TemplateInitInfo, project_path: Path)"}], "hash": "757b2e18b385e1a9f5ec0b4e7fc257e0", "format-version": 4, "code-base-name": "universalinit", "filename": "src/universalinit/cli.py", "revision_history": [{"1367": "1aee8ed1eca8330cc765b711c43546e90b04ff39"}]}