{"is_source_file": true, "format": "JavaScript", "description": "This file defines a JavaScript module exporting a function 'HomeViewModel' that creates and returns a NativeScript view model object initialized via 'fromObject'.", "external_files": ["@nativescript/core"], "external_methods": ["fromObject"], "published": ["HomeViewModel"], "classes": [], "methods": [{"name": "HomeViewModel()", "description": "Function that creates and returns a NativeScript view model object initialized with 'fromObject'.", "scope": "", "scopeKind": ""}], "calls": ["fromObject"], "search-terms": ["HomeViewModel", "nativeScript", "view model", "fromObject"], "state": 2, "file_id": 581, "knowledge_revision": 1609, "git_revision": "1aee8ed1eca8330cc765b711c43546e90b04ff39", "ctags": [{"_type": "tag", "name": "HomeViewModel", "path": "/home/kavia/workspace/code-generation/universalinit/src/universalinit/templates/nativescript/app/home/home-view-model.js", "pattern": "/^export function HomeViewModel() {$/", "language": "JavaScript", "kind": "function", "signature": "()"}], "hash": "b44f1b1314003ce4217d9c1ef7847dee", "format-version": 4, "code-base-name": "universalinit", "filename": "src/universalinit/templates/nativescript/app/home/home-view-model.js", "revision_history": [{"1609": "1aee8ed1eca8330cc765b711c43546e90b04ff39"}]}