{"is_source_file": true, "format": "JavaScript", "description": "This file defines a LightningJS component called 'Loader', which displays three animated circles as a loading indicator, with configurable color and fade-in/out transitions.", "external_files": ["@lightningjs/blits"], "external_methods": [], "published": ["Loader"], "classes": [{"name": "Loader", "description": "A LightningJS component representing a loading spinner with animated circles "}], "methods": [{"name": "start", "description": "Initiates an interval that toggles the alpha property to create fade animation"}], "calls": ["$setInterval"], "search-terms": ["LightningJS", "Loader", "loading indicator", "circle animation", "props", "alpha transition"], "state": 2, "file_id": 628, "knowledge_revision": 1656, "git_revision": "1aee8ed1eca8330cc765b711c43546e90b04ff39", "ctags": [], "hash": "0ec1151cdc25744075ba4da8e3d65407", "format-version": 4, "code-base-name": "universalinit", "filename": "src/universalinit/templates/lightningjs/src/components/Loader.js", "revision_history": [{"1656": "1aee8ed1eca8330cc765b711c43546e90b04ff39"}]}