{"is_source_file": true, "file_id": 529, "git_revision": "1aee8ed1eca8330cc765b711c43546e90b04ff39", "state": 3, "description": "", "external_files": [], "external_methods": [], "published": [], "classes": [], "methods": [], "calls": [], "search-terms": [], "hash": "103ead7965d018c47a76a99e11c22e4e", "format-version": 4, "code-base-name": "universalinit", "filename": "src/universalinit/templates/nativescript/App_Resources/Android/src/main/res/mipmap-anydpi-v26/ic_launcher.xml", "knowledge_revision": 1201}