{"is_source_file": true, "format": "TypeScript", "description": "This file is a configuration script for the Vite build tool, specifically configuring a Svelte project with testing setup. It exports a configuration object with server settings and nested test configurations.", "external_files": ["@testing-library/svelte/vite", "@sveltejs/kit/vite", "vite"], "external_methods": ["svelteTesting()", "defineConfig()"], "published": ["default"], "classes": [], "methods": [{"name": "svelteTesting", "description": "Import function for setting up Svelte testing environment in Vite configuration."}, {"name": "defineConfig", "description": "Function from Vite to define and export configuration objects."}], "calls": ["sveltekit()", "svelteTesting()", "defineConfig()"], "search-terms": ["vite.config.ts", "Svelte", "Vite configuration", "testing setup", "server configuration", "allowedHosts"], "state": 2, "file_id": 599, "knowledge_revision": 1620, "git_revision": "1aee8ed1eca8330cc765b711c43546e90b04ff39", "ctags": [], "hash": "56df2df7e65a8e5b34870c711c6f770e", "format-version": 4, "code-base-name": "universalinit", "filename": "src/universalinit/templates/svelte/vite.config.ts", "revision_history": [{"1620": "1aee8ed1eca8330cc765b711c43546e90b04ff39"}]}