{"is_source_file": false, "format": "", "description": "", "external_files": [], "external_methods": [], "published": [], "classes": [], "methods": [], "calls": [], "search-terms": ["router", "Blits", "routes", "navigation", "pages", "URL hash", "dynamic routes", "deeplinking"], "state": 2, "file_id": 590, "knowledge_revision": 1609, "git_revision": "1aee8ed1eca8330cc765b711c43546e90b04ff39", "hash": "9cbb98135c1a276eef3680424b3c4029", "format-version": 4, "code-base-name": "universalinit", "filename": "src/universalinit/templates/lightningjs/docs/router_basics.md", "revision_history": [{"1609": "1aee8ed1eca8330cc765b711c43546e90b04ff39"}]}