{"is_source_file": true, "format": "Markdown / Markdown-based slide scripting", "description": "This file is a markdown document with frontmatter and embedded slide content, configurations, and code snippets, used as a source for a presentation generated by Slidev.", "external_files": ["@/snippets/external.ts#snippet", "@/components/Counter.vue", "https://sli.dev/assets/arrow-bottom-left.svg"], "external_methods": ["$slidev.nav.next", "$slidev.nav.openInEditor"], "published": ["slidev.nav.next", "slidev.nav.openInEditor"], "classes": [], "methods": [{"name": "$slidev.nav.next", "description": "Navigate to the next slide in the presentation"}, {"name": "$slidev.nav.openInEditor", "description": "Open the current slide in an editor for editing"}], "calls": ["$slidev.nav.next", "$slidev.nav.openInEditor"], "search-terms": ["Slidev", "slide configurations", "presentation slides", "Markdown presentation", "slide transition", "Vue components in slides", "LaTeX support", "Diagrams", "Themes", "Markdown slide syntax"], "state": 2, "file_id": 627, "knowledge_revision": 1648, "git_revision": "1aee8ed1eca8330cc765b711c43546e90b04ff39", "hash": "293c35623e48e3833594da6aee70ebe4", "format-version": 4, "code-base-name": "universalinit", "filename": "src/universalinit/templates/slidev/slides.md", "revision_history": [{"1648": "1aee8ed1eca8330cc765b711c43546e90b04ff39"}]}