{"is_source_file": true, "format": "TypeScript", "description": "Configuration file for Next.js project defining export output type.", "external_files": ["next"], "external_methods": [], "published": ["nextConfig"], "classes": [], "methods": [], "calls": [], "search-terms": ["NextConfig", "next.config.ts", "next output export"], "state": 2, "file_id": 270, "knowledge_revision": 672, "git_revision": "24f201437a9565520a1f02428e98312ac3352277", "ctags": [{"_type": "tag", "name": "nextConfig", "path": "/home/kavia/workspace/code-generation/universalinit/src/universalinit/templates/nextjs/next.config.ts", "pattern": "/^const nextConfig: NextConfig = {$/", "language": "TypeScript", "kind": "constant"}], "hash": "d2e8cb2378dd8f1f25150e4609f18db6", "format-version": 4, "code-base-name": "universalinit", "filename": "src/universalinit/templates/nextjs/next.config.ts", "revision_history": [{"672": "24f201437a9565520a1f02428e98312ac3352277"}]}