{"is_source_file": true, "format": "TypeScript", "description": "Main entry point for a Vue.js application, setting up Vue app instance, plugins, and mounting it to DOM.", "external_files": ["./assets/main.css", "./App.vue", "./router"], "external_methods": ["createApp", "createPinia"], "published": [], "classes": [], "methods": [{"name": "app.use", "description": "Registers plugins (Pinia and router) with the Vue app instance."}, {"name": "app.mount", "description": "Mounts the Vue app instance to the DOM element with the ID 'app'."}], "calls": ["createApp", "createPinia", "app.use", "app.mount"], "search-terms": ["Vue", "main.ts", "app initialization", "Pinia", "router", "mount"], "state": 2, "file_id": 472, "knowledge_revision": 1494, "git_revision": "1aee8ed1eca8330cc765b711c43546e90b04ff39", "ctags": [{"_type": "tag", "name": "app", "path": "/home/kavia/workspace/code-generation/universalinit/src/universalinit/templates/vue/src/main.ts", "pattern": "/^const app = createApp(App)$/", "language": "TypeScript", "kind": "constant"}], "hash": "787582f2e0c8ceb362a78df92c25daaa", "format-version": 4, "code-base-name": "universalinit", "filename": "src/universalinit/templates/vue/src/main.ts", "revision_history": [{"1494": "1aee8ed1eca8330cc765b711c43546e90b04ff39"}]}