{"is_source_file": true, "format": "JavaScript Module (ESM)", "description": "This file is a configuration file for ESLint, written in JavaScript, exporting ESLint configuration objects for a TypeScript project, including plugin setups, ignore patterns, and language options.", "external_files": ["@eslint/js", "@typescript-eslint/eslint-plugin", "@typescript-eslint/parser"], "external_methods": [], "published": [], "classes": [], "methods": [], "calls": ["js.configs.recommended"], "search-terms": ["eslint.config", "typescript", "ESLint configuration", "plugin", "parser", "ignore patterns"], "state": 2, "file_id": 111, "knowledge_revision": 505, "git_revision": "0bd965115483fc7bbd1e1cf56e63b09ce93397fc", "hash": "e07c5093c78842a4ba4667fc4b86ccee", "format-version": 4, "code-base-name": "universalinit", "filename": "src/universalinit/templates/typescript/eslint.config.mjs", "revision_history": [{"505": "0bd965115483fc7bbd1e1cf56e63b09ce93397fc"}]}