{"is_source_file": true, "format": "TypeScript", "description": "This file sets up testing environment configurations for Svelte components using Vitest and Testing Library, including mocking window.matchMedia for jsdom environments.", "external_files": ["@testing-library/jest-dom/vitest"], "external_methods": ["vi.fn", "Object.defineProperty"], "published": [], "classes": [], "methods": [{"name": "Object.defineProperty", "description": "Defines or modifies a property on the window object, particularly to mock matchMedia."}], "calls": ["vi.fn", "Object.defineProperty"], "search-terms": ["vitest-setup-client", "matchMedia mock", "svelte", "jsdom", "testing-library"], "state": 2, "file_id": 483, "knowledge_revision": 1506, "git_revision": "1aee8ed1eca8330cc765b711c43546e90b04ff39", "ctags": [], "hash": "b7bf9deeb7ba165ebe85a32fe6ac036e", "format-version": 4, "code-base-name": "universalinit", "filename": "src/universalinit/templates/svelte/vitest-setup-client.ts", "revision_history": [{"1506": "1aee8ed1eca8330cc765b711c43546e90b04ff39"}]}