{"is_source_file": true, "format": "TypeScript", "description": "This file defines the configuration object for a NativeScript application, including application identifiers, resource paths, and Android-specific settings.", "external_files": ["@nativescript/core"], "external_methods": [], "published": ["default"], "classes": [], "methods": [], "calls": ["NativeScriptConfig"], "search-terms": ["nativeScript", "config", "typescript", "android", "appResourcesPath"], "state": 2, "file_id": 615, "knowledge_revision": 1634, "git_revision": "1aee8ed1eca8330cc765b711c43546e90b04ff39", "ctags": [], "hash": "1fbf0bfa12419a9e75771b468121e14c", "format-version": 4, "code-base-name": "universalinit", "filename": "src/universalinit/templates/nativescript/nativescript.config.ts", "revision_history": [{"1634": "1aee8ed1eca8330cc765b711c43546e90b04ff39"}]}