{"is_source_file": true, "format": "TypeScript (TSX)", "description": "This file defines the root layout component and associated link functions for a Remix.run web application, setting up document structure, external stylesheets, and rendering child components.", "external_files": ["@remix-run/react", "@remix-run/node", "./tailwind.css"], "external_methods": ["Links", "Meta", "Outlet", "Scripts", "ScrollRestoration", "LinksFunction"], "published": ["links"], "classes": [], "methods": [{"name": "Layout", "description": "A React component that defines the HTML structure, including head tags and body, with support for nested child components."}, {"name": "App", "description": "The main React component that renders the Outlet for nested route components."}], "calls": ["Meta", "Links", "ScrollRestoration", "Scripts", "Outlet"], "search-terms": ["remix app root layout", "TSX layout", "React Remix root component", "head meta tags", "external stylesheets"], "state": 2, "file_id": 553, "knowledge_revision": 1576, "git_revision": "1aee8ed1eca8330cc765b711c43546e90b04ff39", "ctags": [], "hash": "ecb43bd0ae9b4e549b896a93f472a193", "format-version": 4, "code-base-name": "universalinit", "filename": "src/universalinit/templates/remix/app/root.tsx", "revision_history": [{"1576": "1aee8ed1eca8330cc765b711c43546e90b04ff39"}]}