{"is_source_file": true, "format": "TypeScript (TSX)", "description": "This is a React component for a Next.js page, rendering a homepage with images, links, and layout styling.", "external_files": ["next/image"], "external_methods": [], "published": [], "classes": [], "methods": [{"name": "Home", "description": "React functional component that returns JSX for the homepage layout."}], "calls": ["Image", "a", "a", "a", "a", "a", "a", "a"], "search-terms": ["Next.js page component", "Home functional component", "jsx layout", "next/image import", "page.tsx"], "state": 2, "file_id": 481, "knowledge_revision": 1506, "git_revision": "1aee8ed1eca8330cc765b711c43546e90b04ff39", "ctags": [], "hash": "1717a2c38b856d93284b673ec27c8cf8", "format-version": 4, "code-base-name": "universalinit", "filename": "src/universalinit/templates/nextjs/src/app/page.tsx", "revision_history": [{"1506": "1aee8ed1eca8330cc765b711c43546e90b04ff39"}]}