{"is_source_file": true, "format": "ECMAScript Module (mjs)", "description": "Configuration file for PostCSS plugins integrating Tailwind CSS in a Next.js project.", "external_files": ["@tailwindcss/postcss"], "external_methods": [], "published": ["default"], "classes": [], "methods": [], "calls": ["export default config"], "search-terms": ["postcss.config.mjs", "tailwindcss", "postcss", "nextjs", "plugins"], "state": 2, "file_id": 492, "knowledge_revision": 1516, "git_revision": "1aee8ed1eca8330cc765b711c43546e90b04ff39", "hash": "675899342e765a4d16acd75a53389101", "format-version": 4, "code-base-name": "universalinit", "filename": "src/universalinit/templates/nextjs/postcss.config.mjs", "revision_history": [{"1516": "1aee8ed1eca8330cc765b711c43546e90b04ff39"}]}