{"is_source_file": true, "format": "ECMAScript Module (JavaScript/ESM)", "description": "This file is a configuration script for ESLint, defining rules and settings, particularly for TypeScript projects.", "external_files": ["@eslint/js", "@typescript-eslint/eslint-plugin", "@typescript-eslint/parser"], "external_methods": [], "published": [], "classes": [], "methods": [], "calls": ["js.configs.recommended", "tseslint", "tsParser"], "search-terms": ["eslint", "eslint.config", "typescript", "ESLint configurations", "vite"], "state": 2, "file_id": 331, "knowledge_revision": 724, "git_revision": "85b1873fcf024e90105a8dbf93e858a6590b4305", "hash": "e07c5093c78842a4ba4667fc4b86ccee", "format-version": 4, "code-base-name": "universalinit", "filename": "src/universalinit/templates/vite/eslint.config.mjs", "revision_history": [{"724": "85b1873fcf024e90105a8dbf93e858a6590b4305"}]}