{"is_source_file": true, "format": "bash", "description": "This is a shell script used to scaffold and initialize a new Kotlin Android project. It performs tasks such as validating input parameters, setting up project directory structures, creating configuration files (Gradle scripts, manifest, resources), generating boilerplate code for MainActivity, and downloading necessary gradle wrapper files.", "external_files": ["gradle/wrapper/gradle-wrapper.jar"], "external_methods": ["curl", "wget", "base64", "command"], "published": ["PROJECT_NAME", "PACKAGE_NAME", "MIN_SDK", "TARGET_SDK", "COMPILE_SDK", "GRADLE_VERSION", "KOTLIN_VERSION"], "classes": [], "methods": [], "calls": ["echo", "mkdir", "sed", "tr", "base64", "cp", "chmod", "curl", "wget", "command", "exit"], "search-terms": ["project initialization", "Android project setup", "bash script scaffold", "gradle wrapper setup", "project directory structure"], "state": 2, "file_id": 463, "knowledge_revision": 1479, "git_revision": "1aee8ed1eca8330cc765b711c43546e90b04ff39", "hash": "8a68f05b97405edde091c7cc776d6ef3", "format-version": 4, "code-base-name": "universalinit", "filename": "src/universalinit/templates/kotlin/init_script.sh", "revision_history": [{"1479": "1aee8ed1eca8330cc765b711c43546e90b04ff39"}]}