{"is_source_file": true, "format": "TypeScript (React with JSX)", "description": "This file defines a React functional component for the homepage of a Next.js application, rendering static content including images, links, and layout styling.", "external_files": ["next/image"], "external_methods": ["Image"], "published": ["Home"], "classes": [], "methods": [{"name": "Home", "description": "React functional component rendering the homepage content with images, links, and layout structure."}], "calls": ["Image"], "search-terms": ["Next.js page", "React functional component", "TypeScript JSX", "homepage layout", "next/image usage"], "state": 2, "file_id": 420, "knowledge_revision": 1441, "git_revision": "1aee8ed1eca8330cc765b711c43546e90b04ff39", "ctags": [], "hash": "1717a2c38b856d93284b673ec27c8cf8", "format-version": 4, "code-base-name": "universalinit", "filename": "src/universalinit/templates/nextjs/src/app/page.tsx", "revision_history": [{"1441": "1aee8ed1eca8330cc765b711c43546e90b04ff39"}]}