{"is_source_file": false, "format": null, "description": null, "external_files": [], "external_methods": [], "published": [], "classes": [], "methods": [], "calls": [], "search-terms": ["Handling User Input", "focus", "input handling", "configuring input", "catch-all", "event chain", "intercept", "key up", "key mapping", "component", "focus", "Blits"], "state": 2, "file_id": 379, "knowledge_revision": 1396, "git_revision": "1aee8ed1eca8330cc765b711c43546e90b04ff39", "hash": "65da041ddf51108d44f3d269b0537a81", "format-version": 4, "code-base-name": "universalinit", "filename": "src/universalinit/templates/lightningjs/docs/components_user_input.md", "revision_history": [{"1396": "1aee8ed1eca8330cc765b711c43546e90b04ff39"}]}