{"is_source_file": true, "format": "TypeScript declaration file (.d.ts)", "description": "TypeScript declaration file for Vite environment variables, providing type definitions via reference directive.", "external_files": ["vite/client"], "external_methods": [], "published": [], "classes": [], "methods": [], "calls": [], "search-terms": ["vite-env.d.ts", "vite", "TypeScript declaration", "environment variables", "type reference", "src/universalinit/templates/typescript/src"], "state": 2, "file_id": 436, "knowledge_revision": 1460, "git_revision": "1aee8ed1eca8330cc765b711c43546e90b04ff39", "ctags": [], "hash": "0352474ba2918efe13895edbc3780d94", "format-version": 4, "code-base-name": "universalinit", "filename": "src/universalinit/templates/typescript/src/vite-env.d.ts", "revision_history": [{"1460": "1aee8ed1eca8330cc765b711c43546e90b04ff39"}]}