{"is_source_file": true, "format": "JavaScript ES Modules (ESM)", "description": "ESLint configuration file written in JavaScript, configuring linting rules, parsers, and plugins for TypeScript and general JavaScript files.", "external_files": ["@eslint/js", "@typescript-eslint/eslint-plugin", "@typescript-eslint/parser"], "external_methods": [], "published": [], "classes": [], "methods": [], "calls": ["js.configs.recommended"], "search-terms": ["eslint", "typescript", "eslint.config.mjs", "vite", "eslint rules"], "state": 2, "file_id": 670, "knowledge_revision": 1686, "git_revision": "1aee8ed1eca8330cc765b711c43546e90b04ff39", "hash": "e07c5093c78842a4ba4667fc4b86ccee", "format-version": 4, "code-base-name": "universalinit", "filename": "src/universalinit/templates/vite/eslint.config.mjs", "revision_history": [{"1686": "1aee8ed1eca8330cc765b711c43546e90b04ff39"}]}