{"is_source_file": true, "format": "JavaScript", "description": "This file is a Vite configuration file, setting up development server parameters such as host, port, CORS, headers, and watching behavior.", "external_files": ["vite"], "external_methods": ["defineConfig"], "published": [], "classes": [], "methods": [], "calls": ["defineConfig"], "search-terms": ["vite.config.js", "Vite", "configuration", "server", "development server"], "state": 2, "file_id": 470, "knowledge_revision": 1486, "git_revision": "1aee8ed1eca8330cc765b711c43546e90b04ff39", "ctags": [], "hash": "2deb64ad96a3a98b4060c8c42df3b884", "format-version": 4, "code-base-name": "universalinit", "filename": "src/universalinit/templates/vite/vite.config.js", "revision_history": [{"1486": "1aee8ed1eca8330cc765b711c43546e90b04ff39"}]}