{"is_source_file": true, "format": "TypeScript/TSX", "description": "This file is the entry point for a Remix application on the client side, responsible for hydrating the React app.", "external_files": ["@remix-run/react", "react", "react-dom/client"], "external_methods": ["startTransition", "hydrateRoot"], "published": [], "classes": [], "methods": [{"name": "startTransition", "description": "React's concurrent mode function to start state updates without blocking user interactions."}, {"name": "hydrateRoot", "description": "React DOM method to hydrate a server-rendered app on the client side."}], "calls": ["startTransition", "hydrateRoot"], "search-terms": ["entry.client.tsx", "remix", "hydrate", "RemixBrowser", "react-dom", "client hydration"], "state": 2, "file_id": 464, "knowledge_revision": 1487, "git_revision": "1aee8ed1eca8330cc765b711c43546e90b04ff39", "ctags": [], "hash": "5d53ef36a3075b464b930b7d096d41a0", "format-version": 4, "code-base-name": "universalinit", "filename": "src/universalinit/templates/remix/app/entry.client.tsx", "revision_history": [{"1487": "1aee8ed1eca8330cc765b711c43546e90b04ff39"}]}