{"is_source_file": false, "format": "", "description": "", "external_files": [], "external_methods": [], "published": [], "classes": [], "methods": [], "calls": [], "search-terms": ["flower.css", "Qwik", "CSS styling", "grid layout", "custom properties", "animations", "responsive design"], "state": 2, "file_id": 629, "knowledge_revision": 1639, "git_revision": "1aee8ed1eca8330cc765b711c43546e90b04ff39", "hash": "d1d22f04386f03ea3224d37176bf7d9d", "format-version": 4, "code-base-name": "universalinit", "filename": "src/universalinit/templates/qwik/src/routes/demo/flower/flower.css", "revision_history": [{"1639": "1aee8ed1eca8330cc765b711c43546e90b04ff39"}]}