{"is_source_file": true, "format": "JavaScript/ECMAScript Module (MJS)", "description": "This file exports ESLint configurations, including recommended settings, ignore patterns, and specific rules for TypeScript files, along with parser and plugin integration.", "external_files": ["@eslint/js", "@typescript-eslint/eslint-plugin", "@typescript-eslint/parser"], "external_methods": [], "published": ["default"], "classes": [], "methods": [{"name": "export default", "description": "Exports the ESLint configuration array including recommended configs, ignore patterns, and file-specific rules."}], "calls": ["js.configs.recommended"], "search-terms": ["eslint", "typescript", "eslint.config.mjs", "eslint", "typescript-eslint", "ignore patterns", "eslint plugins"], "state": 2, "file_id": 670, "knowledge_revision": 1685, "git_revision": "1aee8ed1eca8330cc765b711c43546e90b04ff39", "hash": "e07c5093c78842a4ba4667fc4b86ccee", "format-version": 4, "code-base-name": "universalinit", "filename": "src/universalinit/templates/vite/eslint.config.mjs", "revision_history": [{"1685": "1aee8ed1eca8330cc765b711c43546e90b04ff39"}]}