{"is_source_file": true, "format": "JavaScript", "description": "This file initializes a LightningJS application by importing necessary modules and launching the app with specified dimensions and debug level.", "external_files": ["@lightningjs/blits", "./App.js"], "external_methods": ["Blits.Launch"], "published": [], "classes": [], "methods": [{"name": "Blits.Launch", "description": "Starts the LightningJS application with the provided app class, identifier, and configuration options."}], "calls": ["Blits.Launch"], "search-terms": ["LightningJS", "Blits.Launch", "App.js", "lightningjs", "index.js", "application launch", "initialization"], "state": 2, "file_id": 418, "knowledge_revision": 1446, "git_revision": "1aee8ed1eca8330cc765b711c43546e90b04ff39", "ctags": [], "hash": "699987a61e1fdce808bdbadf75592f5a", "format-version": 4, "code-base-name": "universalinit", "filename": "src/universalinit/templates/lightningjs/src/index.js", "revision_history": [{"1446": "1aee8ed1eca8330cc765b711c43546e90b04ff39"}]}