{"is_source_file": true, "format": "TypeScript", "description": "This file sets up an Express server to serve an Angular Universal (Server-Side Rendered) application. It defines static file serving, server-side rendering logic, and conditional startup code for development.", "external_files": ["@angular/common", "@angular/ssr/node", "express", "node:path", "node:url", "./main.server"], "external_methods": ["isMainModule", "fileURLToPath"], "published": ["app"], "classes": [], "methods": [{"name": "app.get", "description": "Defines route handlers for static files and SSR rendering."}, {"name": "commonEngine.render", "description": "Performs server-side rendering of the Angular application."}, {"name": "app.listen", "description": "Starts the Express server on specified port."}], "calls": ["express.static", "commonEngine.render", "app.listen"], "search-terms": ["angular ssr server", "express static site", "Universal engine", "app.get route", "server startup", "main.server"], "state": 2, "file_id": 542, "knowledge_revision": 1569, "git_revision": "1aee8ed1eca8330cc765b711c43546e90b04ff39", "ctags": [{"_type": "tag", "name": "app", "path": "/home/kavia/workspace/code-generation/universalinit/src/universalinit/templates/angular/src/server.ts", "pattern": "/^const app = express();$/", "language": "TypeScript", "kind": "constant"}, {"_type": "tag", "name": "baseUrl", "path": "/home/kavia/workspace/code-generation/universalinit/src/universalinit/templates/angular/src/server.ts", "pattern": "/^  const { protocol, originalUrl, baseUrl, headers } = req;$/", "language": "TypeScript", "kind": "constant"}, {"_type": "tag", "name": "browserDistFolder", "path": "/home/kavia/workspace/code-generation/universalinit/src/universalinit/templates/angular/src/server.ts", "pattern": "/^const browserDistFolder = resolve(serverDistFolder, '..\\/browser');$/", "language": "TypeScript", "kind": "constant"}, {"_type": "tag", "name": "commonEngine", "path": "/home/kavia/workspace/code-generation/universalinit/src/universalinit/templates/angular/src/server.ts", "pattern": "/^const commonEngine = new CommonEngine();$/", "language": "TypeScript", "kind": "constant"}, {"_type": "tag", "name": "headers", "path": "/home/kavia/workspace/code-generation/universalinit/src/universalinit/templates/angular/src/server.ts", "pattern": "/^  const { protocol, originalUrl, baseUrl, headers } = req;$/", "language": "TypeScript", "kind": "constant"}, {"_type": "tag", "name": "indexHtml", "path": "/home/kavia/workspace/code-generation/universalinit/src/universalinit/templates/angular/src/server.ts", "pattern": "/^const indexHtml = join(serverDistFolder, 'index.server.html');$/", "language": "TypeScript", "kind": "constant"}, {"_type": "tag", "name": "originalUrl", "path": "/home/kavia/workspace/code-generation/universalinit/src/universalinit/templates/angular/src/server.ts", "pattern": "/^  const { protocol, originalUrl, baseUrl, headers } = req;$/", "language": "TypeScript", "kind": "constant"}, {"_type": "tag", "name": "port", "path": "/home/kavia/workspace/code-generation/universalinit/src/universalinit/templates/angular/src/server.ts", "pattern": "/^  const port = process.env['PORT'] || 4000;$/", "language": "TypeScript", "kind": "constant"}, {"_type": "tag", "name": "protocol", "path": "/home/kavia/workspace/code-generation/universalinit/src/universalinit/templates/angular/src/server.ts", "pattern": "/^  const { protocol, originalUrl, baseUrl, headers } = req;$/", "language": "TypeScript", "kind": "constant"}, {"_type": "tag", "name": "serverDistFolder", "path": "/home/kavia/workspace/code-generation/universalinit/src/universalinit/templates/angular/src/server.ts", "pattern": "/^const serverDistFolder = dirname(fileURLToPath(import.meta.url));$/", "language": "TypeScript", "kind": "constant"}], "hash": "2b01cdd40bb909f26c1bcd609dfb8a51", "format-version": 4, "code-base-name": "universalinit", "filename": "src/universalinit/templates/angular/src/server.ts", "revision_history": [{"1569": "1aee8ed1eca8330cc765b711c43546e90b04ff39"}]}