{"is_source_file": true, "format": "TypeScript (Angular)", "description": "Unit test specifications for the Angular AppComponent, verifying component creation, title property, and rendered content.", "external_files": ["./app.component"], "external_methods": ["TestBed.configureTestingModule", "TestBed.createComponent", "fixture.detectChanges", "fixture.nativeElement.querySelector", "expect"], "published": [], "classes": [{"name": "AppComponent", "description": "Root component of the Angular application, used here for testing."}], "methods": [{"name": "Should create the app", "description": "Tests whether the AppComponent is instantiated successfully."}, {"name": "Should have the 'angular' title", "description": "Verifies that the component's title property equals 'angular'."}, {"name": "Should render title", "description": "Checks that the rendered HTML contains the expected title text."}], "calls": ["TestBed.configureTestingModule", "TestBed.createComponent", "fixture.detectChanges", "fixture.nativeElement.querySelector", "expect"], "search-terms": ["Angular", "app.component.spec.ts", "unit test", "TestBed", "AppComponent", "spec"], "state": 2, "file_id": 472, "knowledge_revision": 1490, "git_revision": "1aee8ed1eca8330cc765b711c43546e90b04ff39", "ctags": [{"_type": "tag", "name": "app", "path": "/home/kavia/workspace/code-generation/universalinit/src/universalinit/templates/angular/src/app/app.component.spec.ts", "pattern": "/^    const app = fixture.componentInstance;$/", "language": "TypeScript", "kind": "constant"}, {"_type": "tag", "name": "compiled", "path": "/home/kavia/workspace/code-generation/universalinit/src/universalinit/templates/angular/src/app/app.component.spec.ts", "pattern": "/^    const compiled = fixture.nativeElement as HTMLElement;$/", "language": "TypeScript", "kind": "constant"}, {"_type": "tag", "name": "fixture", "path": "/home/kavia/workspace/code-generation/universalinit/src/universalinit/templates/angular/src/app/app.component.spec.ts", "pattern": "/^    const fixture = TestBed.createComponent(AppComponent);$/", "language": "TypeScript", "kind": "constant"}], "hash": "5bff32fedc85513ebb007e779659ab1b", "format-version": 4, "code-base-name": "universalinit", "filename": "src/universalinit/templates/angular/src/app/app.component.spec.ts", "revision_history": [{"1490": "1aee8ed1eca8330cc765b711c43546e90b04ff39"}]}