{"is_source_file": false, "format": "", "description": "", "external_files": [], "external_methods": [], "published": [], "classes": [], "methods": [], "calls": [], "search-terms": [], "state": 2, "file_id": 138, "knowledge_revision": 524, "git_revision": "7e388975b683da092b6a8eca5dacdb60fc48c074", "hash": "084afbe3fb0c7cfda09941be10d30321", "format-version": 4, "code-base-name": "universalinit", "filename": "src/universalinit/templates/kotlin/init_script.sh", "revision_history": [{"524": "7e388975b683da092b6a8eca5dacdb60fc48c074"}]}