{"is_source_file": false, "format": "", "description": "", "external_files": [], "external_methods": [], "published": [], "classes": [], "methods": [], "calls": [], "search-terms": [], "state": 2, "file_id": 449, "knowledge_revision": 1462, "git_revision": "1aee8ed1eca8330cc765b711c43546e90b04ff39", "hash": "64cc45ff2b7dc220b2fb18a2e8d96ce8", "format-version": 4, "code-base-name": "universalinit", "filename": "src/universalinit/templates/angular/tsconfig.json", "revision_history": [{"1462": "1aee8ed1eca8330cc765b711c43546e90b04ff39"}]}