{"is_source_file": true, "format": "TypeScript/TSX", "description": "This file initializes the Remix application on the client, handling hydration using React's hydrateRoot and rendering the RemixBrowser component within React's StrictMode.", "external_files": ["@remix-run/react", "react", "react-dom/client"], "external_methods": ["hydrateRoot", "startTransition"], "published": [], "classes": [], "methods": [{"name": "React's startTransition", "description": "Wraps the hydration process to optimize rendering performance."}, {"name": "hydrateRoot", "description": "Hydrates the React application onto the client-side DOM."}], "calls": ["startTransition", "hydrateRoot"], "search-terms": ["RemixBrowser", "hydrateRoot", "entry.client.tsx", "client-side hydration", "react-dom/client", "React.StrictMode"], "state": 2, "file_id": 425, "knowledge_revision": 1445, "git_revision": "1aee8ed1eca8330cc765b711c43546e90b04ff39", "ctags": [], "hash": "5d53ef36a3075b464b930b7d096d41a0", "format-version": 4, "code-base-name": "universalinit", "filename": "src/universalinit/templates/remix/app/entry.client.tsx", "revision_history": [{"1445": "1aee8ed1eca8330cc765b711c43546e90b04ff39"}]}