{"is_source_file": false, "format": "", "description": "", "external_files": [], "external_methods": [], "published": [], "classes": [], "methods": [], "calls": [], "search-terms": [], "state": 2, "file_id": 96, "knowledge_revision": 480, "git_revision": "31f153ab114da650497dd75f066a7ea71a494e69", "hash": "662724611bbd9e74e13a9b003693b568", "format-version": 4, "code-base-name": "universalinit", "filename": "src/universalinit/templates/slidev/style.css", "revision_history": [{"480": "31f153ab114da650497dd75f066a7ea71a494e69"}]}