{"is_source_file": true, "format": "Python", "description": "A FastAPI application setup with CORS middleware and a health check endpoint.", "external_files": [], "external_methods": ["fastapi.FastAPI", "fastapi.middleware.cors.CORSMiddleware"], "published": ["app"], "classes": [], "methods": [{"name": "health_check()", "description": "A GET endpoint at '/' that returns a simple health status message.", "scope": "", "scopeKind": ""}], "calls": ["CORSMiddleware", "app.add_middleware", "app.get"], "search-terms": ["FastAPI", "CORS", "health check", "src/api/main.py"], "state": 2, "file_id": 412, "knowledge_revision": 1433, "git_revision": "1aee8ed1eca8330cc765b711c43546e90b04ff39", "ctags": [{"_type": "tag", "name": "app", "path": "/home/kavia/workspace/code-generation/universalinit/src/universalinit/templates/fastapi/src/api/main.py", "pattern": "/^app = FastAPI()$/", "language": "Python", "kind": "variable"}, {"_type": "tag", "name": "health_check", "path": "/home/kavia/workspace/code-generation/universalinit/src/universalinit/templates/fastapi/src/api/main.py", "pattern": "/^def health_check():$/", "language": "Python", "kind": "function", "signature": "()"}], "hash": "58352bf5f133908bab16643199aa483d", "format-version": 4, "code-base-name": "universalinit", "filename": "src/universalinit/templates/fastapi/src/api/main.py", "fields": [{"name": "app = FastAPI()", "scope": "", "scopeKind": "", "description": "unavailable"}], "revision_history": [{"1433": "1aee8ed1eca8330cc765b711c43546e90b04ff39"}]}