{"is_source_file": false, "format": "CSS", "description": "Stylesheet defining CSS classes for a To-Do List component in a Qwik-based project, including layout, colors, input styles, responsive design, and miscellaneous styling for list items and empty states.", "external_files": [], "external_methods": [], "published": [], "classes": [], "methods": [], "calls": [], "search-terms": ["todolist", "css styles", "qwik", "layout", "responsive design"], "state": 2, "file_id": 423, "knowledge_revision": 1435, "git_revision": "1aee8ed1eca8330cc765b711c43546e90b04ff39", "hash": "4d2a7c3c731eb11914b25e8378d69a72", "format-version": 4, "code-base-name": "universalinit", "filename": "src/universalinit/templates/qwik/src/routes/demo/todolist/todolist.module.css", "revision_history": [{"1435": "1aee8ed1eca8330cc765b711c43546e90b04ff39"}]}