{"is_source_file": false, "format": "", "description": "", "external_files": [], "external_methods": [], "published": [], "classes": [], "methods": [], "calls": [], "search-terms": [], "state": 2, "file_id": 156, "knowledge_revision": 545, "git_revision": "8ce083d7cce32cc9e1ed8b79c8d7f8bcb9de40d8", "hash": "2047357530e00070e5282aa27519d448", "format-version": 4, "code-base-name": "universalinit", "filename": "src/universalinit/templates/native/config.yml", "revision_history": [{"545": "8ce083d7cce32cc9e1ed8b79c8d7f8bcb9de40d8"}]}