{"is_source_file": false, "format": "", "description": "", "external_files": [], "external_methods": [], "published": [], "classes": [], "methods": [], "calls": [], "search-terms": ["Global App State plugin", "blits", "reactive state", "plugin registration", "index.js", "global app state", "component state", "reactive object"], "state": 2, "file_id": 504, "knowledge_revision": 1515, "git_revision": "1aee8ed1eca8330cc765b711c43546e90b04ff39", "hash": "93335479c40d4b87c507395116d28e59", "format-version": 4, "code-base-name": "universalinit", "filename": "src/universalinit/templates/lightningjs/docs/plugins_global_app_state.md", "revision_history": [{"1515": "1aee8ed1eca8330cc765b711c43546e90b04ff39"}]}