{"is_source_file": true, "format": "TypeScript (TSX)", "description": "A React component for rendering a Logo animation with animated arcs and atoms using Remotion library.", "external_files": ["./Arc", "./Atom", "@remotion/zod-types"], "external_methods": ["useVideoConfig", "useCurrentFrame", "spring", "interpolate"], "published": ["myCompSchema2", "Logo"], "classes": [], "methods": [{"name": "Logo", "description": "React functional component that renders animated logo with arcs and atom, utilizing Remotion hooks and animation functions."}], "calls": ["useVideoConfig", "useCurrentFrame", "spring", "interpolate", "Arc", "Atom"], "search-terms": ["Logo", "remotion", "Arc", "Atom", "spring animation", "Logo component with animation", "remotion/src/HelloWorld/Logo.tsx"], "state": 2, "file_id": 609, "knowledge_revision": 1636, "git_revision": "1aee8ed1eca8330cc765b711c43546e90b04ff39", "ctags": [], "hash": "da067dd9634b1290d01907f36ef18835", "format-version": 4, "code-base-name": "universalinit", "filename": "src/universalinit/templates/remotion/src/HelloWorld/Logo.tsx", "revision_history": [{"1636": "1aee8ed1eca8330cc765b711c43546e90b04ff39"}]}