{"is_source_file": true, "format": "TypeScript", "description": "Configuration file for remotion, setting video image format and overwrite output options.", "external_files": ["@remotion/cli/config"], "external_methods": ["Config.setVideoImageFormat", "Config.setOverwriteOutput"], "published": [], "classes": [], "methods": [{"name": "setVideoImageFormat", "description": "Sets the image format for video frames."}, {"name": "setOverwriteOutput", "description": "Sets whether to overwrite existing output files."}], "calls": ["Config.setVideoImageFormat", "Config.setOverwriteOutput"], "search-terms": ["remotion", "config", "setVideoImageFormat", "setOverwriteOutput", "remotion.config.ts"], "state": 2, "file_id": 636, "knowledge_revision": 1660, "git_revision": "1aee8ed1eca8330cc765b711c43546e90b04ff39", "ctags": [], "hash": "59c56da67f1bfdb377d7df8bd4fadc25", "format-version": 4, "code-base-name": "universalinit", "filename": "src/universalinit/templates/remotion/remotion.config.ts", "revision_history": [{"1660": "1aee8ed1eca8330cc765b711c43546e90b04ff39"}]}