{"is_source_file": true, "format": "TypeScript (Vite configuration)", "description": "This file defines the Vite build configuration for a Vue.js project, specifying plugins, resolve aliases, server settings, and other build options.", "external_files": ["node:url", "@vitejs/plugin-vue", "vite-plugin-vue-devtools"], "external_methods": ["fileURLToPath", "URL", "defineConfig", "vue", "vueJsx", "vueDevTools"], "published": ["default"], "classes": [], "methods": [{"name": "defineConfig", "description": "Exports the Vite configuration object with specified plugins, resolve options, server settings, etc."}], "calls": ["defineConfig", "fileURLToPath", "URL", "vue", "vueJsx", "vueDevTools"], "search-terms": ["vite", "vue", "vite-plugin-vue-devtools", "vite.config.ts", "resolve.alias", "server.host", "allowedHosts", "strictPort"], "state": 2, "file_id": 552, "knowledge_revision": 1583, "git_revision": "1aee8ed1eca8330cc765b711c43546e90b04ff39", "ctags": [], "hash": "651273496df370ea0757c4c61a2c9ee4", "format-version": 4, "code-base-name": "universalinit", "filename": "src/universalinit/templates/vue/vite.config.ts", "revision_history": [{"1583": "1aee8ed1eca8330cc765b711c43546e90b04ff39"}]}