{"is_source_file": true, "format": "bash script", "description": "This file is a shell script designed to automate the backup process for different types of databases (SQLite, PostgreSQL, MySQL, MongoDB). It detects the running database and performs backups accordingly, saving the backup files with appropriate messages.", "external_files": ["/usr/lib/postgresql/", "/var/run/mysqld/mysqld.sock"], "external_methods": ["ls", "sudo", "pg_isready", "cp", "mysqladmin", "mysql", "mysqldump", "mongosh", "mongodump"], "published": [], "classes": [], "methods": [], "calls": ["ls", "sudo -u postgres pg_isready", "cp", "mysqladmin ping", "mysql -h localhost -P", "mysqldump", "mongosh --port", "mongodump --port"], "search-terms": ["backup_db.sh", "database backup script", "SQLite backup", "PostgreSQL backup", "MySQL backup", "MongoDB backup", "database detection", "shell script database"], "state": 2, "file_id": 40, "knowledge_revision": 430, "git_revision": "a40e40d1d73aedd9adb3ccd161f7a57ca5434944", "hash": "b93e9296dd5411b9a0530c799649cbb1", "format-version": 4, "code-base-name": "universalinit", "filename": "src/universalinit/common/backup_db.sh", "revision_history": [{"430": "a40e40d1d73aedd9adb3ccd161f7a57ca5434944"}]}