{"is_source_file": true, "format": "TypeScript (TSX)", "description": "This file defines a Qwik component for the footer section of a web application, utilizing Qwik's component$ function, dynamic server time loading, and CSS modules for styling.", "external_files": ["../../../routes/layout", "./footer.module.css", "@builder.io/qwik"], "external_methods": ["useServerTimeLoader"], "published": [], "classes": [], "methods": [{"name": "default", "description": "Default exported Qwik footer component rendering a link with server time."}], "calls": ["component$", "useServerTimeLoader"], "search-terms": ["Qwik footer component", "server time loader", "footer.tsx", "CSS modules", "Builder.io"], "state": 2, "file_id": 510, "knowledge_revision": 1533, "git_revision": "1aee8ed1eca8330cc765b711c43546e90b04ff39", "ctags": [], "hash": "5e83eb5470cf84aff350a45599f1b87a", "format-version": 4, "code-base-name": "universalinit", "filename": "src/universalinit/templates/qwik/src/components/starter/footer/footer.tsx", "revision_history": [{"1533": "1aee8ed1eca8330cc765b711c43546e90b04ff39"}]}