{"is_source_file": true, "format": "TypeScript", "description": "This file sets up an Express server for an Angular Universal (server-side rendering) application. It serves static files and renders the Angular app for all other requests, and conditionally starts the server if this is the main module.", "external_files": ["@angular/common", "@angular/ssr/node", "express", "node:path", "node:url", "./main.server"], "external_methods": ["isMainModule"], "published": ["app"], "classes": [], "methods": [{"name": "isMainModule", "description": "Function imported from '@angular/ssr/node' to check if the current module is the main module for server startup."}], "calls": ["express()", "app.get", "express.static", "commonEngine.render", "app.listen"], "search-terms": ["Angular Universal", "SSR Express server", "server.ts", "Angular render initialization", "main.server", "serve static files"], "state": 2, "file_id": 440, "knowledge_revision": 1461, "git_revision": "1aee8ed1eca8330cc765b711c43546e90b04ff39", "ctags": [{"_type": "tag", "name": "app", "path": "/home/kavia/workspace/code-generation/universalinit/src/universalinit/templates/angular/src/server.ts", "pattern": "/^const app = express();$/", "language": "TypeScript", "kind": "constant"}, {"_type": "tag", "name": "baseUrl", "path": "/home/kavia/workspace/code-generation/universalinit/src/universalinit/templates/angular/src/server.ts", "pattern": "/^  const { protocol, originalUrl, baseUrl, headers } = req;$/", "language": "TypeScript", "kind": "constant"}, {"_type": "tag", "name": "browserDistFolder", "path": "/home/kavia/workspace/code-generation/universalinit/src/universalinit/templates/angular/src/server.ts", "pattern": "/^const browserDistFolder = resolve(serverDistFolder, '..\\/browser');$/", "language": "TypeScript", "kind": "constant"}, {"_type": "tag", "name": "commonEngine", "path": "/home/kavia/workspace/code-generation/universalinit/src/universalinit/templates/angular/src/server.ts", "pattern": "/^const commonEngine = new CommonEngine();$/", "language": "TypeScript", "kind": "constant"}, {"_type": "tag", "name": "headers", "path": "/home/kavia/workspace/code-generation/universalinit/src/universalinit/templates/angular/src/server.ts", "pattern": "/^  const { protocol, originalUrl, baseUrl, headers } = req;$/", "language": "TypeScript", "kind": "constant"}, {"_type": "tag", "name": "indexHtml", "path": "/home/kavia/workspace/code-generation/universalinit/src/universalinit/templates/angular/src/server.ts", "pattern": "/^const indexHtml = join(serverDistFolder, 'index.server.html');$/", "language": "TypeScript", "kind": "constant"}, {"_type": "tag", "name": "originalUrl", "path": "/home/kavia/workspace/code-generation/universalinit/src/universalinit/templates/angular/src/server.ts", "pattern": "/^  const { protocol, originalUrl, baseUrl, headers } = req;$/", "language": "TypeScript", "kind": "constant"}, {"_type": "tag", "name": "port", "path": "/home/kavia/workspace/code-generation/universalinit/src/universalinit/templates/angular/src/server.ts", "pattern": "/^  const port = process.env['PORT'] || 4000;$/", "language": "TypeScript", "kind": "constant"}, {"_type": "tag", "name": "protocol", "path": "/home/kavia/workspace/code-generation/universalinit/src/universalinit/templates/angular/src/server.ts", "pattern": "/^  const { protocol, originalUrl, baseUrl, headers } = req;$/", "language": "TypeScript", "kind": "constant"}, {"_type": "tag", "name": "serverDistFolder", "path": "/home/kavia/workspace/code-generation/universalinit/src/universalinit/templates/angular/src/server.ts", "pattern": "/^const serverDistFolder = dirname(fileURLToPath(import.meta.url));$/", "language": "TypeScript", "kind": "constant"}], "hash": "2b01cdd40bb909f26c1bcd609dfb8a51", "format-version": 4, "code-base-name": "universalinit", "filename": "src/universalinit/templates/angular/src/server.ts", "revision_history": [{"1461": "1aee8ed1eca8330cc765b711c43546e90b04ff39"}]}