{"is_source_file": true, "file_id": 421, "git_revision": "1aee8ed1eca8330cc765b711c43546e90b04ff39", "state": 1, "description": "", "external_files": [], "external_methods": [], "published": [], "classes": [], "methods": [], "calls": [], "search-terms": [], "ctags": [{"_type": "tag", "name": "App", "path": "/home/kavia/workspace/code-generation/universalinit/src/universalinit/templates/svelte/src/app.d.ts", "pattern": "/^\tnamespace App {$/", "language": "TypeScript", "kind": "namespace"}], "format": "TypeScript", "hash": "78b56494b3f78d7f9bacda13678f159e", "format-version": 4, "code-base-name": "universalinit", "filename": "src/universalinit/templates/svelte/src/app.d.ts", "knowledge_revision": 1103}