{"is_source_file": true, "format": "JavaScript", "description": "This file sets up and starts an Express.js server, listening on specified host and port, and handles graceful shutdown upon receiving SIGTERM.", "external_files": ["./app"], "external_methods": ["app.listen", "process.on", "server.close", "process.exit"], "published": ["server"], "classes": [], "methods": [{"name": "app.listen", "description": "Starts the Express application listening on the specified port and host."}, {"name": "process.on", "description": "Registers an event listener for process signals such as SIGTERM."}, {"name": "server.close", "description": "Closes the server, preventing new connections and closing existing ones."}, {"name": "process.exit", "description": "Terminates the Node.js process with an optional status code."}], "calls": ["app.listen", "console.log", "process.on", "server.close", "process.exit"], "search-terms": ["server.js", "express", "HTTP server", "graceful shutdown", "SIGTERM", "require('./app')", "process.env.PORT", "process.env.HOST"], "state": 2, "file_id": 446, "knowledge_revision": 1470, "git_revision": "1aee8ed1eca8330cc765b711c43546e90b04ff39", "ctags": [{"_type": "tag", "name": "HOST", "path": "/home/kavia/workspace/code-generation/universalinit/src/universalinit/templates/express/src/server.js", "pattern": "/^const HOST = process.env.HOST || '0.0.0.0';$/", "language": "JavaScript", "kind": "constant"}, {"_type": "tag", "name": "PORT", "path": "/home/kavia/workspace/code-generation/universalinit/src/universalinit/templates/express/src/server.js", "pattern": "/^const PORT = process.env.PORT || 3000;$/", "language": "JavaScript", "kind": "constant"}, {"_type": "tag", "name": "app", "path": "/home/kavia/workspace/code-generation/universalinit/src/universalinit/templates/express/src/server.js", "pattern": "/^const app = require('.\\/app');$/", "language": "JavaScript", "kind": "constant"}, {"_type": "tag", "name": "server", "path": "/home/kavia/workspace/code-generation/universalinit/src/universalinit/templates/express/src/server.js", "pattern": "/^const server = app.listen(PORT, HOST, () => {$/", "language": "JavaScript", "kind": "constant"}], "hash": "e5d7d8ed0764ea86a77b8fe15cd2b83e", "format-version": 4, "code-base-name": "universalinit", "filename": "src/universalinit/templates/express/src/server.js", "revision_history": [{"1470": "1aee8ed1eca8330cc765b711c43546e90b04ff39"}]}