{"is_source_file": false, "format": "", "description": "", "external_files": [], "external_methods": [], "published": [], "classes": [], "methods": [], "calls": [], "search-terms": [], "state": 2, "file_id": 437, "knowledge_revision": 1451, "git_revision": "1aee8ed1eca8330cc765b711c43546e90b04ff39", "hash": "92d0a9a2ebaef588fb8707266ec0d48c", "format-version": 4, "code-base-name": "universalinit", "filename": "src/universalinit/templates/flutter/pubspec.yaml", "revision_history": [{"1451": "1aee8ed1eca8330cc765b711c43546e90b04ff39"}]}