{"is_source_file": true, "format": "Python", "description": "This file defines a Django management command that generates an OpenAPI schema using drf_yasg, and saves it to a JSON file.", "external_files": ["django/core/management/base.py", "django/test/request_factory.py", "drf_yasg/openapi.py", "drf_yasg/views.py", "rest_framework/permissions.py", "os", "json"], "external_methods": ["get_schema_view", "AllowAny", "RequestFactory.get", "json.loads", "json.dump", "os.makedirs", "os.path.join"], "published": ["Command"], "classes": [{"name": "Command", "description": "A Django management command class that generates an OpenAPI JSON schema and saves it to a file."}], "methods": [{"name": "handle(self, *args, **options)", "description": "Handles the command execution by generating the OpenAPI schema and writing it to a file.", "scope": "Command", "scopeKind": "class"}], "calls": ["drf_yasg.views.get_schema_view", "rest_framework.permissions.AllowAny", "django.test.RequestFactory.get", "json.loads", "json.dump", "os.makedirs", "os.path.join"], "search-terms": ["generate_openapi", "drf_yasg", "Django management command", "OpenAPI schema generation", "schema_view", "RequestFactory"], "state": 2, "file_id": 441, "knowledge_revision": 1466, "git_revision": "1aee8ed1eca8330cc765b711c43546e90b04ff39", "ctags": [{"_type": "tag", "name": "Command", "path": "/home/kavia/workspace/code-generation/universalinit/src/universalinit/templates/django/api/management/commands/generate_openapi.py", "pattern": "/^class Command(BaseCommand):$/", "language": "Python", "kind": "class"}, {"_type": "tag", "name": "handle", "path": "/home/kavia/workspace/code-generation/universalinit/src/universalinit/templates/django/api/management/commands/generate_openapi.py", "pattern": "/^    def handle(self, *args, **options):$/", "language": "Python", "kind": "member", "signature": "(self, *args, **options)", "scope": "Command", "scopeKind": "class"}], "hash": "ecbef1ab975654f383ec74e3c38d3bd0", "format-version": 4, "code-base-name": "universalinit", "filename": "src/universalinit/templates/django/api/management/commands/generate_openapi.py", "revision_history": [{"1466": "1aee8ed1eca8330cc765b711c43546e90b04ff39"}]}