{"is_source_file": false, "format": "", "description": "", "external_files": [], "external_methods": [], "published": [], "classes": [], "methods": [], "calls": [], "search-terms": [], "state": 2, "file_id": 339, "knowledge_revision": 1352, "git_revision": "1aee8ed1eca8330cc765b711c43546e90b04ff39", "hash": "0c9f36dfd1a6dee9fa952c06ab7d9563", "format-version": 4, "code-base-name": "universalinit", "filename": "src/universalinit/common/db_visualizer/package.json", "revision_history": [{"1352": "1aee8ed1eca8330cc765b711c43546e90b04ff39"}]}