{"is_source_file": true, "format": "bash", "description": "Shell script for managing MongoDB server startup, configuration, user setup, and connection instructions.", "external_files": ["db_connection.txt", "db_visualizer/mongodb.env", "/var/lib/mongodb/mongod.log"], "external_methods": ["mongosh", "pgrep", "lsof", "pkill", "sleep", "cat", "echo", "sudo"], "published": [], "classes": [], "methods": [], "calls": ["mongosh", "pgrep", "lsof", "pkill", "sleep", "cat", "echo", "sudo mongod", "sudo pkill"], "search-terms": ["mongodb", "startup", "bash script", "user creation", "port management", "connection string", "mongodb environment"], "state": 2, "file_id": 371, "knowledge_revision": 1384, "git_revision": "1aee8ed1eca8330cc765b711c43546e90b04ff39", "hash": "a5cffa3a0c62b0ad3e0a1886acab1420", "format-version": 4, "code-base-name": "universalinit", "filename": "src/universalinit/templates/mongodb/startup.sh", "revision_history": [{"1384": "1aee8ed1eca8330cc765b711c43546e90b04ff39"}]}