{"is_source_file": true, "format": "JavaScript", "description": "This is a configuration file for Vite, a build tool for front-end development, defining server settings such as host, port, CORS, headers, and watch options.", "external_files": ["vite"], "external_methods": ["defineConfig"], "published": [], "classes": [], "methods": [], "calls": ["defineConfig"], "search-terms": ["vite.config.js", "Vite", "defineConfig", "server", "host", "allowedHosts", "port", "cors"], "state": 2, "file_id": 483, "knowledge_revision": 1505, "git_revision": "1aee8ed1eca8330cc765b711c43546e90b04ff39", "ctags": [], "hash": "2deb64ad96a3a98b4060c8c42df3b884", "format-version": 4, "code-base-name": "universalinit", "filename": "src/universalinit/templates/vite/vite.config.js", "revision_history": [{"1505": "1aee8ed1eca8330cc765b711c43546e90b04ff39"}]}