{"is_source_file": false, "format": "", "description": "", "external_files": [], "external_methods": [], "published": [], "classes": [], "methods": [], "calls": [], "search-terms": [], "state": 2, "file_id": 615, "knowledge_revision": 1626, "git_revision": "1aee8ed1eca8330cc765b711c43546e90b04ff39", "hash": "7d3465ee11a90f93aaf340848e66ce1e", "format-version": 4, "code-base-name": "universalinit", "filename": "src/universalinit/templates/angular/angular.json", "revision_history": [{"1626": "1aee8ed1eca8330cc765b711c43546e90b04ff39"}]}