{"is_source_file": true, "format": "JavaScript", "description": "This is an Express.js application setup file that configures middleware, routes, Swagger UI documentation, and error handling for a Node.js server.", "external_files": ["./routes", "../swagger"], "external_methods": ["require('cors')", "require('express')", "require('./routes')", "require('swagger-ui-express')", "require('../swagger')"], "published": ["module.exports"], "classes": [], "methods": [{"name": "app.use(cors({...}))", "description": "Configures CORS middleware with specific options."}, {"name": "app.use('/docs', swaggerUi.serve, ...)", "description": "Sets up Swagger UI documentation route with dynamic server URL adjustments."}, {"name": "app.use(express.json())", "description": "Enables JSON body parsing for incoming requests."}, {"name": "app.use('/', routes)", "description": "Mounts the main application routes."}, {"name": "Error handling middleware", "description": "Handles internal server errors and responds with JSON error message."}], "calls": ["swaggerUi.setup(dynamicSpec)", "console.error(err.stack)"], "search-terms": ["Express app setup", "Swagger UI integration", "CORS configuration", "routes mounting", "error handling middleware"], "state": 2, "file_id": 625, "knowledge_revision": 1645, "git_revision": "1aee8ed1eca8330cc765b711c43546e90b04ff39", "ctags": [{"_type": "tag", "name": "app", "path": "/home/kavia/workspace/code-generation/universalinit/src/universalinit/templates/express/src/app.js", "pattern": "/^const app = express();$/", "language": "JavaScript", "kind": "constant"}, {"_type": "tag", "name": "cors", "path": "/home/kavia/workspace/code-generation/universalinit/src/universalinit/templates/express/src/app.js", "pattern": "/^const cors = require('cors');$/", "language": "JavaScript", "kind": "constant"}, {"_type": "tag", "name": "express", "path": "/home/kavia/workspace/code-generation/universalinit/src/universalinit/templates/express/src/app.js", "pattern": "/^const express = require('express');$/", "language": "JavaScript", "kind": "constant"}, {"_type": "tag", "name": "routes", "path": "/home/kavia/workspace/code-generation/universalinit/src/universalinit/templates/express/src/app.js", "pattern": "/^const routes = require('.\\/routes');$/", "language": "JavaScript", "kind": "constant"}, {"_type": "tag", "name": "swaggerSpec", "path": "/home/kavia/workspace/code-generation/universalinit/src/universalinit/templates/express/src/app.js", "pattern": "/^const swaggerSpec = require('..\\/swagger');$/", "language": "JavaScript", "kind": "constant"}, {"_type": "tag", "name": "swaggerUi", "path": "/home/kavia/workspace/code-generation/universalinit/src/universalinit/templates/express/src/app.js", "pattern": "/^const swaggerUi = require('swagger-ui-express');$/", "language": "JavaScript", "kind": "constant"}], "hash": "5df3172f6e958a99d255956f667b1de4", "format-version": 4, "code-base-name": "universalinit", "filename": "src/universalinit/templates/express/src/app.js", "revision_history": [{"1645": "1aee8ed1eca8330cc765b711c43546e90b04ff39"}]}