{"is_source_file": true, "format": "TypeScript (TSX)", "description": "A React functional component named Atom that renders an SVG circle with a gradient fill, configurable by scale and color props for use in a video generated by Remotion.", "external_files": ["react", "remotion"], "external_methods": ["useState", "useVideoConfig", "random"], "published": ["Atom"], "classes": [], "methods": [{"name": "Atom", "description": "React functional component that renders an animated SVG circle with gradient fill, parameterized by scale and color props."}], "calls": ["useState", "useVideoConfig", "random"], "search-terms": ["React", "Remotion", "Atom", "SVG", "gradient", "circle", "remotion/src/HelloWorld/Atom.tsx"], "state": 2, "file_id": 510, "knowledge_revision": 1527, "git_revision": "1aee8ed1eca8330cc765b711c43546e90b04ff39", "ctags": [], "hash": "84d6d103c82561539bc9e4df504626a7", "format-version": 4, "code-base-name": "universalinit", "filename": "src/universalinit/templates/remotion/src/HelloWorld/Atom.tsx", "revision_history": [{"1527": "1aee8ed1eca8330cc765b711c43546e90b04ff39"}]}