{"is_source_file": true, "format": "JavaScript/React", "description": "React component implementing a theme toggle button and applying the theme to the document, with basic UI elements including an image, link, and descriptive text.", "external_files": ["./logo.svg", "./App.css"], "external_methods": ["React.useState", "React.useEffect"], "published": ["App"], "classes": [], "methods": [{"name": "App()", "description": "React functional component that manages theme state and renders UI.", "scope": "", "scopeKind": ""}, {"name": "toggleTheme", "description": "Function to toggle between light and dark themes."}], "calls": ["React.useState", "React.useEffect", "document.documentElement.setAttribute", "setTheme", "prevTheme => prevTheme === 'light' ? 'dark' : 'light'", "console.log", "setTheme", "document.documentElement.setAttribute"], "search-terms": ["React theme toggle", "App.js React component", "useState hook", "useEffect hook", "theme switch React", "React header component"], "state": 2, "file_id": 625, "knowledge_revision": 1651, "git_revision": "1aee8ed1eca8330cc765b711c43546e90b04ff39", "ctags": [{"_type": "tag", "name": "App", "path": "/home/kavia/workspace/code-generation/universalinit/src/universalinit/templates/react/src/App.js", "pattern": "/^function App() {$/", "language": "JavaScript", "kind": "function", "signature": "()"}, {"_type": "tag", "name": "Switch to ${theme === 'light' ? 'dark' : 'light'} mode", "path": "/home/kavia/workspace/code-generation/universalinit/src/universalinit/templates/react/src/App.js", "pattern": "/^          aria-label={`Switch to ${theme === 'light' ? 'dark' : 'light'} mode`}$/", "language": "JavaScript", "kind": "field", "scope": "App.aria", "scopeKind": "class"}, {"_type": "tag", "name": "toggleTheme", "path": "/home/kavia/workspace/code-generation/universalinit/src/universalinit/templates/react/src/App.js", "pattern": "/^          onClick={toggleTheme}$/", "language": "JavaScript", "kind": "field", "scope": "App.onClick", "scopeKind": "class"}], "hash": "b55dd9e6a018e59207d8e277dffd9e11", "format-version": 4, "code-base-name": "universalinit", "filename": "src/universalinit/templates/react/src/App.js", "fields": [{"name": "aria-label={`Switch to ${theme === 'light' ? 'dark' : 'light'} mode`}", "scope": "App.aria", "scopeKind": "class", "description": "unavailable"}, {"name": "onClick={toggleTheme}", "scope": "App.onClick", "scopeKind": "class", "description": "unavailable"}], "revision_history": [{"1651": "1aee8ed1eca8330cc765b711c43546e90b04ff39"}]}