{"is_source_file": true, "format": "TypeScript", "description": "This file defines utility functions for external use in the project, including creating an empty array of a specified length and a simple greeting function.", "external_files": [], "external_methods": [], "published": ["emptyArray", "sayHello"], "classes": [], "methods": [{"name": "export function emptyArray<T>(length: number) { emptyArray", "description": "Creates and returns an array of a specified length with uninitialized elements.", "scope": "", "scopeKind": ""}, {"name": "export function sayHello() { sayHello", "description": "Logs a greeting message to the console.", "scope": "", "scopeKind": ""}], "calls": ["console.log"], "search-terms": ["external.ts", "utility functions", "emptyArray", "sayHello", "TypeScript"], "state": 2, "file_id": 561, "knowledge_revision": 1583, "git_revision": "1aee8ed1eca8330cc765b711c43546e90b04ff39", "ctags": [{"_type": "tag", "name": "emptyArray", "path": "/home/kavia/workspace/code-generation/universalinit/src/universalinit/templates/slidev/snippets/external.ts", "pattern": "/^export function emptyArray<T>(length: number) {$/", "language": "TypeScript", "kind": "function"}, {"_type": "tag", "name": "sayHello", "path": "/home/kavia/workspace/code-generation/universalinit/src/universalinit/templates/slidev/snippets/external.ts", "pattern": "/^export function sayHello() {$/", "language": "TypeScript", "kind": "function"}], "hash": "6852d3499277fe8ddaa5bfbad6507905", "format-version": 4, "code-base-name": "universalinit", "filename": "src/universalinit/templates/slidev/snippets/external.ts", "revision_history": [{"1583": "1aee8ed1eca8330cc765b711c43546e90b04ff39"}]}