{"is_source_file": true, "format": "TypeScript/TSX", "description": "This file defines a React component for the root layout in a Next.js application, including font imports, global styles, and metadata configuration.", "external_files": ["./globals.css"], "external_methods": [], "published": ["metadata"], "classes": [], "methods": [{"name": "RootLayout", "description": "React component rendering the HTML structure with fonts and children content."}], "calls": ["Geist", "Geist_Mono"], "search-terms": ["Next.js", "layout", "TypeScript", "React", "global styles", "font setup"], "state": 2, "file_id": 351, "knowledge_revision": 1371, "git_revision": "1aee8ed1eca8330cc765b711c43546e90b04ff39", "ctags": [], "hash": "5f8776fc8a71cd5f17746f7ac3672e84", "format-version": 4, "code-base-name": "universalinit", "filename": "src/universalinit/templates/nextjs/src/app/layout.tsx", "revision_history": [{"1371": "1aee8ed1eca8330cc765b711c43546e90b04ff39"}]}