{"is_source_file": true, "format": "JavaScript Module (ESM)", "description": "PostCSS configuration file for a Next.js project, specifying Tailwind CSS plugin.", "external_files": ["@tailwindcss/postcss"], "external_methods": [], "published": ["config"], "classes": [], "methods": [], "calls": ["export default config"], "search-terms": ["postcss.config.mjs", "PostCSS", "Tailwind CSS", "nextjs", "CSS plugin configuration"], "state": 2, "file_id": 411, "knowledge_revision": 1429, "git_revision": "1aee8ed1eca8330cc765b711c43546e90b04ff39", "hash": "675899342e765a4d16acd75a53389101", "format-version": 4, "code-base-name": "universalinit", "filename": "src/universalinit/templates/nextjs/postcss.config.mjs", "revision_history": [{"1429": "1aee8ed1eca8330cc765b711c43546e90b04ff39"}]}