{"is_source_file": true, "format": "TypeScript (TSX)", "description": "This file defines a React functional component for a video scene using Remotion. It includes schema validation with zod, animations with remotion's spring and interpolate, and composes visual elements like Logo, Title, and Subtitle with animation effects.", "external_files": ["./HelloWorld/Logo", "./HelloWorld/Subtitle", "./HelloWorld/Title", "@remotion/zod-types"], "external_methods": ["spring", "interpolate", "useCurrentFrame", "useVideoConfig"], "published": ["HelloWorld", "myCompSchema"], "classes": [], "methods": [{"name": "HelloWorld", "description": "React functional component that renders a animated scene including logo, title, and subtitle, with transition effects."}], "calls": ["spring", "interpolate", "useCurrentFrame", "useVideoConfig"], "search-terms": ["remotion", "HelloWorld", "logoColor1", "animation", "schema", "subtitle", "Title", "zod"], "state": 2, "file_id": 542, "knowledge_revision": 1562, "git_revision": "1aee8ed1eca8330cc765b711c43546e90b04ff39", "ctags": [], "hash": "006d9934bc460c136cdc7a9889c54c41", "format-version": 4, "code-base-name": "universalinit", "filename": "src/universalinit/templates/remotion/src/HelloWorld.tsx", "revision_history": [{"1562": "1aee8ed1eca8330cc765b711c43546e90b04ff39"}]}