{"is_source_file": true, "format": "JavaScript module (ESM, .mjs)", "description": "This file configures ESLint for a TypeScript project, specifying recommended rules, ignore patterns, and plugin configurations.", "external_files": ["@eslint/js", "@typescript-eslint/eslint-plugin", "@typescript-eslint/parser"], "external_methods": [], "published": ["default"], "classes": [], "methods": [], "calls": ["js.configs.recommended"], "search-terms": ["eslint", "typescript", "eslint-config", "parserOptions", "plugins", "rules", "ignore patterns", "typescript-eslint"], "state": 2, "file_id": 544, "knowledge_revision": 1560, "git_revision": "1aee8ed1eca8330cc765b711c43546e90b04ff39", "hash": "e07c5093c78842a4ba4667fc4b86ccee", "format-version": 4, "code-base-name": "universalinit", "filename": "src/universalinit/templates/typescript/eslint.config.mjs", "revision_history": [{"1560": "1aee8ed1eca8330cc765b711c43546e90b04ff39"}]}