{"is_source_file": true, "format": "JavaScript", "description": "This file serves as a middleware module index for a Node.js/JavaScript project, currently exporting an empty object intended for middleware functions to be added as the application develops.", "external_files": [], "external_methods": [], "published": ["module.exports"], "classes": [], "methods": [], "calls": [], "search-terms": ["middleware", "index.js", "exports", "Node.js", "JavaScript"], "state": 2, "file_id": 439, "knowledge_revision": 1456, "git_revision": "1aee8ed1eca8330cc765b711c43546e90b04ff39", "ctags": [], "hash": "e9169fe9b751451d433ec5c4d4734b4a", "format-version": 4, "code-base-name": "universalinit", "filename": "src/universalinit/templates/express/src/middleware/index.js", "revision_history": [{"1456": "1aee8ed1eca8330cc765b711c43546e90b04ff39"}]}