{"is_source_file": false, "format": "CSS", "description": "This file contains CSS styles for the 'gettingstarted' section of a web component or page, including layout, typography, and responsive design rules.", "external_files": [], "external_methods": [], "published": [], "classes": [], "methods": [], "calls": [], "search-terms": ["gettingstarted", "CSS styles", "responsive design", "layout", "web styles"], "state": 2, "file_id": 616, "knowledge_revision": 1629, "git_revision": "1aee8ed1eca8330cc765b711c43546e90b04ff39", "hash": "9a83818848f824f5462f2d45d17cf83c", "format-version": 4, "code-base-name": "universalinit", "filename": "src/universalinit/templates/qwik/src/components/starter/next-steps/next-steps.module.css", "revision_history": [{"1629": "1aee8ed1eca8330cc765b711c43546e90b04ff39"}]}