{"is_source_file": true, "format": "TypeScript", "description": "This is the main entry TypeScript file for a Remotion project, responsible for registering the root component.", "external_files": ["./Root"], "external_methods": ["registerRoot"], "published": ["registerRoot", "RemotionRoot"], "classes": [], "methods": [{"name": "registerRoot", "description": "Registers the root React component for the Remotion video rendering."}], "calls": ["registerRoot(RemotionRoot)"], "search-terms": ["remotion", "registerRoot", "RemotionRoot", "index.ts", "main entry"], "state": 2, "file_id": 575, "knowledge_revision": 1592, "git_revision": "1aee8ed1eca8330cc765b711c43546e90b04ff39", "ctags": [], "hash": "6c2ce436880cb16c98160769ed0f6150", "format-version": 4, "code-base-name": "universalinit", "filename": "src/universalinit/templates/remotion/src/index.ts", "revision_history": [{"1592": "1aee8ed1eca8330cc765b711c43546e90b04ff39"}]}