{"is_source_file": true, "format": "JavaScript", "description": "This file defines a HealthService class with a method to get the health status of the service, and exports an instance of this class.", "external_files": ["process"], "external_methods": ["process.env"], "published": [], "classes": [{"name": "HealthService", "description": "Provides a method to retrieve the health status of the service."}], "methods": [{"name": "getStatus()", "description": "Returns an object containing health status info including status, message, timestamp, and environment.", "scope": "HealthService", "scopeKind": "class"}], "calls": ["new Date().toISOString()"], "search-terms": ["HealthService", "getStatus", "health.js", "Status check", "service health"], "state": 2, "file_id": 515, "knowledge_revision": 1531, "git_revision": "1aee8ed1eca8330cc765b711c43546e90b04ff39", "ctags": [{"_type": "tag", "name": "HealthService", "path": "/home/kavia/workspace/code-generation/universalinit/src/universalinit/templates/express/src/services/health.js", "pattern": "/^class HealthService {$/", "language": "JavaScript", "kind": "class"}, {"_type": "tag", "name": "exports", "path": "/home/kavia/workspace/code-generation/universalinit/src/universalinit/templates/express/src/services/health.js", "pattern": "/^module.exports = new HealthService();$/", "language": "JavaScript", "kind": "variable", "scope": "module", "scopeKind": "class"}, {"_type": "tag", "name": "getStatus", "path": "/home/kavia/workspace/code-generation/universalinit/src/universalinit/templates/express/src/services/health.js", "pattern": "/^    getStatus() {$/", "language": "JavaScript", "kind": "method", "signature": "()", "scope": "HealthService", "scopeKind": "class"}], "hash": "dcfa21416da8734d1481f1ce9d7ffe4c", "format-version": 4, "code-base-name": "universalinit", "filename": "src/universalinit/templates/express/src/services/health.js", "fields": [{"name": "module.exports = new HealthService();", "scope": "module", "scopeKind": "class", "description": "unavailable"}], "revision_history": [{"1531": "1aee8ed1eca8330cc765b711c43546e90b04ff39"}]}