{"is_source_file": true, "format": "Python", "description": "This is a Django management command script that sets up environment variables and executes Django's command-line interface for administrative tasks.", "external_files": ["django.core.management"], "external_methods": ["django.core.management.execute_from_command_line"], "published": [], "classes": [], "methods": [{"name": "main()", "description": "Main function that sets environment variable for Django settings and executes management commands.", "scope": "", "scopeKind": ""}], "calls": ["django.core.management.execute_from_command_line"], "search-terms": ["manage.py", "Django", "management", "execute_from_command_line", "settings", "virtual environment", "manage.py script"], "state": 2, "file_id": 674, "knowledge_revision": 1691, "git_revision": "2028ea7a4a4843e6263708f2139ded60b9650606", "ctags": [{"_type": "tag", "name": "main", "path": "/home/kavia/workspace/code-generation/universalinit/src/universalinit/templates/django/manage.py", "pattern": "/^def main():$/", "language": "Python", "kind": "function", "signature": "()"}], "hash": "09ce28f22db4398409f377833475117f", "format-version": 4, "code-base-name": "universalinit", "filename": "src/universalinit/templates/django/manage.py", "revision_history": [{"1691": "2028ea7a4a4843e6263708f2139ded60b9650606"}]}