{"is_source_file": false, "format": "", "description": "", "external_files": [], "external_methods": [], "published": [], "classes": [], "methods": [], "calls": [], "search-terms": [], "state": 2, "file_id": 571, "knowledge_revision": 1586, "git_revision": "1aee8ed1eca8330cc765b711c43546e90b04ff39", "hash": "d001d53c059625c4bcf75bf5a7f3fcf0", "format-version": 4, "code-base-name": "universalinit", "filename": "src/universalinit/templates/react/package.json", "revision_history": [{"1586": "1aee8ed1eca8330cc765b711c43546e90b04ff39"}]}