{"is_source_file": true, "format": "Python", "description": "This file generates and saves the OpenAPI schema for a FastAPI application by calling the app.openapi() method and writing the schema to a JSON file in the 'interfaces' directory.", "external_files": ["src/api/main"], "external_methods": ["app.openapi()"], "published": [], "classes": [], "methods": [], "calls": ["app.openapi()", "os.makedirs", "os.path.join", "json.dump"], "search-terms": ["generate_openapi", "FastAPI", "openapi_schema", "write json", "schema file"], "state": 2, "file_id": 531, "knowledge_revision": 1560, "git_revision": "1aee8ed1eca8330cc765b711c43546e90b04ff39", "ctags": [{"_type": "tag", "name": "openapi_schema", "path": "/home/kavia/workspace/code-generation/universalinit/src/universalinit/templates/fastapi/src/api/generate_openapi.py", "pattern": "/^openapi_schema = app.openapi()$/", "language": "Python", "kind": "variable"}, {"_type": "tag", "name": "output_dir", "path": "/home/kavia/workspace/code-generation/universalinit/src/universalinit/templates/fastapi/src/api/generate_openapi.py", "pattern": "/^output_dir = \"interfaces\"$/", "language": "Python", "kind": "variable"}, {"_type": "tag", "name": "output_path", "path": "/home/kavia/workspace/code-generation/universalinit/src/universalinit/templates/fastapi/src/api/generate_openapi.py", "pattern": "/^output_path = os.path.join(output_dir, \"openapi.json\")$/", "language": "Python", "kind": "variable"}], "hash": "61e3715e79bc397fab3e70f503a41417", "format-version": 4, "code-base-name": "universalinit", "filename": "src/universalinit/templates/fastapi/src/api/generate_openapi.py", "fields": [{"name": "openapi_schema = app.openapi()", "scope": "", "scopeKind": "", "description": "unavailable"}, {"name": "output_dir = \"interfaces\"", "scope": "", "scopeKind": "", "description": "unavailable"}, {"name": "output_path = os.path.join(output_dir, \"openapi.json\")", "scope": "", "scopeKind": "", "description": "unavailable"}], "revision_history": [{"1560": "1aee8ed1eca8330cc765b711c43546e90b04ff39"}]}