{"is_source_file": false, "format": "", "description": "", "external_files": [], "external_methods": [], "published": [], "classes": [], "methods": [], "calls": [], "search-terms": [], "state": 2, "file_id": 191, "knowledge_revision": 582, "git_revision": "aa69f66299701fc97267fe090de8289037534011", "hash": "c6e1494f67c0a4aafea7dc776964f01c", "format-version": 4, "code-base-name": "universalinit", "filename": "src/universalinit/templates/nativescript/App_Resources/iOS/Assets.xcassets/LaunchScreen.AspectFill.imageset/Contents.json", "revision_history": [{"582": "aa69f66299701fc97267fe090de8289037534011"}]}