{"is_source_file": true, "format": "TypeScript React (TSX)", "description": "This file defines and exports a React functional component 'QwikLogo' that renders an SVG logo graphic. It includes customizable width and height properties.", "external_files": [], "external_methods": [], "published": ["QwikLogo"], "classes": [], "methods": [{"name": "QwikLogo", "description": "React functional component that returns an SVG element representing the Qwik logo with customizable dimensions."}], "calls": [], "search-terms": ["QwikLogo", "tsx", "svg logo", "Qwik"], "state": 2, "file_id": 385, "knowledge_revision": 1398, "git_revision": "1aee8ed1eca8330cc765b711c43546e90b04ff39", "ctags": [], "hash": "9ffa787253daf27259a195140f7728cf", "format-version": 4, "code-base-name": "universalinit", "filename": "src/universalinit/templates/qwik/src/components/starter/icons/qwik.tsx", "revision_history": [{"1398": "1aee8ed1eca8330cc765b711c43546e90b04ff39"}]}