{"is_source_file": true, "format": "JavaScript", "description": "This file defines a LightningJS component 'Loader' that displays a simple animated loading indicator with three circles fading in and out.", "external_files": ["@lightningjs/blits"], "external_methods": ["Blits.Component", "this.$setInterval"], "published": ["Loader"], "classes": [{"name": "Loader", "description": "A LightningJS component that shows an animated loading indicator with three circles fading in and out."}], "methods": [{"name": "start", "description": "Begins an interval that toggles the alpha property between 0 and 1 to animate the fade in/out effect of the circles."}], "calls": ["this.$setInterval"], "search-terms": ["LightningJS", "Loader component", "Loading indicator", "JS component template", "animation", "fade transition"], "state": 2, "file_id": 617, "knowledge_revision": 1647, "git_revision": "1aee8ed1eca8330cc765b711c43546e90b04ff39", "ctags": [], "hash": "0ec1151cdc25744075ba4da8e3d65407", "format-version": 4, "code-base-name": "universalinit", "filename": "src/universalinit/templates/lightningjs/src/components/Loader.js", "revision_history": [{"1647": "1aee8ed1eca8330cc765b711c43546e90b04ff39"}]}