{"is_source_file": false, "format": "", "description": "", "external_files": [], "external_methods": [], "published": [], "classes": [], "methods": [], "calls": [], "search-terms": [], "state": 2, "file_id": 406, "knowledge_revision": 1420, "git_revision": "1aee8ed1eca8330cc765b711c43546e90b04ff39", "hash": "b7b6c62c238b280e71c87322a54da455", "format-version": 4, "code-base-name": "universalinit", "filename": "src/universalinit/templates/typescript/config.yml", "revision_history": [{"1420": "1aee8ed1eca8330cc765b711c43546e90b04ff39"}]}