{"is_source_file": true, "format": "Python", "description": "Defines a Flask-based health check route using Flask's Blueprint and MethodView, providing an endpoint that returns a health status message.", "external_files": ["flask_smorest", "flask.views"], "external_methods": ["Blueprint", "MethodView"], "published": [], "classes": [{"name": "HealthCheck", "description": "A Flask view class that handles HTTP GET requests for the root endpoint to perform health checks."}], "methods": [{"name": "get(self)", "description": "Handles GET requests to return a health status message.", "scope": "HealthCheck", "scopeKind": "class"}], "calls": ["blp.route"], "search-terms": ["health", "Flask", "Blueprint", "MethodView", "health check route", "app/routes/health.py"], "state": 2, "file_id": 382, "knowledge_revision": 786, "git_revision": "fb468545716d822e1168b28a1e479198b7d414de", "ctags": [{"_type": "tag", "name": "HealthCheck", "path": "/home/kavia/workspace/code-generation/universalinit/src/universalinit/templates/flask/app/routes/health.py", "pattern": "/^class HealthCheck(MethodView):$/", "language": "Python", "kind": "class"}, {"_type": "tag", "name": "blp", "path": "/home/kavia/workspace/code-generation/universalinit/src/universalinit/templates/flask/app/routes/health.py", "pattern": "/^blp = Blueprint(\"Healt Check\", \"health check\", url_prefix=\"\\/\", description=\"Health check route\"/", "language": "Python", "kind": "variable"}, {"_type": "tag", "name": "get", "path": "/home/kavia/workspace/code-generation/universalinit/src/universalinit/templates/flask/app/routes/health.py", "pattern": "/^    def get(self):$/", "language": "Python", "kind": "member", "signature": "(self)", "scope": "HealthCheck", "scopeKind": "class"}], "hash": "5ccb26207c10cfd25878b9712bbd6409", "format-version": 4, "code-base-name": "universalinit", "filename": "src/universalinit/templates/flask/app/routes/health.py", "fields": [{"name": "blp = Blueprint(\"Healt Check\", \"health check\", url_prefix=\"\\/\", description=\"Health check route\"/", "scope": "", "scopeKind": "", "description": "unavailable"}], "revision_history": [{"786": "fb468545716d822e1168b28a1e479198b7d414de"}]}