{"is_source_file": true, "format": "TypeScript/TSX", "description": "This file is a server-side entry point for a Remix application, handling server requests, rendering React components to streams, and managing HTTP response headers.", "external_files": ["@remix-run/node", "@remix-run/react", "isbot", "react-dom/server"], "external_methods": ["createReadableStreamFromReadable", "renderToPipeableStream", "isbot"], "published": [], "classes": [], "methods": [{"name": "handleRequest", "description": "Main export that handles incoming server requests by routing bot and browser requests, setting necessary response headers, and managing streaming rendering."}, {"name": "handleBotRequest", "description": "Handles requests from bots/user-agents by rendering the React app to a stream and responding with the generated HTML."}, {"name": "handleBrowserRequest", "description": "Handles requests from browsers by rendering the React app to a stream and responding with the generated HTML."}], "calls": ["renderToPipeableStream", "createReadableStreamFromReadable", "isbot"], "search-terms": ["remix", "entry.server.tsx", "server-side rendering", "streaming response", "RemixServer", "handleRequest", "bot detection", "handleBotRequest", "handleBrowserRequest"], "state": 2, "file_id": 430, "knowledge_revision": 1454, "git_revision": "1aee8ed1eca8330cc765b711c43546e90b04ff39", "ctags": [], "hash": "ea3fdec8a39ab86ca67d22f9ecc48c65", "format-version": 4, "code-base-name": "universalinit", "filename": "src/universalinit/templates/remix/app/entry.server.tsx", "revision_history": [{"1454": "1aee8ed1eca8330cc765b711c43546e90b04ff39"}]}