{"is_source_file": true, "format": "Dart", "description": "This is the main entry point for a Flutter application, defining the primary widget tree, home page, and basic UI components.", "external_files": ["package:flutter/material.dart"], "external_methods": ["runApp", "MaterialApp", "ThemeData", "ColorScheme.fromSeed", "Colors.blue", "Theme.of"], "published": ["main", "MyApp", "MyHomePage", "_MyHomePageState"], "classes": [{"name": "MyApp", "description": "Root widget that sets up MaterialApp with theme and home page."}, {"name": "MyHomePage", "description": "Stateful widget serving as the home page with a dynamic title."}, {"name": "_MyHomePageState", "description": "State class managing the UI for MyHomePage, displaying a loading indicator."}], "methods": [{"name": "main", "description": "The main entry point that runs the Flutter app."}, {"name": "build", "description": "Build method for MyApp and _MyHomePageState, constructing the widget tree."}, {"name": "createState", "description": "Creates the mutable state for MyHomePage."}], "calls": ["runApp", "MaterialApp", "ThemeData", "ColorScheme.fromSeed", "Colors.blue", "Theme.of", "Scaffold", "AppBar", "Text", "Center", "Column", "SizedBox", "CircularProgressIndicator"], "search-terms": ["flutter main", "MaterialApp", "StatefulWidget", "StatelessWidget", "MyHomePage", "loading indicator", "app scaffold", "project name placeholder", "template Flutter app"], "state": 2, "file_id": 407, "knowledge_revision": 1430, "git_revision": "1aee8ed1eca8330cc765b711c43546e90b04ff39", "hash": "601e9fda3eb2a914ab8f872f256fe019", "format-version": 4, "code-base-name": "universalinit", "filename": "src/universalinit/templates/flutter/lib/main.dart", "revision_history": [{"1430": "1aee8ed1eca8330cc765b711c43546e90b04ff39"}]}