{"is_source_file": true, "format": "TypeScript", "description": "This file appears to be a main entry point for a web application built with Vite and TypeScript. It imports CSS and image assets, sets HTML content in a DOM element, and initializes a counter setup.", "external_files": ["./style.css", "./typescript.svg", "/vite.svg", "./counter.ts"], "external_methods": ["setupCounter"], "published": [], "classes": [], "methods": ["setupCounter"], "calls": ["setupCounter(document.querySelector<HTMLButtonElement>('#counter')!)"], "search-terms": ["main.ts", "Vite", "TypeScript", "counter", "web app entry point"], "state": 2, "file_id": 504, "knowledge_revision": 1528, "git_revision": "1aee8ed1eca8330cc765b711c43546e90b04ff39", "ctags": [], "hash": "9ae7fb6d204e0434b836ab83915f60d0", "format-version": 4, "code-base-name": "universalinit", "filename": "src/universalinit/templates/typescript/src/main.ts", "revision_history": [{"1528": "1aee8ed1eca8330cc765b711c43546e90b04ff39"}]}