{"is_source_file": true, "format": "TypeScript (TSX)", "description": "This file defines a React component that sets up multiple video compositions for the Remotion framework, referencing other components and schemas for video rendering.", "external_files": ["./HelloWorld", "./HelloWorld/Logo"], "external_methods": ["React.FC"], "published": ["RemotionRoot"], "classes": [], "methods": [{"name": "RemotionRoot", "description": "React functional component that renders multiple <Composition> components for video rendering setup."}], "calls": ["remotion.Composition"], "search-terms": ["Remotion", "Composition", "React.FC", "Root.tsx", "video compositions", "schema", "defaultProps", "React component"], "state": 2, "file_id": 600, "knowledge_revision": 1616, "git_revision": "1aee8ed1eca8330cc765b711c43546e90b04ff39", "ctags": [], "hash": "e7dd365e19e3e2c921953e942d5e0cad", "format-version": 4, "code-base-name": "universalinit", "filename": "src/universalinit/templates/remotion/src/Root.tsx", "revision_history": [{"1616": "1aee8ed1eca8330cc765b711c43546e90b04ff39"}]}