{"is_source_file": true, "format": "bash", "description": "A shell script for managing MySQL server initialization, startup, connection verification, and configuration. It checks if MySQL is running, initializes the database if necessary, starts the server, and sets up users and environment variables.", "external_files": ["db_connection.txt", "db_visualizer/mysql.env"], "external_methods": ["sudo mysqladmin ping", "sudo mysql --socket=... -e \"USE ${DB_NAME};\"", "pgrep", "mysql -u root -p... -h 127.0.0.1 -P ... -e \"SELECT 1;\"", "sudo mysql --socket=... -e \"SHOW VARIABLES LIKE 'port';\"", "sudo mysqld --initialize-insecure", "sudo mysqld"], "published": [], "classes": [], "methods": [], "calls": ["sudo mysqladmin ping", "sudo mysql --socket=... -e \"USE ${DB_NAME};\"", "pgrep -f \"mysqld.*--port=${DB_PORT}\"", "mysql -u root -p${DB_PASSWORD} -h 127.0.0.1 -P ${DB_PORT} -e \"SELECT 1;\"", "sudo mysql --socket=... -e \"SHOW VARIABLES LIKE 'port';\"", "sudo mysql --socket=... << EOF ... EOF", "cat db_connection.txt", "sleep 5", "sleep 2"], "search-terms": ["MySQL startup script", "MySQL initialization and setup", "MySQL port management", "Docker MySQL setup", "MySQL user configuration shell script"], "state": 2, "file_id": 558, "knowledge_revision": 1585, "git_revision": "1aee8ed1eca8330cc765b711c43546e90b04ff39", "hash": "ee15961aa0bd2f6ec7099cb4bae5cc4d", "format-version": 4, "code-base-name": "universalinit", "filename": "src/universalinit/templates/mysql/startup.sh", "revision_history": [{"1585": "1aee8ed1eca8330cc765b711c43546e90b04ff39"}]}