{"is_source_file": true, "format": "TypeScript/TSX", "description": "This file is a React-like component script written in TypeScript with JSX, defining the main index route with various imported components for a Qwik application, including UI components and static content.", "external_files": ["@builder.io/qwik", "@builder.io/qwik-city", "../components/starter/counter/counter", "../components/starter/hero/hero", "../components/starter/infobox/infobox", "../components/starter/next-steps/next-steps"], "external_methods": ["component$"], "published": ["head"], "classes": [], "methods": [{"name": "default", "description": "Default exported component function that renders the main page content."}], "calls": ["component$", "Counter", "Hero", "Infobox"], "search-terms": ["Qwik index route", "JSX React-like component", "Qwik components import", "index.tsx", "main page layout", "Qwik city"], "state": 2, "file_id": 577, "knowledge_revision": 1598, "git_revision": "1aee8ed1eca8330cc765b711c43546e90b04ff39", "ctags": [], "hash": "393ef3f8baffb6f954dc12583ec00959", "format-version": 4, "code-base-name": "universalinit", "filename": "src/universalinit/templates/qwik/src/routes/index.tsx", "revision_history": [{"1598": "1aee8ed1eca8330cc765b711c43546e90b04ff39"}]}