{"is_source_file": true, "format": "JavaScript module (.mjs)", "description": "This file defines ESLint configuration settings for a project, specifying rules and parser options for JavaScript and TypeScript files.", "external_files": ["@eslint/js", "globals", "typescript-eslint"], "external_methods": [], "published": [], "classes": [], "methods": [{"name": "default", "description": "Exports an array of ESLint configuration objects specifying rules for JavaScript and TypeScript files."}], "calls": [], "search-terms": ["eslint", "eslint.config", "typescript-eslint", "recommended", "rules", "ESLint configuration", "parserOptions", "file globs"], "state": 2, "file_id": 640, "knowledge_revision": 1657, "git_revision": "1aee8ed1eca8330cc765b711c43546e90b04ff39", "hash": "6eae6a40fd45c831d338e6b184ad821b", "format-version": 4, "code-base-name": "universalinit", "filename": "src/universalinit/templates/astro/eslint.config.mjs", "revision_history": [{"1657": "1aee8ed1eca8330cc765b711c43546e90b04ff39"}]}