{"is_source_file": true, "format": "Python", "description": "Source code for a command-line interface (CLI) for the Universal Project Initializer. The script handles argument parsing, project configuration creation, and invocation of project initialization routines, facilitating the setup of various project types based on user input.", "external_files": ["universalinit.templateconfig", "universalinit.universalinit"], "external_methods": ["TemplateInitInfo", "ProjectConfig", "ProjectType", "ProjectInitializer", "ProjectType.from_string"], "published": ["parse_parameters", "create_project_config", "make_path_absolute", "template_init_info_to_dict", "output_json", "main"], "classes": [], "methods": [{"name": "Dict[str,Any] parse_parameters(params_str: str)", "description": "Parses a string of comma-separated key=value pairs into a dictionary with appropriately typed values.", "scope": "", "scopeKind": ""}, {"name": "ProjectConfig create_project_config(args)", "description": "Creates a ProjectConfig instance from CLI arguments.", "scope": "", "scopeKind": ""}, {"name": "str make_path_absolute(path: str, base_path: Path)", "description": "Converts a relative path string to an absolute path based on a base directory.", "scope": "", "scopeKind": ""}, {"name": "dict template_init_info_to_dict(init_info: TemplateInitInfo, project_path: Path)", "description": "Serializes a TemplateInitInfo object into a dictionary with absolute paths for init files.", "scope": "", "scopeKind": ""}, {"name": "output_json(success: bool, message: str, template_info: TemplateInitInfo = None, project_path: Path = None)", "description": "Formats and prints a JSON response indicating success or failure of initialization.", "scope": "", "scopeKind": ""}, {"name": "main()", "description": "Main function that sets up argument parsing, initializes project configuration, and executes the project creation process.", "scope": "", "scopeKind": ""}], "calls": ["argparse.ArgumentParser", "ProjectType.from_string", "initializer.template_factory.create_template", "template.get_init_info", "initializer.initialize_project", "output_json"], "search-terms": ["universalinit.cli", "parse_parameters", "create_project_config", "template_init_info_to_dict", "initialize_project", "ProjectInitializer"], "state": 2, "file_id": 368, "knowledge_revision": 1394, "git_revision": "1aee8ed1eca8330cc765b711c43546e90b04ff39", "ctags": [{"_type": "tag", "name": "create_project_config", "path": "/home/kavia/workspace/code-generation/universalinit/src/universalinit/cli.py", "pattern": "/^def create_project_config(args) -> ProjectConfig:$/", "language": "Python", "typeref": "typename:ProjectConfig", "kind": "function", "signature": "(args)"}, {"_type": "tag", "name": "main", "path": "/home/kavia/workspace/code-generation/universalinit/src/universalinit/cli.py", "pattern": "/^def main():$/", "language": "Python", "kind": "function", "signature": "()"}, {"_type": "tag", "name": "make_path_absolute", "path": "/home/kavia/workspace/code-generation/universalinit/src/universalinit/cli.py", "pattern": "/^def make_path_absolute(path: str, base_path: Path) -> str:$/", "language": "Python", "typeref": "typename:str", "kind": "function", "signature": "(path: str, base_path: Path)"}, {"_type": "tag", "name": "output_json", "path": "/home/kavia/workspace/code-generation/universalinit/src/universalinit/cli.py", "pattern": "/^def output_json(success: bool, message: str, template_info: TemplateInitInfo = None, project_pat/", "language": "Python", "kind": "function", "signature": "(success: bool, message: str, template_info: TemplateInitInfo = None, project_path: Path = None)"}, {"_type": "tag", "name": "parse_parameters", "path": "/home/kavia/workspace/code-generation/universalinit/src/universalinit/cli.py", "pattern": "/^def parse_parameters(params_str: str) -> Dict[str, Any]:$/", "language": "Python", "typeref": "typename:Dict[str,Any]", "kind": "function", "signature": "(params_str: str)"}, {"_type": "tag", "name": "template_init_info_to_dict", "path": "/home/kavia/workspace/code-generation/universalinit/src/universalinit/cli.py", "pattern": "/^def template_init_info_to_dict(init_info: TemplateInitInfo, project_path: Path) -> dict:$/", "language": "Python", "typeref": "typename:dict", "kind": "function", "signature": "(init_info: TemplateInitInfo, project_path: Path)"}], "hash": "757b2e18b385e1a9f5ec0b4e7fc257e0", "format-version": 4, "code-base-name": "universalinit", "filename": "src/universalinit/cli.py", "revision_history": [{"1394": "1aee8ed1eca8330cc765b711c43546e90b04ff39"}]}