{"is_source_file": false, "format": "", "description": "", "external_files": [], "external_methods": [], "published": [], "classes": [], "methods": [], "calls": [], "search-terms": [], "state": 2, "file_id": 519, "knowledge_revision": 1531, "git_revision": "1aee8ed1eca8330cc765b711c43546e90b04ff39", "hash": "b7eb7090c9e98e66c186ee4a0b3a9741", "format-version": 4, "code-base-name": "universalinit", "filename": "src/universalinit/templates/svelte/README.md", "revision_history": [{"1531": "1aee8ed1eca8330cc765b711c43546e90b04ff39"}]}