{"is_source_file": true, "format": "JavaScript (Node.js Express)", "description": "This file sets up an Express.js server application with CORS support, Swagger UI documentation, route mounting, and error handling.", "external_files": ["./routes", "../swagger"], "external_methods": ["swaggerUi.serve", "swaggerUi.setup"], "published": ["app"], "classes": [], "methods": [{"name": "app.use", "description": "Middleware registration method used multiple times to set up CORS, Swagger UI, routes, and error handling."}], "calls": ["require('cors')", "require('express')", "require('./routes')", "require('../swagger')", "swaggerUi.serve", "swaggerUi.setup", "req.get('host')", "req.protocol", "req.socket.localPort", "swaggerUi.setup(dynamicSpec)", "express.json()", "routes", "console.error"], "search-terms": ["express app setup", "CORS middleware", "Swagger UI configuration", "route mounting", "error handling middleware"], "state": 2, "file_id": 400, "knowledge_revision": 1423, "git_revision": "1aee8ed1eca8330cc765b711c43546e90b04ff39", "ctags": [{"_type": "tag", "name": "app", "path": "/home/kavia/workspace/code-generation/universalinit/src/universalinit/templates/express/src/app.js", "pattern": "/^const app = express();$/", "language": "JavaScript", "kind": "constant"}, {"_type": "tag", "name": "cors", "path": "/home/kavia/workspace/code-generation/universalinit/src/universalinit/templates/express/src/app.js", "pattern": "/^const cors = require('cors');$/", "language": "JavaScript", "kind": "constant"}, {"_type": "tag", "name": "express", "path": "/home/kavia/workspace/code-generation/universalinit/src/universalinit/templates/express/src/app.js", "pattern": "/^const express = require('express');$/", "language": "JavaScript", "kind": "constant"}, {"_type": "tag", "name": "routes", "path": "/home/kavia/workspace/code-generation/universalinit/src/universalinit/templates/express/src/app.js", "pattern": "/^const routes = require('.\\/routes');$/", "language": "JavaScript", "kind": "constant"}, {"_type": "tag", "name": "swaggerSpec", "path": "/home/kavia/workspace/code-generation/universalinit/src/universalinit/templates/express/src/app.js", "pattern": "/^const swaggerSpec = require('..\\/swagger');$/", "language": "JavaScript", "kind": "constant"}, {"_type": "tag", "name": "swaggerUi", "path": "/home/kavia/workspace/code-generation/universalinit/src/universalinit/templates/express/src/app.js", "pattern": "/^const swaggerUi = require('swagger-ui-express');$/", "language": "JavaScript", "kind": "constant"}], "hash": "5df3172f6e958a99d255956f667b1de4", "format-version": 4, "code-base-name": "universalinit", "filename": "src/universalinit/templates/express/src/app.js", "revision_history": [{"1423": "1aee8ed1eca8330cc765b711c43546e90b04ff39"}]}