{"is_source_file": false, "format": "", "description": "", "external_files": [], "external_methods": [], "published": [], "classes": [], "methods": [], "calls": [], "search-terms": [], "state": 2, "file_id": 610, "knowledge_revision": 1617, "git_revision": "1aee8ed1eca8330cc765b711c43546e90b04ff39", "hash": "69cdc7c8ed2ccc70f197b8306003836d", "format-version": 4, "code-base-name": "universalinit", "filename": "src/universalinit/templates/slidev/README.md", "revision_history": [{"1617": "1aee8ed1eca8330cc765b711c43546e90b04ff39"}]}