{"is_source_file": true, "format": "TypeScript (TSX)", "description": "This file defines a Qwik component that renders an interactive flower generator with animated state changes, scoped styles, and URL parameter handling. It also sets the document head title.", "external_files": ["./flower.css?inline"], "external_methods": ["useStylesScoped$", "useLocation", "useStore", "useVisibleTask$", "component$"], "published": ["head"], "classes": [], "methods": [{"name": "component$", "description": "Main functional component that renders the flower generator UI."}], "calls": ["useStylesScoped$", "useLocation", "useStore", "useVisibleTask$", "component$", "setTimeout", "clearTimeout", "setInterval", "clearInterval"], "search-terms": ["Qwik component", "flower generator", "useStore", "useVisibleTask$", "CSS styling", "interactive range input", "URL search params", "scoped styles", "Qwik Head"], "state": 2, "file_id": 393, "knowledge_revision": 1418, "git_revision": "1aee8ed1eca8330cc765b711c43546e90b04ff39", "ctags": [], "hash": "2e6a607b7754724938912b649e3138c1", "format-version": 4, "code-base-name": "universalinit", "filename": "src/universalinit/templates/qwik/src/routes/demo/flower/index.tsx", "revision_history": [{"1418": "1aee8ed1eca8330cc765b711c43546e90b04ff39"}]}