{"is_source_file": true, "format": "TypeScript (TSX)", "description": "This file defines a React-like component using Qwik framework that renders a hero section with an image, heading, paragraph, and buttons including a confetti animation triggered on click.", "external_files": ["./hero.module.css", "../../../media/thunder.png?jsx", "https://cdn.jsdelivr.net/npm/canvas-confetti@1.5.1/dist/confetti.browser.min.js"], "external_methods": ["component$"], "published": [], "classes": [], "methods": [{"name": "loadConfetti", "description": "Dynamically loads the confetti library script if not already loaded and resolves with the confetti object."}, {"name": "shoot", "description": "Triggers multiple confetti bursts using the confetti library with preset defaults."}], "calls": ["component$", "document.createElement", "document.head.appendChild", "script.onload", "script.onerror", "setTimeout"], "search-terms": ["Qwik hero component", "confetti animation", "jsx image import", "confetti library dynamic load", "button click confetti"], "state": 2, "file_id": 570, "knowledge_revision": 1593, "git_revision": "1aee8ed1eca8330cc765b711c43546e90b04ff39", "ctags": [], "hash": "42d45447efa998ad31a8bf6cd455b5c1", "format-version": 4, "code-base-name": "universalinit", "filename": "src/universalinit/templates/qwik/src/components/starter/hero/hero.tsx", "revision_history": [{"1593": "1aee8ed1eca8330cc765b711c43546e90b04ff39"}]}