{"is_source_file": true, "format": "TypeScript declaration file (.d.ts)", "description": "Type declarations for the SvelteKit application, defining global interfaces within the App namespace.", "external_files": ["https://svelte.dev/docs/kit/types#app.d.ts"], "external_methods": [], "published": [], "classes": [], "methods": [], "calls": [], "search-terms": ["svelte", "app.d.ts", "TypeScript declaration", "SvelteKit global interfaces"], "state": 2, "file_id": 440, "knowledge_revision": 1459, "git_revision": "1aee8ed1eca8330cc765b711c43546e90b04ff39", "ctags": [{"_type": "tag", "name": "App", "path": "/home/kavia/workspace/code-generation/universalinit/src/universalinit/templates/svelte/src/app.d.ts", "pattern": "/^\tnamespace App {$/", "language": "TypeScript", "kind": "namespace"}], "hash": "78b56494b3f78d7f9bacda13678f159e", "format-version": 4, "code-base-name": "universalinit", "filename": "src/universalinit/templates/svelte/src/app.d.ts", "revision_history": [{"1459": "1aee8ed1eca8330cc765b711c43546e90b04ff39"}]}