{"is_source_file": true, "format": "Python", "description": "This file defines URL configurations for a Django project, including route patterns, schema view setup for API documentation (Swagger and ReDoc), and a function to generate full request URLs.", "external_files": ["django.contrib.admin", "django.urls", "rest_framework.permissions", "drf_yasg.views.get_schema_view", "drf_yasg.openapi", "django.views.decorators.csrf.csrf_exempt"], "external_methods": ["admin.site.urls", "include", "path", "re_path", "permissions.AllowAny", "get_schema_view", "openapi.Info", "csrf_exempt", "get_full_url"], "published": ["urlpatterns", "schema_view", "dynamic_schema_view"], "classes": [], "methods": [{"name": "get_full_url(request)", "description": "Generates the full URL based on the request's scheme, host, and optional forwarded port.", "scope": "", "scopeKind": ""}, {"name": "dynamic_schema_view(request, *args, **kwargs)", "description": "Creates a dynamic Swagger schema view with a URL based on the incoming request, serving as a Swagger UI endpoint.", "scope": "", "scopeKind": ""}], "calls": ["get_schema_view", "openapi.Info", "permissions.AllowAny", "schema_view.with_ui", "schema_view.without_ui", "get_full_url"], "search-terms": ["URL configuration", "Swagger schema view", "API documentation", "django URL patterns", "drf_yasg", "re_path with regex"], "state": 2, "file_id": 657, "knowledge_revision": 1681, "git_revision": "1aee8ed1eca8330cc765b711c43546e90b04ff39", "ctags": [{"_type": "tag", "name": "dynamic_schema_view", "path": "/home/kavia/workspace/code-generation/universalinit/src/universalinit/templates/django/config/urls.py", "pattern": "/^def dynamic_schema_view(request, *args, **kwargs):$/", "language": "Python", "kind": "function", "signature": "(request, *args, **kwargs)"}, {"_type": "tag", "name": "get_full_url", "path": "/home/kavia/workspace/code-generation/universalinit/src/universalinit/templates/django/config/urls.py", "pattern": "/^def get_full_url(request):$/", "language": "Python", "kind": "function", "signature": "(request)"}, {"_type": "tag", "name": "schema_view", "path": "/home/kavia/workspace/code-generation/universalinit/src/universalinit/templates/django/config/urls.py", "pattern": "/^schema_view = get_schema_view($/", "language": "Python", "kind": "variable"}, {"_type": "tag", "name": "urlpatterns", "path": "/home/kavia/workspace/code-generation/universalinit/src/universalinit/templates/django/config/urls.py", "pattern": "/^urlpatterns = [$/", "language": "Python", "kind": "variable"}], "hash": "482cd4ea609c28e217819d5339030112", "format-version": 4, "code-base-name": "universalinit", "filename": "src/universalinit/templates/django/config/urls.py", "fields": [{"name": "schema_view = get_schema_view(", "scope": "", "scopeKind": "", "description": "unavailable"}, {"name": "urlpatterns = [", "scope": "", "scopeKind": "", "description": "unavailable"}], "revision_history": [{"1681": "1aee8ed1eca8330cc765b711c43546e90b04ff39"}]}