{"is_source_file": true, "format": "Python", "description": "This is a WSGI configuration file for a Django project, which sets up the WSGI application callable for deployment.", "external_files": ["django.core.wsgi", "config.settings"], "external_methods": ["django.core.wsgi.get_wsgi_application"], "published": ["application"], "classes": [], "methods": [{"name": "get_wsgi_application", "description": "Returns the WSGI application callable used by Django's server."}], "calls": ["django.core.wsgi.get_wsgi_application"], "search-terms": ["WSGI", "Django", "application", "wsgi", "settings"], "state": 2, "file_id": 80, "knowledge_revision": 473, "git_revision": "2028ea7a4a4843e6263708f2139ded60b9650606", "ctags": [{"_type": "tag", "name": "application", "path": "/home/kavia/workspace/code-generation/universalinit/src/universalinit/templates/django/config/wsgi.py", "pattern": "/^application = get_wsgi_application()$/", "language": "Python", "kind": "variable"}], "hash": "412e3606d946f0fb4dbc98443c4cf8bb", "format-version": 4, "code-base-name": "universalinit", "filename": "src/universalinit/templates/django/config/wsgi.py", "fields": [{"name": "application = get_wsgi_application()", "scope": "", "scopeKind": "", "description": "unavailable"}], "revision_history": [{"473": "2028ea7a4a4843e6263708f2139ded60b9650606"}]}