{"is_source_file": true, "format": "TypeScript (TSX)", "description": "This file defines a React functional component 'HelloWorld' along with associated schemas and imports for animation sequences using remotion. It manages animated transitions, style interpolations, and composition of subcomponents for video rendering.", "external_files": ["remotion", "./HelloWorld/Logo", "./HelloWorld/Subtitle", "./HelloWorld/Title", "@remotion/zod-types"], "external_methods": ["spring", "AbsoluteFill", "interpolate", "Sequence", "useCurrentFrame", "useVideoConfig"], "published": ["myCompSchema", "HelloWorld"], "classes": [], "methods": [{"name": "HelloWorld", "description": "React functional component that renders an animated video scene with logo, title, and subtitle, using remotion's animation hooks and interpolations."}], "calls": ["spring", "interpolate", "useCurrentFrame", "useVideoConfig"], "search-terms": ["remotion", "HelloWorld", "animation", "interpolate", "spring", " subtitle", "logo", "React.FC", "video config"], "state": 2, "file_id": 516, "knowledge_revision": 1544, "git_revision": "1aee8ed1eca8330cc765b711c43546e90b04ff39", "ctags": [], "hash": "006d9934bc460c136cdc7a9889c54c41", "format-version": 4, "code-base-name": "universalinit", "filename": "src/universalinit/templates/remotion/src/HelloWorld.tsx", "revision_history": [{"1544": "1aee8ed1eca8330cc765b711c43546e90b04ff39"}]}