{"is_source_file": true, "format": "JavaScript", "description": "This file defines an Express router for handling the root ('/') GET request, primarily serving as a health check endpoint. It imports express and a healthController, sets up a route, and exports the router.", "external_files": ["../controllers/health"], "external_methods": ["healthController.check"], "published": ["router"], "classes": [], "methods": [{"name": "check", "description": "Method of healthController invoked on GET '/' to perform a health check."}], "calls": ["express.Router", "healthController.check.bind"], "search-terms": ["routes", "health check endpoint", "express", "router", "index.js", "healthController"], "state": 2, "file_id": 572, "knowledge_revision": 1591, "git_revision": "1aee8ed1eca8330cc765b711c43546e90b04ff39", "ctags": [{"_type": "tag", "name": "express", "path": "/home/kavia/workspace/code-generation/universalinit/src/universalinit/templates/express/src/routes/index.js", "pattern": "/^const express = require('express');$/", "language": "JavaScript", "kind": "constant"}, {"_type": "tag", "name": "healthController", "path": "/home/kavia/workspace/code-generation/universalinit/src/universalinit/templates/express/src/routes/index.js", "pattern": "/^const healthController = require('..\\/controllers\\/health');$/", "language": "JavaScript", "kind": "constant"}, {"_type": "tag", "name": "router", "path": "/home/kavia/workspace/code-generation/universalinit/src/universalinit/templates/express/src/routes/index.js", "pattern": "/^const router = express.Router();$/", "language": "JavaScript", "kind": "constant"}], "hash": "65440e156977076adec2544b5e71e9b6", "format-version": 4, "code-base-name": "universalinit", "filename": "src/universalinit/templates/express/src/routes/index.js", "revision_history": [{"1591": "1aee8ed1eca8330cc765b711c43546e90b04ff39"}]}