{"is_source_file": true, "format": "TypeScript/TSX", "description": "This file defines a React-like component for rendering a gauge visualization using SVG, built with the Qwik framework. It accepts an optional value parameter to determine the gauge's fill level and uses CSS modules for styling.", "external_files": ["./gauge.module.css", "@builder.io/qwik"], "external_methods": ["component$"], "published": ["default"], "classes": [], "methods": [{"name": "anonymous", "description": "Functional component accepting a 'value' prop, rendering an SVG gauge with color gradient and dynamic stroke dash array based on 'value'."}], "calls": ["component$"], "search-terms": ["Qwik gauge component", "SVG progress circle", "linearGradient SVG", "Gauge visualization", "TypeScript React component"], "state": 2, "file_id": 412, "knowledge_revision": 1429, "git_revision": "1aee8ed1eca8330cc765b711c43546e90b04ff39", "ctags": [], "hash": "27f4579126cf32b622a56b0aff87aafc", "format-version": 4, "code-base-name": "universalinit", "filename": "src/universalinit/templates/qwik/src/components/starter/gauge/index.tsx", "revision_history": [{"1429": "1aee8ed1eca8330cc765b711c43546e90b04ff39"}]}