{"is_source_file": false, "format": "", "description": "", "external_files": [], "external_methods": [], "published": [], "classes": [], "methods": [], "calls": [], "search-terms": [], "state": 2, "file_id": 392, "knowledge_revision": 1411, "git_revision": "1aee8ed1eca8330cc765b711c43546e90b04ff39", "ctags": [{"_type": "tag", "name": "app", "path": "/home/kavia/workspace/code-generation/universalinit/src/universalinit/templates/angular/src/app/app.component.spec.ts", "pattern": "/^    const app = fixture.componentInstance;$/", "language": "TypeScript", "kind": "constant"}, {"_type": "tag", "name": "compiled", "path": "/home/kavia/workspace/code-generation/universalinit/src/universalinit/templates/angular/src/app/app.component.spec.ts", "pattern": "/^    const compiled = fixture.nativeElement as HTMLElement;$/", "language": "TypeScript", "kind": "constant"}, {"_type": "tag", "name": "fixture", "path": "/home/kavia/workspace/code-generation/universalinit/src/universalinit/templates/angular/src/app/app.component.spec.ts", "pattern": "/^    const fixture = TestBed.createComponent(AppComponent);$/", "language": "TypeScript", "kind": "constant"}], "hash": "5bff32fedc85513ebb007e779659ab1b", "format-version": 4, "code-base-name": "universalinit", "filename": "src/universalinit/templates/angular/src/app/app.component.spec.ts", "revision_history": [{"1411": "1aee8ed1eca8330cc765b711c43546e90b04ff39"}]}