{"is_source_file": true, "format": "Python", "description": "This file defines a Flask route for a health check endpoint, using Flask-Smorest and MethodView.", "external_files": ["flask_smorest", "flask.views"], "external_methods": [], "published": ["blp"], "classes": [{"name": "HealthCheck", "description": "A Flask MethodView class providing the health check endpoint at '/'"}], "methods": [{"name": "get(self)", "description": "Handles GET requests to the health check endpoint, returning a simple health status message.", "scope": "HealthCheck", "scopeKind": "class"}], "calls": ["blp.route"], "search-terms": ["health", "flask", "MethodView", "flask_smorest", "Blueprint", "/"], "state": 2, "file_id": 499, "knowledge_revision": 1522, "git_revision": "1aee8ed1eca8330cc765b711c43546e90b04ff39", "ctags": [{"_type": "tag", "name": "HealthCheck", "path": "/home/kavia/workspace/code-generation/universalinit/src/universalinit/templates/flask/app/routes/health.py", "pattern": "/^class HealthCheck(MethodView):$/", "language": "Python", "kind": "class"}, {"_type": "tag", "name": "blp", "path": "/home/kavia/workspace/code-generation/universalinit/src/universalinit/templates/flask/app/routes/health.py", "pattern": "/^blp = Blueprint(\"Healt Check\", \"health check\", url_prefix=\"\\/\", description=\"Health check route\"/", "language": "Python", "kind": "variable"}, {"_type": "tag", "name": "get", "path": "/home/kavia/workspace/code-generation/universalinit/src/universalinit/templates/flask/app/routes/health.py", "pattern": "/^    def get(self):$/", "language": "Python", "kind": "member", "signature": "(self)", "scope": "HealthCheck", "scopeKind": "class"}], "hash": "5ccb26207c10cfd25878b9712bbd6409", "format-version": 4, "code-base-name": "universalinit", "filename": "src/universalinit/templates/flask/app/routes/health.py", "fields": [{"name": "blp = Blueprint(\"Healt Check\", \"health check\", url_prefix=\"\\/\", description=\"Health check route\"/", "scope": "", "scopeKind": "", "description": "unavailable"}], "revision_history": [{"1522": "1aee8ed1eca8330cc765b711c43546e90b04ff39"}]}