{"is_source_file": false, "format": "", "description": "", "external_files": [], "external_methods": [], "published": [], "classes": [], "methods": [], "calls": [], "search-terms": [], "state": 2, "file_id": 519, "knowledge_revision": 1534, "git_revision": "1aee8ed1eca8330cc765b711c43546e90b04ff39", "hash": "c0714a9935b24e3978d24c313505ee08", "format-version": 4, "code-base-name": "universalinit", "filename": "src/universalinit/templates/lightningjs/docs/transitions_animations_transitions.md", "revision_history": [{"1534": "1aee8ed1eca8330cc765b711c43546e90b04ff39"}]}