{"is_source_file": true, "format": "JavaScript/ECMAScript Module (.mjs)", "description": "This file is an ESLint configuration module that sets linting rules and parser options for TypeScript and JavaScript files in a project.", "external_files": ["@typescript-eslint/eslint-plugin", "@typescript-eslint/parser"], "external_methods": [], "published": [], "classes": [], "methods": [{"name": "default export", "description": "Exports an array of configuration objects for ESLint, defining rules and parser options for both TypeScript and JavaScript files."}], "calls": ["import", "typescritpt ESLint plugin", "typescript-eslint parser"], "search_terms": ["eslint", "typescript", "eslint.config.mjs", "typescript-eslint", "parser", "rules", "files", "plugins"], "state": 2, "file_id": 604, "knowledge_revision": 1618, "git_revision": "1aee8ed1eca8330cc765b711c43546e90b04ff39", "hash": "02cd7331bca35b47f30dcc5eb38213b4", "format-version": 4, "code-base-name": "universalinit", "filename": "src/universalinit/templates/remotion/eslint.config.mjs", "search-terms": [], "revision_history": [{"1618": "1aee8ed1eca8330cc765b711c43546e90b04ff39"}]}