{"is_source_file": true, "format": "TypeScript (TSX)", "description": "This file defines the root component of a Qwik-based web application, setting up providers, head elements, and routing outlets.", "external_files": ["@builder.io/qwik", "@builder.io/qwik", "@builder.io/qwik-city", "./components/router-head/router-head"], "external_methods": ["component$", "isDev"], "published": ["default"], "classes": [], "methods": [{"name": "component$", "description": "Defines a reactive component in Qwik with the given render function."}], "calls": ["component$", "isDev", "QwikCityProvider", "RouterOutlet", "ServiceWorkerRegister", "RouterHead"], "search-terms": ["QwikCityProvider", "router-head", "root.tsx", "service worker", "Qwik", "src"], "state": 2, "file_id": 412, "knowledge_revision": 1435, "git_revision": "1aee8ed1eca8330cc765b711c43546e90b04ff39", "ctags": [], "hash": "9bbf0df29be90ef336ed559eb7c371c7", "format-version": 4, "code-base-name": "universalinit", "filename": "src/universalinit/templates/qwik/src/root.tsx", "revision_history": [{"1435": "1aee8ed1eca8330cc765b711c43546e90b04ff39"}]}