{"is_source_file": false, "format": "", "description": "", "external_files": [], "external_methods": [], "published": [], "classes": [], "methods": [], "calls": [], "search-terms": [], "state": 2, "file_id": 151, "knowledge_revision": 549, "git_revision": "bf8e83a03386cc13b14f840fc39dc9004aad1478", "ctags": [], "hash": "6eb92fd414414a40070b58e5d8a439c7", "format-version": 4, "code-base-name": "universalinit", "filename": "src/universalinit/templates/qwik/qwik.env.d.ts", "revision_history": [{"549": "bf8e83a03386cc13b14f840fc39dc9004aad1478"}]}