{"is_source_file": true, "format": "ESM JavaScript Module (.mjs)", "description": "This file is an ESLint configuration written in JavaScript, setting up linting rules, plugins, and ignoring specific files and directories for a project that appears to involve TypeScript and frontend development.", "external_files": ["@eslint/js", "@typescript-eslint/eslint-plugin", "@typescript-eslint/parser"], "external_methods": [], "published": [], "classes": [], "methods": [{"name": "default export", "description": "Exports an array configuring ESLint, including recommended settings, ignore patterns, and language-specific options for TypeScript files."}], "calls": ["js.configs.recommended", "tseslint", "tsParser"], "search-terms": ["eslint", "typescript", "configuration", "ignore", "typescript-eslint", "vite", "eslint.config.mjs", "eslint", "plugins"], "state": 2, "file_id": 493, "knowledge_revision": 1514, "git_revision": "1aee8ed1eca8330cc765b711c43546e90b04ff39", "hash": "e07c5093c78842a4ba4667fc4b86ccee", "format-version": 4, "code-base-name": "universalinit", "filename": "src/universalinit/templates/vite/eslint.config.mjs", "revision_history": [{"1514": "1aee8ed1eca8330cc765b711c43546e90b04ff39"}]}