{"is_source_file": true, "format": "JavaScript/ECMAScript Module (mjs)", "description": "Configuration file for ESLint, defining rules and settings for JavaScript and TypeScript files within a Nuxt.js project.", "external_files": ["@eslint/js", "globals", "typescript-eslint"], "external_methods": [], "published": [], "classes": [], "methods": [{"name": "default", "description": "Exported configuration array for ESLint, combining recommended settings, ignore patterns, and custom rules for TypeScript and JavaScript files."}], "calls": ["js.configs.recommended", "...tseslint.configs.recommended"], "search-terms": ["eslint", "eslint.config.mjs", "nuxt", "typescript-eslint", "globals", "eslint rules", "config files", "typescript"], "state": 2, "file_id": 496, "knowledge_revision": 1516, "git_revision": "1aee8ed1eca8330cc765b711c43546e90b04ff39", "hash": "6bbf88a99fa9b1a0d3b508e69c6e2f4f", "format-version": 4, "code-base-name": "universalinit", "filename": "src/universalinit/templates/nuxt/eslint.config.mjs", "revision_history": [{"1516": "1aee8ed1eca8330cc765b711c43546e90b04ff39"}]}