{"is_source_file": true, "format": "JavaScript", "description": "This file generates an OpenAPI specification JSON file by serializing the 'swaggerSpec' object and saving it to the file system.", "external_files": ["./swagger"], "external_methods": ["require('fs')", "require('path')"], "published": [], "classes": [], "methods": [{"name": "fs.writeFileSync", "description": "Synchronous method to write data to a file, creating the file if it does not exist."}], "calls": ["fs.existsSync", "fs.mkdirSync", "fs.writeFileSync", "path.join"], "search-terms": ["generate_openapi", "swaggerSpec", "writeFileSync", "openapi.json", "interfaces"], "state": 2, "file_id": 575, "knowledge_revision": 1604, "git_revision": "1aee8ed1eca8330cc765b711c43546e90b04ff39", "ctags": [{"_type": "tag", "name": "fs", "path": "/home/kavia/workspace/code-generation/universalinit/src/universalinit/templates/express/generate_openapi.js", "pattern": "/^const fs = require('fs');$/", "language": "JavaScript", "kind": "constant"}, {"_type": "tag", "name": "outputDir", "path": "/home/kavia/workspace/code-generation/universalinit/src/universalinit/templates/express/generate_openapi.js", "pattern": "/^const outputDir = path.join(__dirname, 'interfaces');$/", "language": "JavaScript", "kind": "constant"}, {"_type": "tag", "name": "outputPath", "path": "/home/kavia/workspace/code-generation/universalinit/src/universalinit/templates/express/generate_openapi.js", "pattern": "/^const outputPath = path.join(outputDir, 'openapi.json');$/", "language": "JavaScript", "kind": "constant"}, {"_type": "tag", "name": "path", "path": "/home/kavia/workspace/code-generation/universalinit/src/universalinit/templates/express/generate_openapi.js", "pattern": "/^const path = require('path');$/", "language": "JavaScript", "kind": "constant"}, {"_type": "tag", "name": "swaggerSpec", "path": "/home/kavia/workspace/code-generation/universalinit/src/universalinit/templates/express/generate_openapi.js", "pattern": "/^const swaggerSpec = require('.\\/swagger');$/", "language": "JavaScript", "kind": "constant"}], "hash": "55a8452439ff8971a692025b12dc20dc", "format-version": 4, "code-base-name": "universalinit", "filename": "src/universalinit/templates/express/generate_openapi.js", "revision_history": [{"1604": "1aee8ed1eca8330cc765b711c43546e90b04ff39"}]}