{"is_source_file": true, "format": "TypeScript/TSX", "description": "This file defines a React functional component named 'Subtitle' that displays animated subtitle text in a Remotion video project. It imports React, Remotion functions, and constants, and uses inline styles and interpolation based on the current frame to animate opacity.", "external_files": ["./constants"], "external_methods": ["useCurrentFrame", "interpolate"], "published": ["Subtitle"], "classes": [], "methods": [{"name": "Subtitle", "description": "React functional component that renders a subtitle with animated opacity based on current frame."}], "calls": ["useCurrentFrame()", "interpolate(frame, [0, 30], [0, 1])"], "search-terms": ["React", "Subtitle", "Remotion", "useCurrentFrame", "interpolate", "CSSProperties", "animation", "TSX"], "state": 2, "file_id": 469, "knowledge_revision": 1487, "git_revision": "1aee8ed1eca8330cc765b711c43546e90b04ff39", "ctags": [], "hash": "a4a6f5bec7582a30b3d43db862a5acf7", "format-version": 4, "code-base-name": "universalinit", "filename": "src/universalinit/templates/remotion/src/HelloWorld/Subtitle.tsx", "revision_history": [{"1487": "1aee8ed1eca8330cc765b711c43546e90b04ff39"}]}