{"is_source_file": true, "format": "TypeScript", "description": "This file serves as the main entry point for a web application built with Vite and TypeScript. It imports CSS and image assets, sets up HTML content in the DOM, and calls an external function setupCounter to initialize a counter button.", "external_files": ["./style.css", "./typescript.svg", "/vite.svg", "./counter.ts"], "external_methods": ["setupCounter"], "published": [], "classes": [], "methods": [{"name": "setupCounter", "description": "Initializes and sets up event handling for the counter button element."}], "calls": ["setupCounter(document.querySelector<HTMLButtonElement>('#counter')!)"], "search-terms": ["main.ts", "Vite", "TypeScript", "setupCounter", "HTML injection", "Initial DOM setup"], "state": 2, "file_id": 611, "knowledge_revision": 1635, "git_revision": "1aee8ed1eca8330cc765b711c43546e90b04ff39", "ctags": [], "hash": "9ae7fb6d204e0434b836ab83915f60d0", "format-version": 4, "code-base-name": "universalinit", "filename": "src/universalinit/templates/typescript/src/main.ts", "revision_history": [{"1635": "1aee8ed1eca8330cc765b711c43546e90b04ff39"}]}