{"is_source_file": true, "format": "JavaScript/ECMAScript Module (.mjs)", "description": "This file is a configuration script for ESLint, a JavaScript/TypeScript linter, exporting an array of configuration objects including recommended rules, ignore patterns, and language-specific settings.", "external_files": ["@eslint/js", "@typescript-eslint/eslint-plugin", "@typescript-eslint/parser"], "external_methods": [], "published": [], "classes": [], "methods": [{"name": "default export", "description": "Exports an array of ESLint configuration objects defining rules, ignored files, and language options."}], "calls": ["js.configs.recommended", "tseslint", "tsParser"], "search-terms": ["eslint", "typescript", "eslint.config.mjs", "typescript-eslint", "lint configuration", "ESLint plugins"], "state": 2, "file_id": 416, "knowledge_revision": 1431, "git_revision": "1aee8ed1eca8330cc765b711c43546e90b04ff39", "hash": "e07c5093c78842a4ba4667fc4b86ccee", "format-version": 4, "code-base-name": "universalinit", "filename": "src/universalinit/templates/vite/eslint.config.mjs", "revision_history": [{"1431": "1aee8ed1eca8330cc765b711c43546e90b04ff39"}]}