{"is_source_file": true, "format": "TypeScript", "description": "This file sets up a simple web page using Vite and TypeScript, including HTML content and event listener setup.", "external_files": ["./style.css", "./typescript.svg", "/vite.svg", "./counter.ts"], "external_methods": ["setupCounter"], "published": [], "classes": [], "methods": [{"name": "setupCounter", "description": "Initializes a counter button functionality, presumably attaching event listeners."}], "calls": ["document.querySelector", "setupCounter"], "search-terms": ["main.ts", "Vite", "TypeScript", "counter", "setupCounter", "logo", "web page setup", "HTML innerHTML"], "state": 2, "file_id": 501, "knowledge_revision": 1528, "git_revision": "1aee8ed1eca8330cc765b711c43546e90b04ff39", "ctags": [], "hash": "9ae7fb6d204e0434b836ab83915f60d0", "format-version": 4, "code-base-name": "universalinit", "filename": "src/universalinit/templates/typescript/src/main.ts", "revision_history": [{"1528": "1aee8ed1eca8330cc765b711c43546e90b04ff39"}]}