{"is_source_file": true, "format": "TypeScript/TSX", "description": "This file defines a Qwik React component named 'Infobox' that renders a styled container with optional titled slot and default slot.", "external_files": ["@builder.io/qwik", "./infobox.module.css"], "external_methods": ["component$", "Slot"], "published": [], "classes": [], "methods": [{"name": "default", "description": "A Qwik component that renders a styled infobox with optional title slot."}], "calls": ["component$", "Slot"], "search-terms": ["Qwik", "tsx", "Infobox", "component", "Slot", "starter", "infobox"], "state": 2, "file_id": 631, "knowledge_revision": 1654, "git_revision": "1aee8ed1eca8330cc765b711c43546e90b04ff39", "ctags": [], "hash": "e550dea120857ece5cc0d3ded5ee4bdd", "format-version": 4, "code-base-name": "universalinit", "filename": "src/universalinit/templates/qwik/src/components/starter/infobox/infobox.tsx", "revision_history": [{"1654": "1aee8ed1eca8330cc765b711c43546e90b04ff39"}]}