{"is_source_file": true, "format": "Python", "description": "This file generates and saves the OpenAPI schema for a FastAPI application to a JSON file.", "external_files": ["src/api/main.py"], "external_methods": ["src.api.main.app.openapi"], "published": [], "classes": [], "methods": [], "calls": ["src.api.main.app.openapi", "os.makedirs", "os.path.join", "json.dump"], "search-terms": ["generate_openapi", "fastapi", "openapi_schema", "json.dump"], "state": 2, "file_id": 355, "knowledge_revision": 754, "git_revision": "38e597a792e203a72a81c6cb81ae89588a26e57f", "ctags": [{"_type": "tag", "name": "openapi_schema", "path": "/home/kavia/workspace/code-generation/universalinit/src/universalinit/templates/fastapi/src/api/generate_openapi.py", "pattern": "/^openapi_schema = app.openapi()$/", "language": "Python", "kind": "variable"}, {"_type": "tag", "name": "output_dir", "path": "/home/kavia/workspace/code-generation/universalinit/src/universalinit/templates/fastapi/src/api/generate_openapi.py", "pattern": "/^output_dir = \"interfaces\"$/", "language": "Python", "kind": "variable"}, {"_type": "tag", "name": "output_path", "path": "/home/kavia/workspace/code-generation/universalinit/src/universalinit/templates/fastapi/src/api/generate_openapi.py", "pattern": "/^output_path = os.path.join(output_dir, \"openapi.json\")$/", "language": "Python", "kind": "variable"}], "hash": "61e3715e79bc397fab3e70f503a41417", "format-version": 4, "code-base-name": "universalinit", "filename": "src/universalinit/templates/fastapi/src/api/generate_openapi.py", "fields": [{"name": "openapi_schema = app.openapi()", "scope": "", "scopeKind": "", "description": "unavailable"}, {"name": "output_dir = \"interfaces\"", "scope": "", "scopeKind": "", "description": "unavailable"}, {"name": "output_path = os.path.join(output_dir, \"openapi.json\")", "scope": "", "scopeKind": "", "description": "unavailable"}], "revision_history": [{"754": "38e597a792e203a72a81c6cb81ae89588a26e57f"}]}