{"is_source_file": false, "format": "", "description": "", "external_files": [], "external_methods": [], "published": [], "classes": [], "methods": [], "calls": [], "search-terms": [], "state": 2, "file_id": 385, "knowledge_revision": 1392, "git_revision": "1aee8ed1eca8330cc765b711c43546e90b04ff39", "hash": "a88a471f435da6e3fe5e31affcd559af", "format-version": 4, "code-base-name": "universalinit", "filename": "src/universalinit/templates/angular/tsconfig.app.json", "revision_history": [{"1392": "1aee8ed1eca8330cc765b711c43546e90b04ff39"}]}