{"is_source_file": false, "format": "", "description": "", "external_files": [], "external_methods": [], "published": [], "classes": [], "methods": [], "calls": [], "search-terms": [], "state": 2, "file_id": 554, "knowledge_revision": 1571, "git_revision": "1aee8ed1eca8330cc765b711c43546e90b04ff39", "ctags": [], "hash": "0352474ba2918efe13895edbc3780d94", "format-version": 4, "code-base-name": "universalinit", "filename": "src/universalinit/templates/typescript/src/vite-env.d.ts", "revision_history": [{"1571": "1aee8ed1eca8330cc765b711c43546e90b04ff39"}]}