{"is_source_file": true, "format": "XML", "description": "This file defines styles and themes for an Android application, including custom styles for date and time pickers, themes, and toolbar styling within an Android resource XML layout.", "external_files": [], "external_methods": [], "published": ["AppThemeBase21", "AppTheme", "SpinnerDatePicker", "SpinnerTimePicker", "NativeScriptToolbarStyle"], "classes": [], "methods": [], "calls": [], "search-terms": ["styles.xml", "Android styles", "themes", "SpinnerDatePicker", "SpinnerTimePicker", "NativeScriptToolbarStyle", "Android resource styles"], "state": 2, "file_id": 388, "knowledge_revision": 1407, "git_revision": "1aee8ed1eca8330cc765b711c43546e90b04ff39", "hash": "a03b94a12ce4e5c605b5ce4a3f188aab", "format-version": 4, "code-base-name": "universalinit", "filename": "src/universalinit/templates/nativescript/App_Resources/Android/src/main/res/values-v21/styles.xml", "revision_history": [{"1407": "1aee8ed1eca8330cc765b711c43546e90b04ff39"}]}