{"is_source_file": true, "format": "Markdown", "description": "This file is a markdown documentation page explaining the usage of the 'for loop' directive in LightningJS (or a similar templating system). It provides detailed explanations, syntax, examples, and best practices for using the 'for' directive in component templates.", "external_files": ["./../directives.html"], "external_methods": [], "published": [], "classes": [], "methods": [], "calls": [], "search-terms": ["LightningJS", "for loop directive", "component iteration", "template syntax", "bind variable", "performance key attribute", "range subset", "index in for loop", "ref attribute in for loop"], "state": 2, "file_id": 469, "knowledge_revision": 1488, "git_revision": "1aee8ed1eca8330cc765b711c43546e90b04ff39", "hash": "62ad2071437a9c48965a87abeaf924e8", "format-version": 4, "code-base-name": "universalinit", "filename": "src/universalinit/templates/lightningjs/docs/built-in_for-loop.md", "revision_history": [{"1488": "1aee8ed1eca8330cc765b711c43546e90b04ff39"}]}