{"is_source_file": true, "format": "TypeScript", "description": "Vite configuration file for setting up development server options, including host, port, allowed hosts, headers, and watch settings.", "external_files": ["vite"], "external_methods": ["defineConfig"], "published": ["default"], "classes": [], "methods": [], "calls": ["defineConfig"], "search-terms": ["vite.config.ts", "development server", "host", "port", "allowedHosts", "headers", "watch"], "state": 2, "file_id": 382, "knowledge_revision": 1403, "git_revision": "1aee8ed1eca8330cc765b711c43546e90b04ff39", "ctags": [], "hash": "6efeb32d6235067d6bad81a886455a94", "format-version": 4, "code-base-name": "universalinit", "filename": "src/universalinit/templates/slidev/vite.config.ts", "revision_history": [{"1403": "1aee8ed1eca8330cc765b711c43546e90b04ff39"}]}