{"is_source_file": true, "format": "TypeScript React component (TSX)", "description": "Defines a React functional component 'Atom' that renders an animated SVG circle with gradient fill, using remotion's video configuration and random ID generation for gradient uniqueness.", "external_files": ["react", "remotion"], "external_methods": ["useState", "useVideoConfig", "random"], "published": ["Atom"], "classes": [], "methods": [{"name": "Atom", "description": "React functional component that displays a scalable SVG circle with a linear gradient fill, utilizing remotion video config and a unique gradient ID generated with useState."}], "calls": ["useVideoConfig", "useState", "random"], "search-terms": ["React", "remotion", "Atom", "SVG", "linearGradient"], "state": 2, "file_id": 437, "knowledge_revision": 1463, "git_revision": "1aee8ed1eca8330cc765b711c43546e90b04ff39", "ctags": [], "hash": "84d6d103c82561539bc9e4df504626a7", "format-version": 4, "code-base-name": "universalinit", "filename": "src/universalinit/templates/remotion/src/HelloWorld/Atom.tsx", "revision_history": [{"1463": "1aee8ed1eca8330cc765b711c43546e90b04ff39"}]}