{"is_source_file": false, "format": "", "description": "", "external_files": [], "external_methods": [], "published": [], "classes": [], "methods": [], "calls": [], "search-terms": [], "state": 2, "file_id": 410, "knowledge_revision": 1421, "git_revision": "1aee8ed1eca8330cc765b711c43546e90b04ff39", "hash": "d851f2b1eb5205a07edc6569e1b251b9", "format-version": 4, "code-base-name": "universalinit", "filename": "src/universalinit/templates/lightningjs/docs/plugins_language.md", "revision_history": [{"1421": "1aee8ed1eca8330cc765b711c43546e90b04ff39"}]}