{"is_source_file": true, "format": "TypeScript/TSX", "description": "This file defines a layout component for a Qwik application, including server-side data loading, styling, and component composition with header and footer.", "external_files": ["../components/starter/header/header", "../components/starter/footer/footer", "./styles.css"], "external_methods": ["@builder.io/qwik/component$", "@builder.io/qwik/Slot", "@builder.io/qwik/useStyles$", "@builder.io/qwik-city/routeLoader$", "@builder.io/qwik-city/RequestHandler"], "published": [], "classes": [], "methods": [{"name": "onGet", "description": "Handles GET requests and sets cache control headers to optimize cache behavior."}, {"name": "useServerTimeLoader", "description": "Loads the current server time as ISO string for use in the component."}], "calls": ["cacheControl", "useStyles$", "Header", "Footer", "Slot"], "search-terms": ["layout", "Qwik", "routeLoader", "Header", "Footer", "cacheControl", "styles.css"], "state": 2, "file_id": 599, "knowledge_revision": 1621, "git_revision": "1aee8ed1eca8330cc765b711c43546e90b04ff39", "ctags": [], "hash": "a2a9cade445a753cf96a48b1a0f2cd34", "format-version": 4, "code-base-name": "universalinit", "filename": "src/universalinit/templates/qwik/src/routes/layout.tsx", "revision_history": [{"1621": "1aee8ed1eca8330cc765b711c43546e90b04ff39"}]}