{"is_source_file": true, "format": "TypeScript/TSX", "description": "This file is a main route component for a Qwik-based web application, defining the homepage with several imported components and static content.", "external_files": ["../components/starter/counter/counter", "../components/starter/hero/hero", "../components/starter/infobox/infobox", "../components/starter/next-steps/next-steps"], "external_methods": ["component$"], "published": ["head"], "classes": [], "methods": [{"name": "head", "description": "An exported constant defining the document head metadata for the route."}], "calls": ["component$", "Counter", "Hero", "Infobox", "Infobox", "Infobox"], "search-terms": ["Qwik", "index.tsx", "route component", "components/starter", "head metadata", "jsx", "react-like syntax"], "state": 2, "file_id": 568, "knowledge_revision": 1591, "git_revision": "1aee8ed1eca8330cc765b711c43546e90b04ff39", "ctags": [], "hash": "393ef3f8baffb6f954dc12583ec00959", "format-version": 4, "code-base-name": "universalinit", "filename": "src/universalinit/templates/qwik/src/routes/index.tsx", "revision_history": [{"1591": "1aee8ed1eca8330cc765b711c43546e90b04ff39"}]}