{"is_source_file": true, "format": "Python", "description": "This source file initializes a Flask application, configures CORS, sets API metadata, and registers a blueprint with the API.", "external_files": ["from flask import Flask", "from flask_cors import CORS", "from .routes.health import blp", "from flask_smorest import Api"], "external_methods": ["CORS(app, resources={r\"/*\": {\"origins\": \"*\"}})", "api.register_blueprint(blp)"], "published": [], "classes": [], "methods": [], "calls": ["Flask(__name__)", "CORS(app, resources={r\"/*\": {\"origins\": \"*\"}})", "Api(app)"], "search-terms": ["Flask app initialization", "CORS configuration", "API metadata setup", "Blueprint registration", "app configuration"], "state": 2, "file_id": 449, "knowledge_revision": 1471, "git_revision": "1aee8ed1eca8330cc765b711c43546e90b04ff39", "ctags": [{"_type": "tag", "name": "api", "path": "/home/kavia/workspace/code-generation/universalinit/src/universalinit/templates/flask/app/__init__.py", "pattern": "/^api = Api(app)$/", "language": "Python", "kind": "variable"}, {"_type": "tag", "name": "app", "path": "/home/kavia/workspace/code-generation/universalinit/src/universalinit/templates/flask/app/__init__.py", "pattern": "/^app = Flask(__name__)$/", "language": "Python", "kind": "variable"}], "hash": "da3fd8f5753305c3dde1f2a956741543", "format-version": 4, "code-base-name": "universalinit", "filename": "src/universalinit/templates/flask/app/__init__.py", "fields": [{"name": "api = Api(app)", "scope": "", "scopeKind": "", "description": "unavailable"}, {"name": "app = Flask(__name__)", "scope": "", "scopeKind": "", "description": "unavailable"}], "revision_history": [{"1471": "1aee8ed1eca8330cc765b711c43546e90b04ff39"}]}