{"is_source_file": true, "format": "Python", "description": "This is a Django URL configuration file that sets up URL patterns, API schema views, and documentation endpoints for a web application. It includes route definitions, schema view configurations, and a function to generate full request URLs dynamically.", "external_files": ["django.contrib", "django.urls", "rest_framework", "drf_yasg.views", "drf_yasg", "django.views.decorators.csrf"], "external_methods": ["django.contrib.admin.site.urls", "django.urls.path", "django.urls.include", "django.urls.re_path", "permissions.AllowAny", "get_schema_view", "openapi.Info", "get_full_url", "get_schema_view"], "published": ["urlpatterns", "schema_view", "get_full_url", "dynamic_schema_view"], "classes": [{"name": "None", "description": "Contains function-based views and schema configurations defined in the module."}], "methods": [{"name": "get_full_url(request)", "description": "Constructs the full URL based on the request's scheme, host, and forwarded port info.", "scope": "", "scopeKind": ""}, {"name": "dynamic_schema_view(request, *args, **kwargs)", "description": "Generates and returns a Swagger UI view for API documentation, using a dynamically constructed URL.", "scope": "", "scopeKind": ""}], "calls": ["django.contrib.admin.site.urls", "django.urls.path", "django.urls.include", "django.urls.re_path", "get_schema_view", "openapi.Info", "get_full_url", "get_schema_view", "schema_view.with_ui", "get_schema_view", "schema_view.with_ui", "schema_view.without_ui"], "search-terms": ["django URL configuration", "schema view", "Swagger documentation", "dynamic URL generation", "rest_framework permissions"], "state": 2, "file_id": 445, "knowledge_revision": 1474, "git_revision": "1aee8ed1eca8330cc765b711c43546e90b04ff39", "ctags": [{"_type": "tag", "name": "dynamic_schema_view", "path": "/home/kavia/workspace/code-generation/universalinit/src/universalinit/templates/django/config/urls.py", "pattern": "/^def dynamic_schema_view(request, *args, **kwargs):$/", "language": "Python", "kind": "function", "signature": "(request, *args, **kwargs)"}, {"_type": "tag", "name": "get_full_url", "path": "/home/kavia/workspace/code-generation/universalinit/src/universalinit/templates/django/config/urls.py", "pattern": "/^def get_full_url(request):$/", "language": "Python", "kind": "function", "signature": "(request)"}, {"_type": "tag", "name": "schema_view", "path": "/home/kavia/workspace/code-generation/universalinit/src/universalinit/templates/django/config/urls.py", "pattern": "/^schema_view = get_schema_view($/", "language": "Python", "kind": "variable"}, {"_type": "tag", "name": "urlpatterns", "path": "/home/kavia/workspace/code-generation/universalinit/src/universalinit/templates/django/config/urls.py", "pattern": "/^urlpatterns = [$/", "language": "Python", "kind": "variable"}], "hash": "482cd4ea609c28e217819d5339030112", "format-version": 4, "code-base-name": "universalinit", "filename": "src/universalinit/templates/django/config/urls.py", "fields": [{"name": "schema_view = get_schema_view(", "scope": "", "scopeKind": "", "description": "unavailable"}, {"name": "urlpatterns = [", "scope": "", "scopeKind": "", "description": "unavailable"}], "revision_history": [{"1474": "1aee8ed1eca8330cc765b711c43546e90b04ff39"}]}