{"is_source_file": false, "format": "", "description": "", "external_files": [], "external_methods": [], "published": [], "classes": [], "methods": [], "calls": [], "search-terms": [], "state": 2, "file_id": 375, "knowledge_revision": 1388, "git_revision": "1aee8ed1eca8330cc765b711c43546e90b04ff39", "hash": "a9bc93e9c717436dab574ca9fa39a5a2", "format-version": 4, "code-base-name": "universalinit", "filename": "src/universalinit/templates/lightningjs/docs/components_watchers.md", "revision_history": [{"1388": "1aee8ed1eca8330cc765b711c43546e90b04ff39"}]}