{"is_source_file": false, "format": "", "description": "", "external_files": [], "external_methods": [], "published": [], "classes": [], "methods": [], "calls": [], "search-terms": [], "state": 2, "file_id": 446, "knowledge_revision": 1460, "git_revision": "1aee8ed1eca8330cc765b711c43546e90b04ff39", "hash": "9e97d99972ba7e35d3ac59a7894fb077", "format-version": 4, "code-base-name": "universalinit", "filename": "src/universalinit/templates/lightningjs/docs/getting_started_getting_started.md", "revision_history": [{"1460": "1aee8ed1eca8330cc765b711c43546e90b04ff39"}]}