{"is_source_file": true, "format": "bash script", "description": "This file is a shell script for initializing a Kotlin Android project. It automates setup tasks such as creating directory structures, generating configuration files (build scripts, manifest, resource files), and downloading necessary dependencies like the Gradle wrapper, all tailored based on input parameters like project name and SDK versions.", "external_files": ["gradle/wrapper/gradle-wrapper.jar"], "external_methods": ["curl", "wget", "base64", "chmod", "mkdir", "echo", "cat", "cp"], "published": [], "classes": [], "methods": [], "calls": ["echo", "mkdir", "cat", "base64 -d", "chmod", "curl", "wget"], "search-terms": ["init_script.sh", "Android project setup", "Kotlin Android project template", "project directory creation", "gradle wrapper download", "bash project init"], "state": 2, "file_id": 564, "knowledge_revision": 1580, "git_revision": "1aee8ed1eca8330cc765b711c43546e90b04ff39", "hash": "8a68f05b97405edde091c7cc776d6ef3", "format-version": 4, "code-base-name": "universalinit", "filename": "src/universalinit/templates/kotlin/init_script.sh", "revision_history": [{"1580": "1aee8ed1eca8330cc765b711c43546e90b04ff39"}]}