{"is_source_file": true, "format": "TypeScript", "description": "This file is a Vue.js router configuration file that sets up routing for a Vue application using vue-router, defining routes for the Home and About views.", "external_files": ["../views/HomeView.vue", "../views/AboutView.vue"], "external_methods": ["createRouter", "createWebHistory"], "published": ["router"], "classes": [], "methods": [{"name": "createRouter", "description": "Function to create and configure a Vue Router instance."}, {"name": "createWebHistory", "description": "Function to create HTML5 history mode for Vue Router."}], "calls": ["createRouter", "createWebHistory", "import"], "search-terms": ["vue-router", "route configuration", "Vue.js routing", "index.ts", "lazy-loaded routes"], "state": 2, "file_id": 620, "knowledge_revision": 1642, "git_revision": "1aee8ed1eca8330cc765b711c43546e90b04ff39", "ctags": [{"_type": "tag", "name": "router", "path": "/home/kavia/workspace/code-generation/universalinit/src/universalinit/templates/vue/src/router/index.ts", "pattern": "/^const router = createRouter({$/", "language": "TypeScript", "kind": "constant"}], "hash": "02a9178fa62f3f68233f38a3fec1a798", "format-version": 4, "code-base-name": "universalinit", "filename": "src/universalinit/templates/vue/src/router/index.ts", "revision_history": [{"1642": "1aee8ed1eca8330cc765b711c43546e90b04ff39"}]}