{"is_source_file": true, "format": "JavaScript", "description": "Defines a NativeScript view model for the home view, utilizing the fromObject function to create reactive data properties.", "external_files": ["@nativescript/core"], "external_methods": ["fromObject"], "published": ["HomeViewModel"], "classes": [], "methods": [{"name": "HomeViewModel()", "description": "Creates and returns a new view model object with reactive properties.", "scope": "", "scopeKind": ""}], "calls": ["fromObject"], "search-terms": ["nativescript", "viewmodel", "fromObject", "home-view-model"], "state": 2, "file_id": 630, "knowledge_revision": 1652, "git_revision": "1aee8ed1eca8330cc765b711c43546e90b04ff39", "ctags": [{"_type": "tag", "name": "HomeViewModel", "path": "/home/kavia/workspace/code-generation/universalinit/src/universalinit/templates/nativescript/app/home/home-view-model.js", "pattern": "/^export function HomeViewModel() {$/", "language": "JavaScript", "kind": "function", "signature": "()"}], "hash": "b44f1b1314003ce4217d9c1ef7847dee", "format-version": 4, "code-base-name": "universalinit", "filename": "src/universalinit/templates/nativescript/app/home/home-view-model.js", "revision_history": [{"1652": "1aee8ed1eca8330cc765b711c43546e90b04ff39"}]}