{"is_source_file": true, "format": "Python", "description": "This file initializes a Flask web application, sets up CORS, configures OpenAPI documentation, and registers a blueprint for health routes.", "external_files": ["flask", "flask_cors", ".routes.health", "flask_smorest"], "external_methods": ["Flask()", "CORS()", "Api()", "app.url_map.strict_slashes", "app.config"], "published": ["app", "api"], "classes": [], "methods": [], "calls": ["Flask(__name__)", "CORS(app, resources={r\"/*\": {\"origins\": \"*\"}})", "Api(app)", "api.register_blueprint(blp)"], "search-terms": ["flask_app_initialization", "CORS_configuration", "OpenAPI_config", "blueprint_registration", "flask_smorest"], "state": 2, "file_id": 452, "knowledge_revision": 1473, "git_revision": "1aee8ed1eca8330cc765b711c43546e90b04ff39", "ctags": [{"_type": "tag", "name": "api", "path": "/home/kavia/workspace/code-generation/universalinit/src/universalinit/templates/flask/app/__init__.py", "pattern": "/^api = Api(app)$/", "language": "Python", "kind": "variable"}, {"_type": "tag", "name": "app", "path": "/home/kavia/workspace/code-generation/universalinit/src/universalinit/templates/flask/app/__init__.py", "pattern": "/^app = Flask(__name__)$/", "language": "Python", "kind": "variable"}], "hash": "da3fd8f5753305c3dde1f2a956741543", "format-version": 4, "code-base-name": "universalinit", "filename": "src/universalinit/templates/flask/app/__init__.py", "fields": [{"name": "api = Api(app)", "scope": "", "scopeKind": "", "description": "unavailable"}, {"name": "app = Flask(__name__)", "scope": "", "scopeKind": "", "description": "unavailable"}], "revision_history": [{"1473": "1aee8ed1eca8330cc765b711c43546e90b04ff39"}]}