{"is_source_file": true, "format": "JavaScript", "description": "This file serves as a placeholder for middleware exports in a Node.js application, currently exporting an empty object with a comment indicating future middleware additions.", "external_files": [], "external_methods": [], "published": ["module.exports"], "classes": [], "methods": [], "calls": [], "search-terms": ["middleware", "exports", "index.js", "universalinit", "application middleware"], "state": 2, "file_id": 515, "knowledge_revision": 1528, "git_revision": "1aee8ed1eca8330cc765b711c43546e90b04ff39", "ctags": [], "hash": "e9169fe9b751451d433ec5c4d4734b4a", "format-version": 4, "code-base-name": "universalinit", "filename": "src/universalinit/templates/express/src/middleware/index.js", "revision_history": [{"1528": "1aee8ed1eca8330cc765b711c43546e90b04ff39"}]}