{"is_source_file": false, "format": "", "description": "", "external_files": [], "external_methods": [], "published": [], "classes": [], "methods": [], "calls": [], "search-terms": ["Lightning 3", "Blits framework", "LightningJS", "getting_started_intro", "lightningjs", "app development", "XML-style template"], "state": 2, "file_id": 468, "knowledge_revision": 1486, "git_revision": "1aee8ed1eca8330cc765b711c43546e90b04ff39", "hash": "4b09867f87304b2ff494e2ce5b796bd8", "format-version": 4, "code-base-name": "universalinit", "filename": "src/universalinit/templates/lightningjs/docs/getting_started_intro.md", "revision_history": [{"1486": "1aee8ed1eca8330cc765b711c43546e90b04ff39"}]}