{"is_source_file": true, "format": "TypeScript", "description": "Configuration script for Remotion video rendering library, setting global options such as image format and output overwrite behavior.", "external_files": ["@remotion/cli/config"], "external_methods": ["Config.setVideoImageFormat", "Config.setOverwriteOutput"], "published": [], "classes": [], "methods": [{"name": "setVideoImageFormat", "description": "Sets the image format used for videos, here configured to 'jpeg'."}, {"name": "setOverwriteOutput", "description": "Configures whether to overwrite existing output files, set to true."}], "calls": ["Config.setVideoImageFormat", "Config.setOverwriteOutput"], "search-terms": ["remotion", "config", "video image format", "overwrite output", "typescript config"], "state": 2, "file_id": 493, "knowledge_revision": 1514, "git_revision": "1aee8ed1eca8330cc765b711c43546e90b04ff39", "ctags": [], "hash": "59c56da67f1bfdb377d7df8bd4fadc25", "format-version": 4, "code-base-name": "universalinit", "filename": "src/universalinit/templates/remotion/remotion.config.ts", "revision_history": [{"1514": "1aee8ed1eca8330cc765b711c43546e90b04ff39"}]}