{"is_source_file": true, "format": "TypeScript/TSX", "description": "This file defines a Qwik React component for a counter UI, including signal management, event handlers, and styling imports.", "external_files": ["./counter.module.css", "../gauge"], "external_methods": ["component$", "useSignal", "$"], "published": [], "classes": [], "methods": [{"name": "setCount", "description": "A Qwik event handler that updates the counter value with bounds checking."}], "calls": ["component$", "useSignal", "$", "setCount"], "search-terms": ["Qwik", "counter component", "useSignal", "Gauge", "counter.tsx"], "state": 2, "file_id": 564, "knowledge_revision": 1585, "git_revision": "1aee8ed1eca8330cc765b711c43546e90b04ff39", "ctags": [], "hash": "9cb6f3c1705c3f86967978f57dd2d308", "format-version": 4, "code-base-name": "universalinit", "filename": "src/universalinit/templates/qwik/src/components/starter/counter/counter.tsx", "revision_history": [{"1585": "1aee8ed1eca8330cc765b711c43546e90b04ff39"}]}