{"is_source_file": true, "format": "JavaScript (CommonJS module)", "description": "This file defines an ESLint configuration using various plugins and presets to enforce coding standards and style rules, particularly integrating Prettier and setting custom rules.", "external_files": ["eslint-plugin-prettier", "globals", "@eslint/js", "@eslint/eslintrc"], "external_methods": [], "published": [], "classes": [], "methods": [], "calls": ["require('eslint-plugin-prettier')", "require('globals')", "require('@eslint/js')", "require('@eslint/eslintrc').FlatCompat", "compat.extends('eslint:recommended', 'plugin:prettier/recommended', 'prettier')"], "search-terms": ["eslint", "prettier", "compat", "rules", "eslint.config.cjs", "lightningjs"], "state": 2, "file_id": 413, "knowledge_revision": 1424, "git_revision": "1aee8ed1eca8330cc765b711c43546e90b04ff39", "hash": "93cd2c5ca89ba1c0ff23b0e00b6c74ef", "format-version": 4, "code-base-name": "universalinit", "filename": "src/universalinit/templates/lightningjs/eslint.config.cjs", "revision_history": [{"1424": "1aee8ed1eca8330cc765b711c43546e90b04ff39"}]}