{"is_source_file": true, "format": "TypeScript", "description": "This file configures behavior for a SvelteKit route, specifying client-side rendering options and static prerendering settings.", "external_files": ["$app/environment"], "external_methods": ["$app/environment.dev"], "published": ["csr", "prerender"], "classes": [], "methods": [{"name": "dev", "description": "Boolean flag indicating if the application is in development mode, imported from SvelteKit's environment module."}], "calls": ["$app/environment.dev"], "search-terms": ["+page.ts", "svelte", "route", "prerender", "dev mode"], "state": 2, "file_id": 649, "knowledge_revision": 1674, "git_revision": "1aee8ed1eca8330cc765b711c43546e90b04ff39", "ctags": [{"_type": "tag", "name": "csr", "path": "/home/kavia/workspace/code-generation/universalinit/src/universalinit/templates/svelte/src/routes/about/+page.ts", "pattern": "/^export const csr = dev;$/", "language": "TypeScript", "kind": "constant"}, {"_type": "tag", "name": "prerender", "path": "/home/kavia/workspace/code-generation/universalinit/src/universalinit/templates/svelte/src/routes/about/+page.ts", "pattern": "/^export const prerender = true;$/", "language": "TypeScript", "kind": "constant"}], "hash": "758500614a714f43a32f7a3169886b42", "format-version": 4, "code-base-name": "universalinit", "filename": "src/universalinit/templates/svelte/src/routes/about/+page.ts", "revision_history": [{"1674": "1aee8ed1eca8330cc765b711c43546e90b04ff39"}]}