{"is_source_file": true, "format": "JavaScript (ES Module, .mjs)", "description": "This file is an ESLint configuration script written in JavaScript. It exports an array of configuration objects that set up linting rules for JavaScript and TypeScript projects, including recommended configurations and custom rules for specific file types.", "external_files": ["@eslint/js", "globals", "typescript-eslint"], "external_methods": [], "published": ["default"], "classes": [], "methods": [{"name": "default", "description": "Exports an array of ESLint configuration objects to be used by ESLint when linting project files."}], "calls": ["js.configs.recommended", "...tseslint.configs.recommended", "tseslint.parser", "tseslint.configs.recommended"], "search-terms": ["eslint", "typescript-eslint", "eslint.config.mjs", "ESLint configuration", "TypeScript support", "JavaScript linting"], "state": 2, "file_id": 494, "knowledge_revision": 1513, "git_revision": "1aee8ed1eca8330cc765b711c43546e90b04ff39", "hash": "6eae6a40fd45c831d338e6b184ad821b", "format-version": 4, "code-base-name": "universalinit", "filename": "src/universalinit/templates/astro/eslint.config.mjs", "revision_history": [{"1513": "1aee8ed1eca8330cc765b711c43546e90b04ff39"}]}