{"is_source_file": true, "format": "TypeScript/TSX", "description": "This file defines a React component and Remix configuration, including head links and layout structure for a web application.", "external_files": ["@remix-run/react", "@remix-run/node", "./tailwind.css"], "external_methods": ["links", "Meta", "Outlet", "Scripts", "ScrollRestoration"], "published": ["links"], "classes": [], "methods": [{"name": "Layout", "description": "React component that renders the main HTML structure including head metadata and body content."}, {"name": "App", "description": "Root component that renders the Outlet for nested routes."}], "calls": ["Meta", "Links", "ScrollRestoration", "Scripts", "Outlet"], "search-terms": ["remix", "react", "layout", "tailwind", "app component", "links function"], "state": 2, "file_id": 633, "knowledge_revision": 1653, "git_revision": "1aee8ed1eca8330cc765b711c43546e90b04ff39", "ctags": [], "hash": "ecb43bd0ae9b4e549b896a93f472a193", "format-version": 4, "code-base-name": "universalinit", "filename": "src/universalinit/templates/remix/app/root.tsx", "revision_history": [{"1653": "1aee8ed1eca8330cc765b711c43546e90b04ff39"}]}