{"is_source_file": true, "format": "TypeScript (TSX/JSX)", "description": "This file implements a Qwik component for a to-do list application with server-side loaders and actions, including rendering logic and CSS module styles.", "external_files": ["./todolist.module.css", "@builder.io/qwik", "@builder.io/qwik-city"], "external_methods": ["component$", "routeLoader$", "routeAction$", "zod$", "z", "Form"], "published": ["head"], "classes": [], "methods": [{"name": "useListLoader", "description": "Loader function that fetches the current list of to-do items."}, {"name": "useAddToListAction", "description": "Action function to add a new item to the list with validation."}], "calls": ["useListLoader", "useAddToListAction"], "search-terms": ["Qwik", "to-do list", "routeLoader", "routeAction", "component$", "form handling", "CSS modules"], "state": 2, "file_id": 627, "knowledge_revision": 1653, "git_revision": "1aee8ed1eca8330cc765b711c43546e90b04ff39", "ctags": [], "hash": "0d567d93bc8d060df1fc07dcc693ed4e", "format-version": 4, "code-base-name": "universalinit", "filename": "src/universalinit/templates/qwik/src/routes/demo/todolist/index.tsx", "revision_history": [{"1653": "1aee8ed1eca8330cc765b711c43546e90b04ff39"}]}