{"is_source_file": true, "format": "JavaScript", "description": "This file defines a 'Loader' component using LightningJS framework, which displays a simple animated loading indicator with three circles that fade in and out.", "external_files": ["@lightningjs/blits"], "external_methods": ["Blits.Component"], "published": ["Loader"], "classes": [{"name": "Loader", "description": "A LightningJS component serving as a loading indicator with animated fading circles."}], "methods": [{"name": "start", "description": "Starts an interval that toggles the alpha transparency of circles to create a fade animation."}], "calls": ["this.$setInterval"], "search-terms": ["LightningJS", "Loader", "loading indicator", "animation", "fade-in fade-out", "component"], "state": 2, "file_id": 436, "knowledge_revision": 1460, "git_revision": "1aee8ed1eca8330cc765b711c43546e90b04ff39", "ctags": [], "hash": "0ec1151cdc25744075ba4da8e3d65407", "format-version": 4, "code-base-name": "universalinit", "filename": "src/universalinit/templates/lightningjs/src/components/Loader.js", "revision_history": [{"1460": "1aee8ed1eca8330cc765b711c43546e90b04ff39"}]}