{"is_source_file": true, "format": "TypeScript (TSX)", "description": "This file is a React component using Remix framework for server-side rendering and client-side routing. It defines layout and app setup, including links to external stylesheets, meta tags, and rendering children components.", "external_files": ["@remix-run/react", "@remix-run/node", "./tailwind.css"], "external_methods": ["LinksFunction", "Meta", "Outlet", "Scripts", "ScrollRestoration"], "published": ["links"], "classes": [], "methods": [{"name": "Layout", "description": "React component that provides the main HTML layout with meta tags, stylesheets, and rendering of child components."}, {"name": "App", "description": "Main component that renders the current route's component via Outlet."}], "calls": ["React.Fragment", "Meta", "Links", "ScrollRestoration", "Scripts", "Outlet"], "search-terms": ["Remix app layout", "TSX React layout", "Remix links function", "Head meta tags Remix", "Tailwind CSS import"], "state": 2, "file_id": 518, "knowledge_revision": 1542, "git_revision": "1aee8ed1eca8330cc765b711c43546e90b04ff39", "ctags": [], "hash": "ecb43bd0ae9b4e549b896a93f472a193", "format-version": 4, "code-base-name": "universalinit", "filename": "src/universalinit/templates/remix/app/root.tsx", "revision_history": [{"1542": "1aee8ed1eca8330cc765b711c43546e90b04ff39"}]}