{"is_source_file": true, "format": "Python", "description": "This file is the ASGI configuration module for a Django project named 'config'. It sets up the ASGI application used for deployment, importing necessary modules and configuring environment variables.", "external_files": ["django.core.asgi"], "external_methods": ["django.core.asgi.get_asgi_application"], "published": ["application"], "classes": [], "methods": [], "calls": ["django.core.asgi.get_asgi_application"], "search-terms": ["asgi", "django", "application", "settings", "deployment"], "state": 2, "file_id": 472, "knowledge_revision": 1487, "git_revision": "1aee8ed1eca8330cc765b711c43546e90b04ff39", "ctags": [{"_type": "tag", "name": "application", "path": "/home/kavia/workspace/code-generation/universalinit/src/universalinit/templates/django/config/asgi.py", "pattern": "/^application = get_asgi_application()$/", "language": "Python", "kind": "variable"}], "hash": "63d5777b090ac063ecd29c3dfa786ba5", "format-version": 4, "code-base-name": "universalinit", "filename": "src/universalinit/templates/django/config/asgi.py", "fields": [{"name": "application = get_asgi_application()", "scope": "", "scopeKind": "", "description": "unavailable"}], "revision_history": [{"1487": "1aee8ed1eca8330cc765b711c43546e90b04ff39"}]}