{"is_source_file": false, "format": "CSS", "description": "CSS stylesheet defining styles for the 'gettingstarted' section and its child elements, including responsive adjustments.", "external_files": [], "external_methods": [], "published": [], "classes": [], "methods": [], "calls": [], "search-terms": ["gettingstarted", "CSS styles", "responsive design", "flexbox", "Qwik"], "state": 2, "file_id": 397, "knowledge_revision": 1411, "git_revision": "1aee8ed1eca8330cc765b711c43546e90b04ff39", "hash": "9a83818848f824f5462f2d45d17cf83c", "format-version": 4, "code-base-name": "universalinit", "filename": "src/universalinit/templates/qwik/src/components/starter/next-steps/next-steps.module.css", "revision_history": [{"1411": "1aee8ed1eca8330cc765b711c43546e90b04ff39"}]}