{"is_source_file": true, "format": "TypeScript (TSX)", "description": "This file defines a React functional component called 'Atom' that renders an SVG circle with a gradient fill, using remotion hooks for video configuration and random ID generation.", "external_files": ["react", "remotion"], "external_methods": ["useState", "useVideoConfig", "random"], "published": ["Atom"], "classes": [], "methods": [{"name": "Atom", "description": "React functional component that displays a scalable SVG circle with a dynamic gradient fill, configured via props for scale and colors."}], "calls": ["useState", "useVideoConfig", "random"], "search-terms": ["remotion", "React.FC", "SVG", "gradient", "Atom component", "random ID generated", "video config", "TypeScript JSX"], "state": 2, "file_id": 65, "knowledge_revision": 459, "git_revision": "94781c9538a488e1e0d0eedb4c9b28700e40616c", "ctags": [], "hash": "84d6d103c82561539bc9e4df504626a7", "format-version": 4, "code-base-name": "universalinit", "filename": "src/universalinit/templates/remotion/src/HelloWorld/Atom.tsx", "revision_history": [{"459": "94781c9538a488e1e0d0eedb4c9b28700e40616c"}]}