{"is_source_file": true, "format": "TypeScript/TSX", "description": "This file is a React-like component written with Qwik framework, serving as the main index routes page for a web application. It imports several components and constructs the page layout with informational sections, links, and a heading.", "external_files": ["../components/starter/counter/counter", "../components/starter/hero/hero", "../components/starter/infobox/infobox", "../components/starter/next-steps/next-steps"], "external_methods": ["component$"], "published": ["head"], "classes": [], "methods": [{"name": "component$", "description": "A Qwik function used to define a reactive component in the framework."}, {"name": "head", "description": "A exported constant defining the DocumentHead configuration, including page title and meta tags."}], "calls": ["component$", "Hero", "Starter", "Counter", "Infobox"], "search-terms": ["Qwik index route", "TypeScript TSX page", "Qwik component", "Infobox usage", "Component imports"], "state": 2, "file_id": 490, "knowledge_revision": 1510, "git_revision": "1aee8ed1eca8330cc765b711c43546e90b04ff39", "ctags": [], "hash": "393ef3f8baffb6f954dc12583ec00959", "format-version": 4, "code-base-name": "universalinit", "filename": "src/universalinit/templates/qwik/src/routes/index.tsx", "revision_history": [{"1510": "1aee8ed1eca8330cc765b711c43546e90b04ff39"}]}