{"is_source_file": true, "format": "TypeScript", "description": "Configuration file for Vite bundler for a Remix project, defining plugins, server settings, and future flags.", "external_files": ["@remix-run/dev", "vite", "vite-tsconfig-paths"], "external_methods": ["defineConfig", "vitePlugin as remix"], "published": ["defineConfig"], "classes": [], "methods": [{"name": "vitePlugin", "description": "imported as remix from '@remix-run/dev'; used as a plugin in the Vite configuration."}], "calls": ["defineConfig", "remix", "tsconfigPaths"], "search-terms": ["vite.config.ts", "remix", "vitePlugin", "Future", "server", "plugins"], "state": 2, "file_id": 551, "knowledge_revision": 1572, "git_revision": "1aee8ed1eca8330cc765b711c43546e90b04ff39", "ctags": [{"_type": "tag", "name": "Future", "path": "/home/kavia/workspace/code-generation/universalinit/src/universalinit/templates/remix/vite.config.ts", "pattern": "/^  interface Future {$/", "language": "TypeScript", "kind": "interface"}, {"_type": "tag", "name": "v3_singleFetch", "path": "/home/kavia/workspace/code-generation/universalinit/src/universalinit/templates/remix/vite.config.ts", "pattern": "/^    v3_singleFetch: true;$/", "language": "TypeScript", "kind": "property", "scope": "Future", "scopeKind": "interface"}], "hash": "52c7db1cd6c721057729f39be3ba5586", "format-version": 4, "code-base-name": "universalinit", "filename": "src/universalinit/templates/remix/vite.config.ts", "fields": [{"name": "interface Future {", "scope": "", "scopeKind": "", "description": "unavailable"}, {"name": "v3_singleFetch: true;", "scope": "Future", "scopeKind": "interface", "description": "unavailable"}], "revision_history": [{"1572": "1aee8ed1eca8330cc765b711c43546e90b04ff39"}]}