{"is_source_file": true, "format": "TypeScript (TSX)", "description": "This file defines the root component of a QwikCity web application, setting up the main provider and including routing, manifest, service worker, and head elements.", "external_files": ["@builder.io/qwik", "@builder.io/qwik", "@builder.io/qwik-city", "./components/router-head/router-head", "./global.css"], "external_methods": ["component$", "isDev"], "published": [], "classes": [], "methods": [{"name": "component$", "description": "Main functional component for the root of the Qwik application."}], "calls": ["component$", "isDev", "QwikCityProvider", "RouterHead", "ServiceWorkerRegister", "RouterOutlet"], "search-terms": ["QwikCityProvider", "RouterOutlet", "ServiceWorkerRegister", "router-head", "root component", "Qwik", "tsx", "global.css"], "state": 2, "file_id": 565, "knowledge_revision": 1590, "git_revision": "1aee8ed1eca8330cc765b711c43546e90b04ff39", "ctags": [], "hash": "9bbf0df29be90ef336ed559eb7c371c7", "format-version": 4, "code-base-name": "universalinit", "filename": "src/universalinit/templates/qwik/src/root.tsx", "revision_history": [{"1590": "1aee8ed1eca8330cc765b711c43546e90b04ff39"}]}