{"is_source_file": true, "format": "TypeScript (vue-router configuration)", "description": "This file configures the routing for a Vue.js application, defining routes and lazy-loading components.", "external_files": ["../views/HomeView.vue", "../views/AboutView.vue"], "external_methods": ["createRouter", "createWebHistory", "import"], "published": ["router"], "classes": [], "methods": [{"name": "createRouter", "description": "Initializes a new Vue router instance with specified history mode and route definitions."}, {"name": "createWebHistory", "description": "Creates HTML5 history mode for Vue router, using the base URL from environment variables."}, {"name": "import", "description": "Dynamically loads Vue components for route-based code splitting (lazy loading)."}], "calls": ["createRouter", "createWebHistory", "import"], "search-terms": ["vue-router", "route configuration", "lazy load", "createRouter", "createWebHistory", "index.ts"], "state": 2, "file_id": 506, "knowledge_revision": 1533, "git_revision": "1aee8ed1eca8330cc765b711c43546e90b04ff39", "ctags": [{"_type": "tag", "name": "router", "path": "/home/kavia/workspace/code-generation/universalinit/src/universalinit/templates/vue/src/router/index.ts", "pattern": "/^const router = createRouter({$/", "language": "TypeScript", "kind": "constant"}], "hash": "02a9178fa62f3f68233f38a3fec1a798", "format-version": 4, "code-base-name": "universalinit", "filename": "src/universalinit/templates/vue/src/router/index.ts", "revision_history": [{"1533": "1aee8ed1eca8330cc765b711c43546e90b04ff39"}]}