{"is_source_file": true, "file_id": 516, "git_revision": "1aee8ed1eca8330cc765b711c43546e90b04ff39", "state": 1, "description": "", "external_files": [], "external_methods": [], "published": [], "classes": [], "methods": [], "calls": [], "search-terms": [], "ctags": [{"_type": "tag", "name": "csr", "path": "/home/kavia/workspace/code-generation/universalinit/src/universalinit/templates/svelte/src/routes/about/+page.ts", "pattern": "/^export const csr = dev;$/", "language": "TypeScript", "kind": "constant"}, {"_type": "tag", "name": "prerender", "path": "/home/kavia/workspace/code-generation/universalinit/src/universalinit/templates/svelte/src/routes/about/+page.ts", "pattern": "/^export const prerender = true;$/", "language": "TypeScript", "kind": "constant"}], "format": "TypeScript", "hash": "758500614a714f43a32f7a3169886b42", "format-version": 4, "code-base-name": "universalinit", "filename": "src/universalinit/templates/svelte/src/routes/about/+page.ts", "knowledge_revision": 1192}