{"is_source_file": true, "file_id": 440, "git_revision": "1aee8ed1eca8330cc765b711c43546e90b04ff39", "state": 1, "description": "", "external_files": [], "external_methods": [], "published": [], "classes": [], "methods": [], "calls": [], "search-terms": [], "hash": "9b756a053df2f473993b87b23befe71e", "format-version": 4, "code-base-name": "universalinit", "filename": "src/universalinit/templates/nativescript/App_Resources/iOS/Assets.xcassets/LaunchScreen.Center.imageset/Contents.json", "knowledge_revision": 1112}