{"is_source_file": false, "format": "", "description": "", "external_files": [], "external_methods": [], "published": [], "classes": [], "methods": [], "calls": [], "search-terms": ["css", "style.css", "root", "button", "a", "body", "logo", "card", "read-the-docs", "@media", "color-scheme", "hover", "transition"], "state": 2, "file_id": 457, "knowledge_revision": 1470, "git_revision": "1aee8ed1eca8330cc765b711c43546e90b04ff39", "hash": "0046c26f2b07b3dbbe7025802177e087", "format-version": 4, "code-base-name": "universalinit", "filename": "src/universalinit/templates/vite/src/style.css", "revision_history": [{"1470": "1aee8ed1eca8330cc765b711c43546e90b04ff39"}]}