{"is_source_file": true, "format": "TypeScript/JSX", "description": "This file is an entry client script for a Remix framework application, responsible for hydrating the app on the client side using React's hydrateRoot and StrictMode components.", "external_files": ["@remix-run/react", "react", "react-dom/client"], "external_methods": ["hydrateRoot", "startTransition"], "published": [], "classes": [], "methods": [{"name": "startTransition", "description": "Starts a React transition for hydrations or updates."}], "calls": ["startTransition", "hydrateRoot"], "search-terms": ["RemixBrowser", "hydrateRoot", "react-dom/client", "entry.client.tsx", "remix", "hydrate", "client hydration"], "state": 2, "file_id": 405, "knowledge_revision": 1431, "git_revision": "1aee8ed1eca8330cc765b711c43546e90b04ff39", "ctags": [], "hash": "5d53ef36a3075b464b930b7d096d41a0", "format-version": 4, "code-base-name": "universalinit", "filename": "src/universalinit/templates/remix/app/entry.client.tsx", "revision_history": [{"1431": "1aee8ed1eca8330cc765b711c43546e90b04ff39"}]}