{"is_source_file": true, "format": "Markdown", "description": "A Markdown source file for a Slidev presentation, containing slide content, frontmatter configurations, and embedded components. It serves as a presentation template with various features like diagrams, LaTeX, themes, and interactivity.", "external_files": ["@/snippets/external.ts#snippet", "@/components/Counter.vue", "https://sli.dev/logo-square.png", "https://sli.dev/logo-circle.png", "https://sli.dev/logo-triangle.png"], "external_methods": ["$slidev.nav.next", "$slidev.nav.openInEditor"], "published": [], "classes": [], "methods": [{"name": "$slidev.nav.next", "description": "Navigates to the next slide or animation."}, {"name": "$slidev.nav.openInEditor", "description": "Opens the current slide in the editor."}], "calls": ["$slidev.nav.next", "$slidev.nav.openInEditor"], "search-terms": ["slidev", "presentation", "markdown", "diagrams", "LaTeX", "themes", "components", "editor", "interactivity"], "state": 2, "file_id": 446, "knowledge_revision": 1470, "git_revision": "1aee8ed1eca8330cc765b711c43546e90b04ff39", "hash": "293c35623e48e3833594da6aee70ebe4", "format-version": 4, "code-base-name": "universalinit", "filename": "src/universalinit/templates/slidev/slides.md", "revision_history": [{"1470": "1aee8ed1eca8330cc765b711c43546e90b04ff39"}]}