{"is_source_file": true, "format": "Python", "description": "This file implements an interactive command-line shell for interacting with an SQLite database. It includes functions for listing tables, showing schemas, describing tables, executing SQL queries, and processing user commands in a loop.", "external_files": ["sqlite3", "sys"], "external_methods": ["sqlite3.connect", "sqlite3.Error", "sys.exit"], "published": ["print_help", "list_tables", "show_schema", "describe_table", "execute_query", "main"], "classes": [], "methods": [{"name": "print_help()", "description": "Prints help information about available shell commands.", "scope": "", "scopeKind": ""}, {"name": "list_tables(cursor)", "description": "Lists all tables in the connected SQLite database.", "scope": "", "scopeKind": ""}, {"name": "show_schema(cursor, table_name=None)", "description": "Displays the CREATE statement(s) for specified or all tables.", "scope": "", "scopeKind": ""}, {"name": "describe_table(cursor, table_name)", "description": "Shows the structure of a specified table (columns, types, constraints).", "scope": "", "scopeKind": ""}, {"name": "execute_query(cursor, query)", "description": "Executes a given SQL query and outputs the results or affected rows.", "scope": "", "scopeKind": ""}, {"name": "main()", "description": "Runs the main interactive shell loop for user input and command execution.", "scope": "", "scopeKind": ""}], "calls": ["sqlite3.connect", "conn.cursor", "cursor.execute", "cursor.fetchall", "cursor.description", "conn.commit", "conn.close"], "search-terms": ["sqlite shell", "interactive database", "sqlite3 commands", "database schema", "SQL query execution"], "state": 2, "file_id": 360, "knowledge_revision": 1384, "git_revision": "1aee8ed1eca8330cc765b711c43546e90b04ff39", "ctags": [{"_type": "tag", "name": "DB_NAME", "path": "/home/kavia/workspace/code-generation/universalinit/src/universalinit/templates/sqlite/db_shell.py", "pattern": "/^DB_NAME = \"{KAVIA_DB_NAME}\"$/", "language": "Python", "kind": "variable"}, {"_type": "tag", "name": "describe_table", "path": "/home/kavia/workspace/code-generation/universalinit/src/universalinit/templates/sqlite/db_shell.py", "pattern": "/^def describe_table(cursor, table_name):$/", "language": "Python", "kind": "function", "signature": "(cursor, table_name)"}, {"_type": "tag", "name": "execute_query", "path": "/home/kavia/workspace/code-generation/universalinit/src/universalinit/templates/sqlite/db_shell.py", "pattern": "/^def execute_query(cursor, query):$/", "language": "Python", "kind": "function", "signature": "(cursor, query)"}, {"_type": "tag", "name": "list_tables", "path": "/home/kavia/workspace/code-generation/universalinit/src/universalinit/templates/sqlite/db_shell.py", "pattern": "/^def list_tables(cursor):$/", "language": "Python", "kind": "function", "signature": "(cursor)"}, {"_type": "tag", "name": "main", "path": "/home/kavia/workspace/code-generation/universalinit/src/universalinit/templates/sqlite/db_shell.py", "pattern": "/^def main():$/", "language": "Python", "kind": "function", "signature": "()"}, {"_type": "tag", "name": "print_help", "path": "/home/kavia/workspace/code-generation/universalinit/src/universalinit/templates/sqlite/db_shell.py", "pattern": "/^def print_help():$/", "language": "Python", "kind": "function", "signature": "()"}, {"_type": "tag", "name": "show_schema", "path": "/home/kavia/workspace/code-generation/universalinit/src/universalinit/templates/sqlite/db_shell.py", "pattern": "/^def show_schema(cursor, table_name=None):$/", "language": "Python", "kind": "function", "signature": "(cursor, table_name=None)"}], "hash": "df36b3623a628775706fe80456e65d60", "format-version": 4, "code-base-name": "universalinit", "filename": "src/universalinit/templates/sqlite/db_shell.py", "fields": [{"name": "DB_NAME = \"{KAVIA_DB_NAME}\"", "scope": "", "scopeKind": "", "description": "unavailable"}], "revision_history": [{"1384": "1aee8ed1eca8330cc765b711c43546e90b04ff39"}]}