{"is_source_file": true, "format": "JavaScript (CommonJS module)", "description": "Configuration for ESLint with custom rules, plugins, and extensions tailored for a LightningJS project. It sets up plugins such as 'prettier', imports global variables, extends recommended configurations, and specifies custom linting rules.", "external_files": ["eslint-plugin-prettier", "globals", "@eslint/js", "@eslint/eslintrc"], "external_methods": [], "published": [], "classes": [], "methods": [], "calls": ["require('eslint-plugin-prettier')", "require('globals')", "require('@eslint/js')", "new FlatCompat({...})", "compat.extends(...)", "...compat.extends(...)"], "search-terms": ["eslint-config", "prettier", "eslint", "lightningjs", "eslint.plugins", "globals", "parserOptions", "rules", "eslint:recommended", "prettier/recommended"], "state": 2, "file_id": 429, "knowledge_revision": 1444, "git_revision": "1aee8ed1eca8330cc765b711c43546e90b04ff39", "hash": "93cd2c5ca89ba1c0ff23b0e00b6c74ef", "format-version": 4, "code-base-name": "universalinit", "filename": "src/universalinit/templates/lightningjs/eslint.config.cjs", "revision_history": [{"1444": "1aee8ed1eca8330cc765b711c43546e90b04ff39"}]}