{"is_source_file": false, "format": "", "description": "", "external_files": [], "external_methods": [], "published": [], "classes": [], "methods": [], "calls": [], "search-terms": [], "state": 2, "file_id": 355, "knowledge_revision": 1370, "git_revision": "1aee8ed1eca8330cc765b711c43546e90b04ff39", "hash": "fac28944971a4d079f85a1d16c3a0504", "format-version": 4, "code-base-name": "universalinit", "filename": "src/universalinit/templates/slidev/vercel.json", "revision_history": [{"1370": "1aee8ed1eca8330cc765b711c43546e90b04ff39"}]}