{"is_source_file": true, "format": "TypeScript", "description": "Configuration file for Vite build tool in a SvelteKit project, setting up plugins, server options, and testing configurations.", "external_files": ["@testing-library/svelte/vite", "@sveltejs/kit/vite", "vite"], "external_methods": ["svelteTesting()", "defineConfig()"], "published": ["default"], "classes": [], "methods": [{"name": "defineConfig", "description": "Defines the configuration for Vite, encapsulating plugin setup, server options, and test configurations."}], "calls": ["sveltekit()", "defineConfig()", "svelteTesting()"], "search-terms": ["vite.config.ts", "sveltekit", "svelteTesting", "server configuration", "test workspace", "allowedHosts"], "state": 2, "file_id": 522, "knowledge_revision": 1538, "git_revision": "1aee8ed1eca8330cc765b711c43546e90b04ff39", "ctags": [], "hash": "56df2df7e65a8e5b34870c711c6f770e", "format-version": 4, "code-base-name": "universalinit", "filename": "src/universalinit/templates/svelte/vite.config.ts", "revision_history": [{"1538": "1aee8ed1eca8330cc765b711c43546e90b04ff39"}]}