{"is_source_file": true, "format": "TypeScript / JSX", "description": "The file defines a Qwik component implementing a Todo List web page with loading and action handlers, utilizing CSS modules for styling.", "external_files": ["@builder.io/qwik", "@builder.io/qwik-city", "./todolist.module.css"], "external_methods": ["component$", "routeLoader$", "routeAction$", "zod$", "z", "Form"], "published": ["head"], "classes": [], "methods": [{"name": "useListLoader", "description": "Loads the current list of Todo items from the server state."}, {"name": "useAddToListAction", "description": "Handles adding a new item to the list, with validation."}], "calls": ["useListLoader", "useAddToListAction"], "search-terms": ["Qwik Todo List", "routeLoader$", "routeAction$", "component$", "CSS Modules", "qwik-city route", "Form component", "list rendering", "add item action"], "state": 2, "file_id": 386, "knowledge_revision": 1409, "git_revision": "1aee8ed1eca8330cc765b711c43546e90b04ff39", "ctags": [], "hash": "0d567d93bc8d060df1fc07dcc693ed4e", "format-version": 4, "code-base-name": "universalinit", "filename": "src/universalinit/templates/qwik/src/routes/demo/todolist/index.tsx", "revision_history": [{"1409": "1aee8ed1eca8330cc765b711c43546e90b04ff39"}]}