{"is_source_file": true, "format": "TypeScript/TSX", "description": "This file defines a React component named QwikLogo that renders an SVG logo, used for branding or iconography within a React-based project.", "external_files": [], "external_methods": [], "published": ["QwikLogo"], "classes": [], "methods": [{"name": "QwikLogo", "description": "React functional component that renders an SVG logo with configurable width and height."}], "calls": [], "search-terms": ["QwikLogo", "tsx", "React component", "SVG", "Icon"], "state": 2, "file_id": 560, "knowledge_revision": 1582, "git_revision": "1aee8ed1eca8330cc765b711c43546e90b04ff39", "ctags": [], "hash": "9ffa787253daf27259a195140f7728cf", "format-version": 4, "code-base-name": "universalinit", "filename": "src/universalinit/templates/qwik/src/components/starter/icons/qwik.tsx", "revision_history": [{"1582": "1aee8ed1eca8330cc765b711c43546e90b04ff39"}]}