{"is_source_file": true, "format": "TypeScript", "description": "This file configures server-side rendering settings for an Angular application by merging a base application configuration with server-specific configurations.", "external_files": ["@angular/core", "@angular/platform-server", "./app.config"], "external_methods": ["mergeApplicationConfig", "provideServerRendering"], "published": ["config"], "classes": [], "methods": [{"name": "mergeApplicationConfig", "description": "Merges multiple application configuration objects into one and exports the combined configuration."}, {"name": "provideServerRendering", "description": "Provides server rendering capabilities as part of the Angular provider configuration."}], "calls": ["provideServerRendering()", "mergeApplicationConfig(appConfig, serverConfig)"], "search-terms": ["angular server config", "app.config.server.ts", "mergeApplicationConfig", "provideServerRendering", "ApplicationConfig"], "state": 2, "file_id": 648, "knowledge_revision": 1672, "git_revision": "1aee8ed1eca8330cc765b711c43546e90b04ff39", "ctags": [{"_type": "tag", "name": "config", "path": "/home/kavia/workspace/code-generation/universalinit/src/universalinit/templates/angular/src/app/app.config.server.ts", "pattern": "/^export const config = mergeApplicationConfig(appConfig, serverConfig);$/", "language": "TypeScript", "kind": "constant"}, {"_type": "tag", "name": "serverConfig", "path": "/home/kavia/workspace/code-generation/universalinit/src/universalinit/templates/angular/src/app/app.config.server.ts", "pattern": "/^const serverConfig: ApplicationConfig = {$/", "language": "TypeScript", "kind": "constant"}], "hash": "9fcafd12104018b7fb74bad3e42a1977", "format-version": 4, "code-base-name": "universalinit", "filename": "src/universalinit/templates/angular/src/app/app.config.server.ts", "revision_history": [{"1672": "1aee8ed1eca8330cc765b711c43546e90b04ff39"}]}