{"is_source_file": false, "format": "", "description": "", "external_files": [], "external_methods": [], "published": [], "classes": [], "methods": [], "calls": [], "search_terms": ["configure_environment", "build_cmd", "install_dependencies", "env", "init_files", "init_minimal", "run_tool", "test_tool", "linter", "post_processing"], "state": 2, "file_id": 507, "knowledge_revision": 1516, "git_revision": "1aee8ed1eca8330cc765b711c43546e90b04ff39", "hash": "75703668b8eb07258a00adf84f450abf", "format-version": 4, "code-base-name": "universalinit", "filename": "src/universalinit/templates/qwik/config.yml", "revision_history": [{"1516": "1aee8ed1eca8330cc765b711c43546e90b04ff39"}]}