{"is_source_file": true, "format": "TypeScript (TSX)", "description": "A React component written in TSX for rendering the footer section of a webpage, which uses Qwik framework's component$, includes styling, and accesses server time data.", "external_files": ["@builder.io/qwik", "../../../routes/layout", "./footer.module.css"], "external_methods": ["component$", "useServerTimeLoader"], "published": [], "classes": [], "methods": [{"name": "default", "description": "React component function that renders the footer with server time and branding link."}], "calls": ["component$", "useServerTimeLoader", "styles.anchor", "styles.spacer"], "search-terms": ["Qwik footer component", "useServerTimeLoader", "footer.tsx", "builder.io", "react component", "server time", "tsx footer", "styles from footer.module.css"], "state": 2, "file_id": 423, "knowledge_revision": 1442, "git_revision": "1aee8ed1eca8330cc765b711c43546e90b04ff39", "ctags": [], "hash": "5e83eb5470cf84aff350a45599f1b87a", "format-version": 4, "code-base-name": "universalinit", "filename": "src/universalinit/templates/qwik/src/components/starter/footer/footer.tsx", "revision_history": [{"1442": "1aee8ed1eca8330cc765b711c43546e90b04ff39"}]}