{"is_source_file": true, "format": "Python", "description": "Django ASGI configuration module that sets up the ASGI application for deployment.", "external_files": ["django.core.asgi", "os"], "external_methods": ["os.environ.setdefault", "django.core.asgi.get_asgi_application"], "published": ["application"], "classes": [], "methods": [{"name": "get_asgi_application", "description": "Returns the ASGI application callable to serve the project."}], "calls": ["os.environ.setdefault", "django.core.asgi.get_asgi_application"], "search-terms": ["ASGI", "django", "application", "asgi.py", "config"], "state": 2, "file_id": 76, "knowledge_revision": 472, "git_revision": "2028ea7a4a4843e6263708f2139ded60b9650606", "ctags": [{"_type": "tag", "name": "application", "path": "/home/kavia/workspace/code-generation/universalinit/src/universalinit/templates/django/config/asgi.py", "pattern": "/^application = get_asgi_application()$/", "language": "Python", "kind": "variable"}], "hash": "63d5777b090ac063ecd29c3dfa786ba5", "format-version": 4, "code-base-name": "universalinit", "filename": "src/universalinit/templates/django/config/asgi.py", "fields": [{"name": "application = get_asgi_application()", "scope": "", "scopeKind": "", "description": "unavailable"}], "revision_history": [{"472": "2028ea7a4a4843e6263708f2139ded60b9650606"}]}