{"is_source_file": true, "format": "TypeScript/TSX", "description": "React functional component 'Atom' that renders an animated SVG circle with a gradient fill, utilizing remotion hooks and state.", "external_files": ["react", "remotion"], "external_methods": ["useState", "useVideoConfig", "random"], "published": ["Atom"], "classes": [], "methods": [{"name": "Atom", "description": "React functional component rendering an SVG circle with dynamic gradient and size based on props."}], "calls": ["useState", "useVideoConfig", "random"], "search-terms": ["React.FC", "SVG", "gradient", "remotion", "useVideoConfig", "random", "scale", "circle", "Atom"], "state": 2, "file_id": 593, "knowledge_revision": 1609, "git_revision": "1aee8ed1eca8330cc765b711c43546e90b04ff39", "ctags": [], "hash": "84d6d103c82561539bc9e4df504626a7", "format-version": 4, "code-base-name": "universalinit", "filename": "src/universalinit/templates/remotion/src/HelloWorld/Atom.tsx", "revision_history": [{"1609": "1aee8ed1eca8330cc765b711c43546e90b04ff39"}]}