{"is_source_file": true, "format": "bash", "description": "A shell script for initializing and starting a PostgreSQL database instance, configuring user privileges, and setting environment variables for subsequent use.", "external_files": ["/usr/lib/postgresql/*/bin/pg_isready", "/usr/lib/postgresql/*/bin/initdb", "/usr/lib/postgresql/*/bin/postgres", "/usr/lib/postgresql/*/bin/psql", "pg_connection.txt", "db_visualizer/postgres.env"], "external_methods": ["sudo", "ls", "pgrep", "sleep", "cat", "echo"], "published": [], "classes": [], "methods": [], "calls": ["ls", "sudo -u postgres ${PG_BIN}/pg_isready", "sudo -u postgres ${PG_BIN}/psql", "sudo -u postgres ${PG_BIN}/initdb", "sudo -u postgres ${PG_BIN}/postgres", "sudo -u postgres ${PG_BIN}/createdb", "cat", "sleep"], "search-terms": ["start-up script", "PostgreSQL initialization", "database setup", "environment variables", "pg_isready", "postgresql start script"], "state": 2, "file_id": 372, "knowledge_revision": 1387, "git_revision": "1aee8ed1eca8330cc765b711c43546e90b04ff39", "hash": "3664b8e1a9d0acb09ef2cd72feece193", "format-version": 4, "code-base-name": "universalinit", "filename": "src/universalinit/templates/postgresql/startup.sh", "revision_history": [{"1387": "1aee8ed1eca8330cc765b711c43546e90b04ff39"}]}