{"is_source_file": false, "format": "", "description": "", "external_files": [], "external_methods": [], "published": [], "classes": [], "methods": [], "calls": [], "search-terms": [], "state": 2, "file_id": 585, "knowledge_revision": 1597, "git_revision": "1aee8ed1eca8330cc765b711c43546e90b04ff39", "hash": "103ead7965d018c47a76a99e11c22e4e", "format-version": 4, "code-base-name": "universalinit", "filename": "src/universalinit/templates/nativescript/App_Resources/Android/src/main/res/mipmap-anydpi-v26/ic_launcher.xml", "revision_history": [{"1597": "1aee8ed1eca8330cc765b711c43546e90b04ff39"}]}