{"is_source_file": true, "format": "TypeScript", "description": "This file defines the Angular application configuration, setting up providers such as route configuration, zone change detection, and client hydration strategies.", "external_files": ["./app.routes", "@angular/core", "@angular/platform-browser"], "external_methods": ["provideZoneChangeDetection", "provideRouter", "provideClientHydration", "withEventReplay"], "published": ["appConfig"], "classes": [], "methods": [{"name": "provideZoneChangeDetection", "description": "Configures zone change detection strategy for Angular app."}, {"name": "provideRouter", "description": "Sets up routing with the specified routes."}, {"name": "provideClientHydration", "description": "Enables client-side hydration with optional event replay."}, {"name": "withEventReplay", "description": "Creates configuration for event replay during hydration."}], "calls": ["provideZoneChangeDetection({ eventCoalescing: true })", "provideRouter(routes)", "provideClientHydration(withEventReplay())"], "search-terms": ["Angular app configuration", "ApplicationConfig", "provideRouter", "hydration", "zone change detection"], "state": 2, "file_id": 476, "knowledge_revision": 1501, "git_revision": "1aee8ed1eca8330cc765b711c43546e90b04ff39", "ctags": [{"_type": "tag", "name": "appConfig", "path": "/home/kavia/workspace/code-generation/universalinit/src/universalinit/templates/angular/src/app/app.config.ts", "pattern": "/^export const appConfig: ApplicationConfig = {$/", "language": "TypeScript", "kind": "constant"}], "hash": "ddcd5a984786347b39d244da3ac0d836", "format-version": 4, "code-base-name": "universalinit", "filename": "src/universalinit/templates/angular/src/app/app.config.ts", "revision_history": [{"1501": "1aee8ed1eca8330cc765b711c43546e90b04ff39"}]}