{"is_source_file": true, "format": "Python", "description": "A simple Python script that imports a Flask app instance and runs it if this script is executed directly.", "external_files": ["app"], "external_methods": ["app.run"], "published": [], "classes": [], "methods": [], "calls": ["app.run"], "search-terms": ["flask", "run.py", "app", "if __name__ == \"__main__\""], "state": 2, "file_id": 450, "knowledge_revision": 1473, "git_revision": "1aee8ed1eca8330cc765b711c43546e90b04ff39", "ctags": [], "hash": "b4cfd2f2017c7f88e4049fa0ed026e86", "format-version": 4, "code-base-name": "universalinit", "filename": "src/universalinit/templates/flask/run.py", "revision_history": [{"1473": "1aee8ed1eca8330cc765b711c43546e90b04ff39"}]}