{"is_source_file": true, "format": "TypeScript (React JSX)", "description": "This source file defines a React functional component 'RemotionRoot' that utilizes the 'remotion' library to organize video compositions. It imports components and schemas for rendering video compositions and exports a React component that renders multiple <Composition> elements with specific configuration settings.", "external_files": ["./HelloWorld", "./HelloWorld/Logo"], "external_methods": ["Composition"], "published": ["RemotionRoot"], "classes": [], "methods": [{"name": "RemotionRoot", "description": "React functional component that renders multiple Composition elements for video rendering."}], "calls": ["React.FC", "Composition", "React.createElement", "React.Fragment"], "search-terms": ["RemotionRoot", "Composition", "react", "video compositions", "schema", "defaultProps", "React.FC", "TSX"], "state": 2, "file_id": 504, "knowledge_revision": 1525, "git_revision": "1aee8ed1eca8330cc765b711c43546e90b04ff39", "ctags": [], "hash": "e7dd365e19e3e2c921953e942d5e0cad", "format-version": 4, "code-base-name": "universalinit", "filename": "src/universalinit/templates/remotion/src/Root.tsx", "revision_history": [{"1525": "1aee8ed1eca8330cc765b711c43546e90b04ff39"}]}