{"is_source_file": true, "format": "JavaScript", "description": "This file is a configuration script for Vite, a build tool, setting up build options, server preferences, and importing plugins for a LightningJS project.", "external_files": ["node_modules/@lightningjs/blits/vite"], "external_methods": ["defineConfig"], "published": [], "classes": [], "methods": [{"name": "defineConfig", "description": "Function imported from 'vite' to define and export the Vite configuration."}], "calls": ["defineConfig"], "search-terms": ["vite.config", "LightningJS", "build configuration", "plugins", "server setup", "lightingjs"], "state": 2, "file_id": 471, "knowledge_revision": 1492, "git_revision": "1aee8ed1eca8330cc765b711c43546e90b04ff39", "ctags": [], "hash": "8acdac9175269e76719fddf670b22d2f", "format-version": 4, "code-base-name": "universalinit", "filename": "src/universalinit/templates/lightningjs/vite.config.js", "revision_history": [{"1492": "1aee8ed1eca8330cc765b711c43546e90b04ff39"}]}