{"is_source_file": true, "format": "Python", "description": "Django admin configuration file registering models with the admin site.", "external_files": ["django.contrib"], "external_methods": ["django.contrib.admin"], "published": [], "classes": [], "methods": [], "calls": ["django.contrib.admin"], "search-terms": ["django", "admin", "register", "models", "universalinit", "templates"], "state": 2, "file_id": 81, "knowledge_revision": 475, "git_revision": "2028ea7a4a4843e6263708f2139ded60b9650606", "ctags": [], "hash": "e3dc717de887db03a015667a5fec59d8", "format-version": 4, "code-base-name": "universalinit", "filename": "src/universalinit/templates/django/api/admin.py", "revision_history": [{"475": "2028ea7a4a4843e6263708f2139ded60b9650606"}]}