{"is_source_file": true, "format": "TypeScript", "description": "This file defines the Angular application configuration, specifically providing routing, zone change detection, and client hydration setup.", "external_files": ["@angular/core", "./app.routes", "@angular/platform-browser"], "external_methods": ["provideZoneChangeDetection", "provideRouter", "provideClientHydration", "withEventReplay"], "published": ["appConfig"], "classes": [], "methods": [], "calls": ["provideZoneChangeDetection", "provideRouter", "provideClientHydration", "withEventReplay"], "search-terms": ["Angular", "ApplicationConfig", "appConfig", "routing", "client hydration", "zone change detection"], "state": 2, "file_id": 393, "knowledge_revision": 1416, "git_revision": "1aee8ed1eca8330cc765b711c43546e90b04ff39", "ctags": [{"_type": "tag", "name": "appConfig", "path": "/home/kavia/workspace/code-generation/universalinit/src/universalinit/templates/angular/src/app/app.config.ts", "pattern": "/^export const appConfig: ApplicationConfig = {$/", "language": "TypeScript", "kind": "constant"}], "hash": "ddcd5a984786347b39d244da3ac0d836", "format-version": 4, "code-base-name": "universalinit", "filename": "src/universalinit/templates/angular/src/app/app.config.ts", "revision_history": [{"1416": "1aee8ed1eca8330cc765b711c43546e90b04ff39"}]}