{"is_source_file": true, "format": "TypeScript/TSX", "description": "This file is a source code file defining the main route component for a web application using Qwik framework. It imports UI components, uses JSX syntax to render elements, and exports a default component as well as a head configuration.", "external_files": ["@builder.io/qwik", "@builder.io/qwik-city", "../components/starter/counter/counter", "../components/starter/hero/hero", "../components/starter/infobox/infobox", "../components/starter/next-steps/next-steps"], "external_methods": ["component$"], "published": ["head"], "classes": [], "methods": [{"name": "component$", "description": "A function that defines a Qwik component."}], "calls": ["component$", "../components/starter/counter/counter", "../components/starter/hero/hero", "../components/starter/infobox/infobox", "../components/starter/next-steps/next-steps"], "search-terms": ["index.tsx", "Qwik route component", "JSX", "imported components", "head configuration", "Qwik framework"], "state": 2, "file_id": 392, "knowledge_revision": 1418, "git_revision": "1aee8ed1eca8330cc765b711c43546e90b04ff39", "ctags": [], "hash": "393ef3f8baffb6f954dc12583ec00959", "format-version": 4, "code-base-name": "universalinit", "filename": "src/universalinit/templates/qwik/src/routes/index.tsx", "revision_history": [{"1418": "1aee8ed1eca8330cc765b711c43546e90b04ff39"}]}