{"is_source_file": true, "format": "JavaScript (ES Module, .mjs)", "description": "This file defines a PostCSS configuration with Tailwind CSS plugin for a Next.js project.", "external_files": ["@tailwindcss/postcss"], "external_methods": [], "published": ["config"], "classes": [], "methods": [], "calls": ["export default config"], "search-terms": ["postcss", "tailwindcss", "nextjs", "postcss.config.mjs"], "state": 2, "file_id": 464, "knowledge_revision": 1475, "git_revision": "1aee8ed1eca8330cc765b711c43546e90b04ff39", "hash": "675899342e765a4d16acd75a53389101", "format-version": 4, "code-base-name": "universalinit", "filename": "src/universalinit/templates/nextjs/postcss.config.mjs", "revision_history": [{"1475": "1aee8ed1eca8330cc765b711c43546e90b04ff39"}]}