{"is_source_file": false, "format": "", "description": "", "external_files": [], "external_methods": [], "published": [], "classes": [], "methods": [], "calls": [], "search-terms": ["flutter", "build apk", "flutter pub get", "flutter analyze", "flutter create"], "state": 2, "file_id": 497, "knowledge_revision": 1505, "git_revision": "1aee8ed1eca8330cc765b711c43546e90b04ff39", "hash": "b17f87652083b17ae25d91ba951617e4", "format-version": 4, "code-base-name": "universalinit", "filename": "src/universalinit/templates/flutter/config.yml", "revision_history": [{"1505": "1aee8ed1eca8330cc765b711c43546e90b04ff39"}]}