{"is_source_file": true, "format": "JavaScript (React JSX)", "description": "This file defines a React functional component 'App' that manages a theme toggle between 'light' and 'dark'. It utilizes React hooks 'useState' and 'useEffect' to manage state and side effects, renders a button to toggle themes, displays a logo image, and includes a link to the React documentation.", "external_files": ["./logo.svg", "./App.css"], "external_methods": ["React.useState", "React.useEffect"], "published": ["App"], "classes": [], "methods": [{"name": "App()", "description": "React functional component that manages theme state and renders UI elements for theme toggling, logo display, and links.", "scope": "", "scopeKind": ""}, {"name": "toggleTheme", "description": "Function that toggles the theme state between 'light' and 'dark'."}], "calls": ["document.documentElement.setAttribute", "setTheme", "prevTheme => prevTheme === 'light' ? 'dark' : 'light'"], "search-terms": ["React component", "theme toggle", "useState", "useEffect", "App.js", "React JSX"], "state": 2, "file_id": 378, "knowledge_revision": 1405, "git_revision": "1aee8ed1eca8330cc765b711c43546e90b04ff39", "ctags": [{"_type": "tag", "name": "App", "path": "/home/kavia/workspace/code-generation/universalinit/src/universalinit/templates/react/src/App.js", "pattern": "/^function App() {$/", "language": "JavaScript", "kind": "function", "signature": "()"}, {"_type": "tag", "name": "Switch to ${theme === 'light' ? 'dark' : 'light'} mode", "path": "/home/kavia/workspace/code-generation/universalinit/src/universalinit/templates/react/src/App.js", "pattern": "/^          aria-label={`Switch to ${theme === 'light' ? 'dark' : 'light'} mode`}$/", "language": "JavaScript", "kind": "field", "scope": "App.aria", "scopeKind": "class"}, {"_type": "tag", "name": "toggleTheme", "path": "/home/kavia/workspace/code-generation/universalinit/src/universalinit/templates/react/src/App.js", "pattern": "/^          onClick={toggleTheme}$/", "language": "JavaScript", "kind": "field", "scope": "App.onClick", "scopeKind": "class"}], "hash": "b55dd9e6a018e59207d8e277dffd9e11", "format-version": 4, "code-base-name": "universalinit", "filename": "src/universalinit/templates/react/src/App.js", "fields": [{"name": "aria-label={`Switch to ${theme === 'light' ? 'dark' : 'light'} mode`}", "scope": "App.aria", "scopeKind": "class", "description": "unavailable"}, {"name": "onClick={toggleTheme}", "scope": "App.onClick", "scopeKind": "class", "description": "unavailable"}], "revision_history": [{"1405": "1aee8ed1eca8330cc765b711c43546e90b04ff39"}]}