{"is_source_file": true, "format": "JavaScript Module (ESM)", "description": "ESLint configuration file in JavaScript format for a React project, setting up parser options, global variables, and rules with React plugin integrations.", "external_files": ["@eslint/js", "eslint-plugin-react"], "external_methods": [], "published": [], "classes": [], "methods": [{"name": "default", "description": "Default export of ESLint configuration array."}], "calls": ["pluginJs", "pluginReact", "pluginJs.configs.recommended"], "search-terms": ["eslint", "react", "eslint-plugin-react", "eslint.config.mjs", "parserOptions", "globals", "rules"], "state": 2, "file_id": 357, "knowledge_revision": 1366, "git_revision": "1aee8ed1eca8330cc765b711c43546e90b04ff39", "hash": "be6538e7523bc2e9da0743133d784136", "format-version": 4, "code-base-name": "universalinit", "filename": "src/universalinit/templates/react/eslint.config.mjs", "revision_history": [{"1366": "1aee8ed1eca8330cc765b711c43546e90b04ff39"}]}