{"is_source_file": false, "format": "", "description": "", "external_files": [], "external_methods": [], "published": [], "classes": [], "methods": [], "calls": [], "search-terms": [], "state": 2, "file_id": 600, "knowledge_revision": 1610, "git_revision": "1aee8ed1eca8330cc765b711c43546e90b04ff39", "hash": "d836a3d2dc8d37a6b1813c272899678c", "format-version": 4, "code-base-name": "universalinit", "filename": "src/universalinit/templates/svelte/package.json", "revision_history": [{"1610": "1aee8ed1eca8330cc765b711c43546e90b04ff39"}]}