{"is_source_file": true, "format": "Python", "description": "This source file defines a mapping between project types and corresponding string identifiers, presumably used for selecting templates based on project configuration.", "external_files": [".templateconfig"], "external_methods": ["ProjectType"], "published": [], "classes": [], "methods": [], "calls": ["from .templateconfig import ProjectType"], "search-terms": ["TEMPLATE_MAP", "ProjectType", "templates", "mapping", "configuration"], "state": 2, "file_id": 675, "knowledge_revision": 1691, "git_revision": "1aee8ed1eca8330cc765b711c43546e90b04ff39", "ctags": [{"_type": "tag", "name": "TEMPLATE_MAP", "path": "/home/kavia/workspace/code-generation/universalinit/src/universalinit/templates.py", "pattern": "/^TEMPLATE_MAP = {$/", "language": "Python", "kind": "variable"}], "hash": "fb4a8316bb2de64afa0b8a76b6d5471b", "format-version": 4, "code-base-name": "universalinit", "filename": "src/universalinit/templates.py", "fields": [{"name": "TEMPLATE_MAP = {", "scope": "", "scopeKind": "", "description": "unavailable"}], "revision_history": [{"1691": "1aee8ed1eca8330cc765b711c43546e90b04ff39"}]}