{"is_source_file": true, "format": "JavaScript", "description": "This file is a JavaScript module for initializing a web page using Vite. It imports CSS and SVG assets, sets innerHTML for a DOM element with id 'app', and sets up a counter button.", "external_files": ["./style.css", "./javascript.svg", "/vite.svg", "./counter.js"], "external_methods": ["setupCounter"], "published": [], "classes": [], "methods": ["setupCounter"], "calls": ["setupCounter(document.querySelector('#counter'))"], "search-terms": ["Vite", "JavaScript DOM initialization", "module imports", "counter setup"], "state": 2, "file_id": 667, "knowledge_revision": 1688, "git_revision": "1aee8ed1eca8330cc765b711c43546e90b04ff39", "ctags": [], "hash": "de692c7004bd5381710c3a0b68a7bb3e", "format-version": 4, "code-base-name": "universalinit", "filename": "src/universalinit/templates/vite/src/main.js", "revision_history": [{"1688": "1aee8ed1eca8330cc765b711c43546e90b04ff39"}]}