{"is_source_file": true, "format": "TypeScript", "description": "This file imports the 'registerRootComponent' from 'expo' and registers the main React Native component 'App' as the root component of the application.", "external_files": ["expo"], "external_methods": ["registerRootComponent"], "published": ["registerRootComponent"], "classes": [], "methods": [{"name": "registerRootComponent", "description": "Function used to register the root component of the React Native app, ensuring proper setup in different environments."}], "calls": ["registerRootComponent(App)"], "search_terms": ["reactnative", "registerRootComponent", "expo", "index.ts", "App", "main"], "state": 2, "file_id": 262, "knowledge_revision": 667, "git_revision": "fb1d79d62a58150618deac298e1f0b799b75ff2d", "ctags": [], "hash": "33caa6d28d87fc7e637c033d0d7124b1", "format-version": 4, "code-base-name": "universalinit", "filename": "src/universalinit/templates/reactnative/index.ts", "search-terms": [], "revision_history": [{"667": "fb1d79d62a58150618deac298e1f0b799b75ff2d"}]}