{"is_source_file": true, "format": "JavaScript", "description": "This file defines a UI component named 'Loader' using LightningJS framework. It includes a template with animated circles, a property 'loaderColor', state management for fade transition 'alpha', and a method to start an interval-based animation.", "external_files": ["@lightningjs/blits"], "external_methods": ["Blits.Component"], "published": ["Loader"], "classes": [{"name": "Loader", "description": "A LightningJS component for a loading indicator with animated circles."}], "methods": [{"name": "start", "description": "Initiates an interval to toggle the 'alpha' state between 0 and 1 for fade animation."}], "calls": ["this.$setInterval"], "search-terms": ["LightningJS", "Loader component", "fade-in fade-out", "animated circles", "props loaderColor"], "state": 2, "file_id": 654, "knowledge_revision": 1674, "git_revision": "1aee8ed1eca8330cc765b711c43546e90b04ff39", "ctags": [], "hash": "0ec1151cdc25744075ba4da8e3d65407", "format-version": 4, "code-base-name": "universalinit", "filename": "src/universalinit/templates/lightningjs/src/components/Loader.js", "revision_history": [{"1674": "1aee8ed1eca8330cc765b711c43546e90b04ff39"}]}