{"is_source_file": true, "format": "JavaScript (ES Modules)", "description": "Configuration file for an Astro website, defining server settings such as host, allowed hosts, port, and headers.", "external_files": ["astro/config"], "external_methods": ["defineConfig"], "published": ["defineConfig"], "classes": [], "methods": [{"name": "defineConfig", "description": "Function imported from 'astro/config' used to define Astro project configuration."}], "calls": ["defineConfig"], "search-terms": ["astro.config.mjs", "astro", "server settings", "allowedHosts", "headers", "port", "host"], "state": 2, "file_id": 456, "knowledge_revision": 1467, "git_revision": "1aee8ed1eca8330cc765b711c43546e90b04ff39", "hash": "b597bd0bc2a303bef776a82932d17af3", "format-version": 4, "code-base-name": "universalinit", "filename": "src/universalinit/templates/astro/astro.config.mjs", "revision_history": [{"1467": "1aee8ed1eca8330cc765b711c43546e90b04ff39"}]}