{"is_source_file": true, "format": "TypeScript", "description": "This file defines and exports a NativeScript configuration object with specific project settings for Android platform, including app paths and runtime flags.", "external_files": ["@nativescript/core"], "external_methods": [], "published": ["default"], "classes": [], "methods": [], "calls": ["Object.assign", "import { NativeScriptConfig } from '@nativescript/core'"], "search-terms": ["nativescript.config.ts", "NativeScriptConfig", "appPath", "android", "v8Flags"], "state": 2, "file_id": 396, "knowledge_revision": 1418, "git_revision": "1aee8ed1eca8330cc765b711c43546e90b04ff39", "ctags": [], "hash": "1fbf0bfa12419a9e75771b468121e14c", "format-version": 4, "code-base-name": "universalinit", "filename": "src/universalinit/templates/nativescript/nativescript.config.ts", "revision_history": [{"1418": "1aee8ed1eca8330cc765b711c43546e90b04ff39"}]}