{"is_source_file": true, "format": "TypeScript/TSX", "description": "This source file defines the root layout component for a Remix-run web application. It sets up the HTML structure, includes external stylesheets and scripts, and manages routing outlets.", "external_files": ["@remix-run/react", "@remix-run/node", "./tailwind.css"], "external_methods": ["LinksFunction", "Meta", "Outlet", "Scripts", "ScrollRestoration"], "published": ["links", "Layout", "App"], "classes": [], "methods": [{"name": "links", "description": "Defines external links and stylesheets including Google Fonts and preconnect links."}, {"name": "Layout", "description": "Functional React component that provides the HTML structure and includes various Remix components for meta tags, styles, and scripts."}, {"name": "App", "description": "Default React component rendering the nested route outlet."}], "calls": ["Meta", "Links", "ScrollRestoration", "Scripts", "Outlet"], "search-terms": ["remix-run", "root.tsx", "layout component", "meta tags", "tailwind.css", "React JSX", "app structure"], "state": 2, "file_id": 523, "knowledge_revision": 1552, "git_revision": "1aee8ed1eca8330cc765b711c43546e90b04ff39", "ctags": [], "hash": "ecb43bd0ae9b4e549b896a93f472a193", "format-version": 4, "code-base-name": "universalinit", "filename": "src/universalinit/templates/remix/app/root.tsx", "revision_history": [{"1552": "1aee8ed1eca8330cc765b711c43546e90b04ff39"}]}