{"is_source_file": true, "format": "TypeScript with JSX (TSX)", "description": "This file defines a React-inspired Qwik component that renders a hero section with an image, header, paragraph, and buttons, including a confetti animation triggered on button click.", "external_files": ["./hero.module.css", "../../../media/thunder.png?jsx", "https://cdn.jsdelivr.net/npm/canvas-confetti@1.5.1/dist/confetti.browser.min.js"], "external_methods": ["component$"], "published": [], "classes": [], "methods": [{"name": "loadConfetti", "description": "Loads the confetti script dynamically and resolves with the confetti function."}, {"name": "shoot", "description": "Triggers two confetti bursts with different particle counts and sizes."}], "calls": ["component$", "document.createElement", "document.head.appendChild", "document.head", "Promise", "setTimeout", "loadConfetti", "confetti"], "search-terms": ["Qwik Hero component", "confetti animation", "TypeScript JSX component", "hero section", "confetti script loading"], "state": 2, "file_id": 583, "knowledge_revision": 1606, "git_revision": "1aee8ed1eca8330cc765b711c43546e90b04ff39", "ctags": [], "hash": "42d45447efa998ad31a8bf6cd455b5c1", "format-version": 4, "code-base-name": "universalinit", "filename": "src/universalinit/templates/qwik/src/components/starter/hero/hero.tsx", "revision_history": [{"1606": "1aee8ed1eca8330cc765b711c43546e90b04ff39"}]}