{"is_source_file": true, "format": "TypeScript", "description": "This file is a service worker configuration for a Qwik-based web application, focusing on prefetching and performance optimization.", "external_files": ["@builder.io/qwik-city/service-worker"], "external_methods": ["setupServiceWorker"], "published": [], "classes": [{"name": "ServiceWorkerGlobalScope", "description": "TypeScript declaration for the global scope of a service worker"}], "methods": [{"name": "setupServiceWorker", "description": "Initializes the service worker setup for Qwik City"}], "calls": ["setupServiceWorker"], "search-terms": ["service-worker", "qwik", "prefetching", "QwikCity", "self.addEventListener", "skipWaiting", "clients.claim"], "state": 2, "file_id": 466, "knowledge_revision": 1488, "git_revision": "1aee8ed1eca8330cc765b711c43546e90b04ff39", "ctags": [{"_type": "tag", "name": "self", "path": "/home/kavia/workspace/code-generation/universalinit/src/universalinit/templates/qwik/src/routes/service-worker.ts", "pattern": "/^declare const self: ServiceWorkerGlobalScope;$/", "language": "TypeScript", "kind": "constant"}], "hash": "4691e997442ba9f8be7690530ed1ce95", "format-version": 4, "code-base-name": "universalinit", "filename": "src/universalinit/templates/qwik/src/routes/service-worker.ts", "revision_history": [{"1488": "1aee8ed1eca8330cc765b711c43546e90b04ff39"}]}