{"is_source_file": true, "format": "JavaScript", "description": "This file defines an Express.js route for the root path '/' which serves as a health check endpoint. It sets up a GET route that invokes the check method from the healthController.", "external_files": ["../controllers/health"], "external_methods": ["healthController.check"], "published": ["router"], "classes": [], "methods": [{"name": "healthController.check", "description": "Function that handles the health check and returns a status indicating the service is healthy."}], "calls": ["express.Router", "healthController.check.bind"], "search-terms": ["express", "health", "routes", "GET /", "healthController"], "state": 2, "file_id": 406, "knowledge_revision": 1424, "git_revision": "1aee8ed1eca8330cc765b711c43546e90b04ff39", "ctags": [{"_type": "tag", "name": "express", "path": "/home/kavia/workspace/code-generation/universalinit/src/universalinit/templates/express/src/routes/index.js", "pattern": "/^const express = require('express');$/", "language": "JavaScript", "kind": "constant"}, {"_type": "tag", "name": "healthController", "path": "/home/kavia/workspace/code-generation/universalinit/src/universalinit/templates/express/src/routes/index.js", "pattern": "/^const healthController = require('..\\/controllers\\/health');$/", "language": "JavaScript", "kind": "constant"}, {"_type": "tag", "name": "router", "path": "/home/kavia/workspace/code-generation/universalinit/src/universalinit/templates/express/src/routes/index.js", "pattern": "/^const router = express.Router();$/", "language": "JavaScript", "kind": "constant"}], "hash": "65440e156977076adec2544b5e71e9b6", "format-version": 4, "code-base-name": "universalinit", "filename": "src/universalinit/templates/express/src/routes/index.js", "revision_history": [{"1424": "1aee8ed1eca8330cc765b711c43546e90b04ff39"}]}