{"is_source_file": true, "file_id": 88, "git_revision": "4ec7f9f85504c6a6d4f20298347947339238763d", "state": 2, "description": "", "external_files": [], "external_methods": [], "published": [], "classes": [], "methods": [], "calls": [], "search-terms": [], "ctags": [], "hash": null, "format-version": 4, "code-base-name": "universalinit", "filename": "src/universalinit/templates/django/api/management/commands/__init__.py", "knowledge_revision": 481, "revision_history": [{"481": "4ec7f9f85504c6a6d4f20298347947339238763d"}]}