{"is_source_file": false, "format": "", "description": "", "external_files": [], "external_methods": [], "published": [], "classes": [], "methods": [], "calls": [], "search-terms": [], "state": 2, "file_id": 491, "knowledge_revision": 1499, "git_revision": "1aee8ed1eca8330cc765b711c43546e90b04ff39", "hash": "aec40fdcbdacf2e95abf0e4c2969429d", "format-version": 4, "code-base-name": "universalinit", "filename": "src/universalinit/templates/vue/tsconfig.json", "revision_history": [{"1499": "1aee8ed1eca8330cc765b711c43546e90b04ff39"}]}