{"is_source_file": true, "format": "JavaScript", "description": "This file initializes a NativeScript application by importing the Application module from '@nativescript/core' and starting the app with the module name 'app-root'. It also contains a comment warning against placing code after the application startup.", "external_files": ["@nativescript/core"], "external_methods": ["Application.run"], "published": ["Application"], "classes": [], "methods": ["Application.run"], "calls": ["Application.run"], "search-terms": ["NativeScript", "app.js", "Application", "run", "nativescript"], "state": 2, "file_id": 410, "knowledge_revision": 1428, "git_revision": "1aee8ed1eca8330cc765b711c43546e90b04ff39", "ctags": [], "hash": "651c6580578790950f7163c3c93eae5c", "format-version": 4, "code-base-name": "universalinit", "filename": "src/universalinit/templates/nativescript/app/app.js", "revision_history": [{"1428": "1aee8ed1eca8330cc765b711c43546e90b04ff39"}]}