{"is_source_file": false, "format": "", "description": "", "external_files": [], "external_methods": [], "published": [], "classes": [], "methods": [], "calls": [], "search-terms": [], "state": 2, "file_id": 457, "knowledge_revision": 1467, "git_revision": "1aee8ed1eca8330cc765b711c43546e90b04ff39", "hash": "23f7f8c2404b229368fa0440c3a426ae", "format-version": 4, "code-base-name": "universalinit", "filename": "src/universalinit/templates/nativescript/App_Resources/Android/src/main/res/values/colors.xml", "revision_history": [{"1467": "1aee8ed1eca8330cc765b711c43546e90b04ff39"}]}