{"is_source_file": true, "format": "JavaScript", "description": "This file serves as a placeholder for exporting middleware functions in a JavaScript project. Currently, it does not export any middleware but provides a structural starting point for future additions.", "external_files": [], "external_methods": [], "published": [], "classes": [], "methods": [], "calls": [], "search-terms": ["middleware", "export", "index.js", "JavaScript", "placeholder"], "state": 2, "file_id": 588, "knowledge_revision": 1603, "git_revision": "1aee8ed1eca8330cc765b711c43546e90b04ff39", "ctags": [], "hash": "e9169fe9b751451d433ec5c4d4734b4a", "format-version": 4, "code-base-name": "universalinit", "filename": "src/universalinit/templates/express/src/middleware/index.js", "revision_history": [{"1603": "1aee8ed1eca8330cc765b711c43546e90b04ff39"}]}