{"is_source_file": true, "format": "JavaScript", "description": "This file defines a 'Button' component using LightningJS framework, with templating and state management for a toggle button.", "external_files": ["@lightningjs/blits"], "external_methods": [], "published": ["Button"], "classes": [], "methods": [{"name": "template", "description": "Defines the HTML template of the Button component with conditional text based on internal state."}, {"name": "state", "description": "Initial state of the component, managing 'isFavorited' and display texts."}, {"name": "input", "description": "Input handler for the 'enter' event, toggling the 'isFavorited' state."}], "calls": ["this.isFavorited = !this.isFavorited"], "search-terms": ["LightningJS", "Component", "Button", "template", "state", "input", "toggle"], "state": 2, "file_id": 408, "knowledge_revision": 1432, "git_revision": "1aee8ed1eca8330cc765b711c43546e90b04ff39", "ctags": [], "hash": "937bfe439a9c9f493682f4dc71047929", "format-version": 4, "code-base-name": "universalinit", "filename": "src/universalinit/templates/lightningjs/src/components/Button.js", "revision_history": [{"1432": "1aee8ed1eca8330cc765b711c43546e90b04ff39"}]}