{"is_source_file": true, "format": "JavaScript", "description": "This file defines a function that creates and returns a NativeScript view model object using the fromObject method from '@nativescript/core'.", "external_files": ["@nativescript/core"], "external_methods": ["fromObject"], "published": [], "classes": [], "methods": [{"name": "HomeViewModel()", "description": "Creates and returns a new view model object using fromObject from '@nativescript/core'.", "scope": "", "scopeKind": ""}], "calls": ["fromObject"], "search-terms": ["HomeViewModel", "native script view model", "fromObject", "nativescript core", "home-view-model"], "state": 2, "file_id": 186, "knowledge_revision": 587, "git_revision": "aa69f66299701fc97267fe090de8289037534011", "ctags": [{"_type": "tag", "name": "HomeViewModel", "path": "/home/kavia/workspace/code-generation/universalinit/src/universalinit/templates/nativescript/app/home/home-view-model.js", "pattern": "/^export function HomeViewModel() {$/", "language": "JavaScript", "kind": "function", "signature": "()"}], "hash": "b44f1b1314003ce4217d9c1ef7847dee", "format-version": 4, "code-base-name": "universalinit", "filename": "src/universalinit/templates/nativescript/app/home/home-view-model.js", "revision_history": [{"587": "aa69f66299701fc97267fe090de8289037534011"}]}