{"is_source_file": true, "format": "TypeScript/TSX", "description": "This file is a server entry point for a Remix application, handling HTTP requests and rendering server-side components with streaming support. It includes request handling for bots and browsers, setting CORS headers, and rendering React components server-side.", "external_files": ["@remix-run/node", "@remix-run/react", "isbot", "react-dom/server"], "external_methods": ["createReadableStreamFromReadable", "renderToPipeableStream"], "published": [], "classes": [], "methods": [{"name": "handleRequest", "description": "Main request handler distinguishing between bot and browser requests, setting CORS headers, and responding with server-rendered content."}, {"name": "handleBotRequest", "description": "Handles server-side rendering for bot user agents, streaming the response."}, {"name": "handleBrowserRequest", "description": "Handles server-side rendering for browsers, streaming the response."}], "calls": ["renderToPipeableStream", "createReadableStreamFromReadable", "responseHeaders.set", "new Response", "pipe"], "search-terms": ["RemixServer", "handleRequest", "renderToPipeableStream", "streaming server-side rendering", "ReactSSR", "bot detection", "CORS headers"], "state": 2, "file_id": 432, "knowledge_revision": 1460, "git_revision": "1aee8ed1eca8330cc765b711c43546e90b04ff39", "ctags": [], "hash": "ea3fdec8a39ab86ca67d22f9ecc48c65", "format-version": 4, "code-base-name": "universalinit", "filename": "src/universalinit/templates/remix/app/entry.server.tsx", "revision_history": [{"1460": "1aee8ed1eca8330cc765b711c43546e90b04ff39"}]}