{"is_source_file": false, "format": "", "description": "", "external_files": [], "external_methods": [], "published": [], "classes": [], "methods": [], "calls": [], "search-terms": [], "state": 2, "file_id": 475, "knowledge_revision": 1487, "git_revision": "1aee8ed1eca8330cc765b711c43546e90b04ff39", "hash": "8984f3df8c9b5309332ebd4b48bf5194", "format-version": 4, "code-base-name": "universalinit", "filename": "src/universalinit/templates/nativescript/jsconfig.json", "revision_history": [{"1487": "1aee8ed1eca8330cc765b711c43546e90b04ff39"}]}