{"is_source_file": false, "format": "", "description": "", "external_files": [], "external_methods": [], "published": [], "classes": [], "methods": [], "calls": [], "search-terms": [], "state": 2, "file_id": 537, "knowledge_revision": 1546, "git_revision": "1aee8ed1eca8330cc765b711c43546e90b04ff39", "hash": "eaf2df9315bceea92c5f66113fc7fe49", "format-version": 4, "code-base-name": "universalinit", "filename": "src/universalinit/templates/astro/package.json", "revision_history": [{"1546": "1aee8ed1eca8330cc765b711c43546e90b04ff39"}]}