{"is_source_file": false, "format": "", "description": "", "external_files": [], "external_methods": [], "published": [], "classes": [], "methods": [], "calls": [], "search-terms": [], "state": 2, "file_id": 401, "knowledge_revision": 1416, "git_revision": "1aee8ed1eca8330cc765b711c43546e90b04ff39", "hash": "9401bc25f84d43545bf8d0b2c15cee5b", "format-version": 4, "code-base-name": "universalinit", "filename": "src/universalinit/templates/lightningjs/docs/getting_started_file_structure.md", "revision_history": [{"1416": "1aee8ed1eca8330cc765b711c43546e90b04ff39"}]}