{"is_source_file": true, "format": "JavaScript", "description": "This file is a JavaScript source file that defines a LightningJS application, importing components and configuring routing.", "external_files": ["@lightningjs/blits", "./pages/Home.js"], "external_methods": [], "published": ["default"], "classes": [], "methods": [], "calls": ["Blits.Application"], "search-terms": ["LightningJS", "Application", "routes", "Blits", "Home"], "state": 2, "file_id": 627, "knowledge_revision": 1653, "git_revision": "1aee8ed1eca8330cc765b711c43546e90b04ff39", "ctags": [], "hash": "66daaf3cceacf6fd07b03dd071a9a5de", "format-version": 4, "code-base-name": "universalinit", "filename": "src/universalinit/templates/lightningjs/src/App.js", "revision_history": [{"1653": "1aee8ed1eca8330cc765b711c43546e90b04ff39"}]}