{"is_source_file": true, "format": "JavaScript Module (ESM) with ECMAScript and TypeScript ESLint configurations", "description": "This file provides ESLint configuration settings for an Angular project, including recommended presets, ignore patterns, and specific rules for TypeScript files.", "external_files": ["@eslint/js", "@typescript-eslint/eslint-plugin", "@typescript-eslint/parser"], "external_methods": [], "published": [], "classes": [], "methods": [{"name": "default", "description": "Exports an ESLint configuration array combining recommended settings, ignore patterns, and rules for TypeScript files."}], "calls": ["js.configs.recommended"], "search-terms": ["eslint", "eslint.config.mjs", "typescript", "angular", "typescript-eslint", "parser", "ignore patterns", "eslint plugins", "eslint rules"], "state": 2, "file_id": 562, "knowledge_revision": 1583, "git_revision": "1aee8ed1eca8330cc765b711c43546e90b04ff39", "hash": "6045fbadb189e01a808ff3519512d8d7", "format-version": 4, "code-base-name": "universalinit", "filename": "src/universalinit/templates/angular/eslint.config.mjs", "revision_history": [{"1583": "1aee8ed1eca8330cc765b711c43546e90b04ff39"}]}