{"is_source_file": false, "format": "", "description": "", "external_files": [], "external_methods": [], "published": [], "classes": [], "methods": [], "calls": [], "search-terms": [], "state": 2, "file_id": 162, "knowledge_revision": 550, "git_revision": "c72e45395c8cbb718ef47a26d5c14b6e6b420062", "hash": "1faefbc1d7c9266f2d3e0ce15105c046", "format-version": 4, "code-base-name": "universalinit", "filename": "src/universalinit/templates/angular/config.yml", "revision_history": [{"550": "c72e45395c8cbb718ef47a26d5c14b6e6b420062"}]}