{"is_source_file": false, "format": "", "description": "", "external_files": [], "external_methods": [], "published": [], "classes": [], "methods": [], "calls": [], "search-terms": [], "state": 2, "file_id": 616, "knowledge_revision": 1625, "git_revision": "1aee8ed1eca8330cc765b711c43546e90b04ff39", "hash": "293c35623e48e3833594da6aee70ebe4", "format-version": 4, "code-base-name": "universalinit", "filename": "src/universalinit/templates/slidev/slides.md", "revision_history": [{"1625": "1aee8ed1eca8330cc765b711c43546e90b04ff39"}]}