{"is_source_file": true, "format": "TypeScript", "description": "This file defines a Vue Router instance, setting up routes for the application including lazy-loaded components for 'About' view.", "external_files": ["../views/HomeView.vue", "../views/AboutView.vue"], "external_methods": ["createRouter", "createWebHistory"], "published": ["router"], "classes": [], "methods": [{"name": "createRouter", "description": "Function to create and configure a Vue Router instance."}, {"name": "createWebHistory", "description": "Function to create a history mode for the router, based on the browser's history API."}], "calls": ["createRouter", "createWebHistory", "import", "import"], "search-terms": ["vue-router", "index.ts", "createRouter", "createWebHistory", "lazy-loading", "route configuration"], "state": 2, "file_id": 664, "knowledge_revision": 1685, "git_revision": "1aee8ed1eca8330cc765b711c43546e90b04ff39", "ctags": [{"_type": "tag", "name": "router", "path": "/home/kavia/workspace/code-generation/universalinit/src/universalinit/templates/vue/src/router/index.ts", "pattern": "/^const router = createRouter({$/", "language": "TypeScript", "kind": "constant"}], "hash": "02a9178fa62f3f68233f38a3fec1a798", "format-version": 4, "code-base-name": "universalinit", "filename": "src/universalinit/templates/vue/src/router/index.ts", "revision_history": [{"1685": "1aee8ed1eca8330cc765b711c43546e90b04ff39"}]}