{"is_source_file": true, "format": "TypeScript (TSX)", "description": "A React-like component using Qwik framework that renders a footer with links, styles, and server time data.", "external_files": ["@builder.io/qwik", "../../../routes/layout", "./footer.module.css"], "external_methods": ["component$", "useServerTimeLoader"], "published": [], "classes": [], "methods": [{"name": "default", "description": "The main footer component that displays builder link, server time, and styled layout."}], "calls": ["component$", "useServerTimeLoader"], "search-terms": ["footer", "Qwik component", "footer.tsx", "useServerTimeLoader", "component$", "styles", "serverTime", "footer.module.css"], "state": 2, "file_id": 525, "knowledge_revision": 1545, "git_revision": "1aee8ed1eca8330cc765b711c43546e90b04ff39", "ctags": [], "hash": "5e83eb5470cf84aff350a45599f1b87a", "format-version": 4, "code-base-name": "universalinit", "filename": "src/universalinit/templates/qwik/src/components/starter/footer/footer.tsx", "revision_history": [{"1545": "1aee8ed1eca8330cc765b711c43546e90b04ff39"}]}