{"is_source_file": true, "format": "TypeScript (TSX)", "description": "This file defines a Todo List component using Qwik framework, including state management, form handling, and route data loading.", "external_files": ["@builder.io/qwik", "@builder.io/qwik-city", "./todolist.module.css"], "external_methods": ["component$", "routeLoader$", "routeAction$", "zod$", "z"], "published": ["head"], "classes": [], "methods": [{"name": "useListLoader", "description": "Loads the list data for the Todo List component."}, {"name": "useAddToListAction", "description": "Handles adding new items to the Todo List with validation."}], "calls": ["useListLoader()", "useAddToListAction()"], "search-terms": ["Qwik Todo List", "routeLoader$", "routeAction$", "component$", "Form", "list push", "zod validation"], "state": 2, "file_id": 527, "knowledge_revision": 1557, "git_revision": "1aee8ed1eca8330cc765b711c43546e90b04ff39", "ctags": [], "hash": "0d567d93bc8d060df1fc07dcc693ed4e", "format-version": 4, "code-base-name": "universalinit", "filename": "src/universalinit/templates/qwik/src/routes/demo/todolist/index.tsx", "revision_history": [{"1557": "1aee8ed1eca8330cc765b711c43546e90b04ff39"}]}