{"is_source_file": true, "format": "TypeScript (TS) / JavaScript (JS)", "description": "This file is a configuration file for Vite, a build tool commonly used for Vue.js projects. It sets up plugins, resolve aliases, and server options for the development environment.", "external_files": ["node:url", "@vitejs/plugin-vue", "vite-plugin-vue-devtools"], "external_methods": ["fileURLToPath", "URL", "defineConfig", "vue", "vueJsx", "vueDevTools"], "published": ["default export (configuration object)"], "classes": [], "methods": [{"name": "defineConfig", "description": "Defines and exports the Vite configuration object with plugin and server settings."}, {"name": "vue", "description": "Vite plugin for Vue.js framework"}, {"name": "vueJsx", "description": "Vite plugin for Vue JSX support"}, {"name": "vueDevTools", "description": "Vite plugin for Vue.js development tools integration"}], "calls": ["vue()", "vueJsx()", "vueDevTools()", "fileURLToPath(new URL('./src', import.meta.url))"], "search-terms": ["vite.config.ts", "defineConfig", "vue plugin", "alias", "server configuration"], "state": 2, "file_id": 465, "knowledge_revision": 1490, "git_revision": "1aee8ed1eca8330cc765b711c43546e90b04ff39", "ctags": [], "hash": "651273496df370ea0757c4c61a2c9ee4", "format-version": 4, "code-base-name": "universalinit", "filename": "src/universalinit/templates/vue/vite.config.ts", "revision_history": [{"1490": "1aee8ed1eca8330cc765b711c43546e90b04ff39"}]}