{"is_source_file": true, "format": "TypeScript (TSX)", "description": "This file defines a Qwik component that renders a gauge with an animated arc, displaying a value from 0 to 100, with styling and gradient effects.", "external_files": ["@builder.io/qwik", "./gauge.module.css"], "external_methods": ["component$"], "published": [], "classes": [], "methods": [{"name": "default", "description": "Qwik component function that renders a gauge SVG with dynamic stroke based on the 'value' prop."}], "calls": ["component$"], "search-terms": ["Qwik gauge component", "progress circle SVG", "gauge visualization", "React-like Qwik component", "TypeScript SVG gauge"], "state": 2, "file_id": 561, "knowledge_revision": 1581, "git_revision": "1aee8ed1eca8330cc765b711c43546e90b04ff39", "ctags": [], "hash": "27f4579126cf32b622a56b0aff87aafc", "format-version": 4, "code-base-name": "universalinit", "filename": "src/universalinit/templates/qwik/src/components/starter/gauge/index.tsx", "revision_history": [{"1581": "1aee8ed1eca8330cc765b711c43546e90b04ff39"}]}