{"is_source_file": true, "format": "TypeScript", "description": "This file serves as the entry point for a Remotion project, registering the root component for rendering videos.", "external_files": ["./Root"], "external_methods": ["registerRoot"], "published": ["registerRoot"], "classes": [{"name": "RemotionRoot", "description": "The root React component imported from './Root' used as the main component for video rendering."}], "methods": [{"name": "registerRoot", "description": "Registers the main React component for the Remotion video rendering process, provided by the 'remotion' library."}], "calls": ["registerRoot(RemotionRoot)"], "search-terms": ["remotion", "registerRoot", "index.ts", "entry file", "remotion render"], "state": 2, "file_id": 632, "knowledge_revision": 1650, "git_revision": "1aee8ed1eca8330cc765b711c43546e90b04ff39", "ctags": [], "hash": "6c2ce436880cb16c98160769ed0f6150", "format-version": 4, "code-base-name": "universalinit", "filename": "src/universalinit/templates/remotion/src/index.ts", "revision_history": [{"1650": "1aee8ed1eca8330cc765b711c43546e90b04ff39"}]}