{"is_source_file": false, "format": "", "description": "", "external_files": [], "external_methods": [], "published": [], "classes": [], "methods": [], "calls": [], "search-terms": [], "state": 2, "file_id": 107, "knowledge_revision": 500, "git_revision": "4330057fca31336bcc735d1a8030957ee6598c61", "hash": "059da2d8407d22687bdb86fa1367e5ad", "format-version": 4, "code-base-name": "universalinit", "filename": "src/universalinit/templates/typescript/src/style.css", "revision_history": [{"500": "4330057fca31336bcc735d1a8030957ee6598c61"}]}