{"is_source_file": true, "format": "JavaScript", "description": "This file defines a LightningJS component called 'Loader' that displays a simple animated loading indicator with three circles that fade in and out.", "external_files": ["@lightningjs/blits"], "external_methods": [], "published": ["default"], "classes": [{"name": "Loader", "description": "A LightningJS component for displaying a loading indicator with animated circles."}], "methods": [{"name": "start", "description": "Starts an interval that toggles the alpha property between 0 and 1 to animate the circles."}], "calls": ["this.$setInterval"], "search-terms": ["LightningJS", "Loader component", "animated circles", "loading indicator", "template"], "state": 2, "file_id": 589, "knowledge_revision": 1623, "git_revision": "1aee8ed1eca8330cc765b711c43546e90b04ff39", "ctags": [], "hash": "0ec1151cdc25744075ba4da8e3d65407", "format-version": 4, "code-base-name": "universalinit", "filename": "src/universalinit/templates/lightningjs/src/components/Loader.js", "revision_history": [{"1623": "1aee8ed1eca8330cc765b711c43546e90b04ff39"}]}