{"is_source_file": true, "format": "HTML", "description": "This HTML file defines the frontend interface for a Database Viewer application. It includes markup, styles, and client-side scripts to browse, select, and display database tables and their data, with features like refresh, expandable cells, and responsive layout.", "external_files": ["/api/databases", "/api/{db}/tables", "/api/{db}/tables/{tableName}/data?limit=50"], "external_methods": ["fetch"], "published": [], "classes": [], "methods": [{"name": "loadDatabases", "description": "Fetches the list of available databases and populates the sidebar."}, {"name": "refreshDatabases", "description": "Refreshes the database list, resetting current selections."}, {"name": "toggleDatabase", "description": "Expands or collapses the list of tables for a selected database."}, {"name": "loadTables", "description": "Loads and displays tables for a selected database."}, {"name": "loadTableData", "description": "Fetches and renders data for a selected table."}, {"name": "renderTable", "description": "Dynamically generates HTML for displaying table data."}, {"name": "renderCell", "description": "Creates HTML for individual table cells, supporting expandable content."}, {"name": "expandCell", "description": "Expands or collapses cell contents for long or object data."}], "calls": ["fetchData('/api/databases')", "fetchData(`/api/${db}/tables`)", "fetchData(`/api/${db}/tables/${tableName}/data?limit=50`)"], "search-terms": ["Database Viewer", "HTML frontend", "browse tables", "expandable cells", "dynamic table rendering", "responsive layout", "fetch API"], "state": 2, "file_id": 644, "knowledge_revision": 1663, "git_revision": "1aee8ed1eca8330cc765b711c43546e90b04ff39", "hash": "ee63333a4841bf025439c755a74c9881", "format-version": 4, "code-base-name": "universalinit", "filename": "src/universalinit/common/db_visualizer/public/index.html", "revision_history": [{"1663": "1aee8ed1eca8330cc765b711c43546e90b04ff39"}]}