{"is_source_file": true, "format": "Python", "description": "Defines a Flask route for health checking, utilizing Flask and flask_smorest Blueprints, providing a simple endpoint that returns a health status message.", "external_files": ["flask_smorest"], "external_methods": ["Blueprint"], "published": [], "classes": [{"name": "HealthCheck", "description": "A Flask MethodView class providing a GET endpoint for health status."}], "methods": [{"name": "get(self)", "description": "Handles GET requests to the health check route, returning a JSON indicating health status.", "scope": "HealthCheck", "scopeKind": "class"}], "calls": ["blp.route"], "search-terms": ["health check", "flask_smorest", "Blueprint", "MethodView", "/health", "health endpoint"], "state": 2, "file_id": 372, "knowledge_revision": 1390, "git_revision": "1aee8ed1eca8330cc765b711c43546e90b04ff39", "ctags": [{"_type": "tag", "name": "HealthCheck", "path": "/home/kavia/workspace/code-generation/universalinit/src/universalinit/templates/flask/app/routes/health.py", "pattern": "/^class HealthCheck(MethodView):$/", "language": "Python", "kind": "class"}, {"_type": "tag", "name": "blp", "path": "/home/kavia/workspace/code-generation/universalinit/src/universalinit/templates/flask/app/routes/health.py", "pattern": "/^blp = Blueprint(\"Healt Check\", \"health check\", url_prefix=\"\\/\", description=\"Health check route\"/", "language": "Python", "kind": "variable"}, {"_type": "tag", "name": "get", "path": "/home/kavia/workspace/code-generation/universalinit/src/universalinit/templates/flask/app/routes/health.py", "pattern": "/^    def get(self):$/", "language": "Python", "kind": "member", "signature": "(self)", "scope": "HealthCheck", "scopeKind": "class"}], "hash": "5ccb26207c10cfd25878b9712bbd6409", "format-version": 4, "code-base-name": "universalinit", "filename": "src/universalinit/templates/flask/app/routes/health.py", "fields": [{"name": "blp = Blueprint(\"Healt Check\", \"health check\", url_prefix=\"\\/\", description=\"Health check route\"/", "scope": "", "scopeKind": "", "description": "unavailable"}], "revision_history": [{"1390": "1aee8ed1eca8330cc765b711c43546e90b04ff39"}]}