{"is_source_file": true, "format": "Python", "description": "This file is a Python script that provides a command-line interface for initializing various software projects based on user-specified parameters. It handles argument parsing, project configuration creation, and invokes templates to set up projects. It also outputs structured JSON summaries of the initialization process.", "external_files": ["universalinit.templateconfig", "universalinit.universalinit"], "external_methods": ["universalinit.templateconfig.TemplateInitInfo", "universalinit.universalinit.ProjectConfig", "universalinit.universalinit.ProjectType", "universalinit.universalinit.ProjectInitializer", "universalinit.universalinit.ProjectType.from_string"], "published": ["main"], "classes": [], "methods": [{"name": "Dict[str,Any] parse_parameters(params_str: str)", "description": "Parses a comma-separated string of key=value pairs into a dictionary with typed values.", "scope": "", "scopeKind": ""}, {"name": "ProjectConfig create_project_config(args)", "description": "Creates a ProjectConfig object from CLI arguments.", "scope": "", "scopeKind": ""}, {"name": "str make_path_absolute(path: str, base_path: Path)", "description": "Converts a relative path to an absolute path based on the project directory.", "scope": "", "scopeKind": ""}, {"name": "dict template_init_info_to_dict(init_info: TemplateInitInfo, project_path: Path)", "description": "Converts a TemplateInitInfo object into a dict with absolute paths suitable for JSON serialization.", "scope": "", "scopeKind": ""}, {"name": "output_json(success: bool, message: str, template_info: TemplateInitInfo = None, project_path: Path = None)", "description": "Formats and prints a JSON response indicating success or failure, including project template info.", "scope": "", "scopeKind": ""}, {"name": "main()", "description": "Main CLI entry point handling argument parsing, project setup, and invocation of project initialization.", "scope": "", "scopeKind": ""}], "calls": ["argparse.ArgumentParser", "argparse.RawDescriptionHelpFormatter", "argparse.ArgumentParser.add_argument", "ProjectInitializer()", "create_project_config(args)", "initializer.template_factory.create_template(config)", "template.get_init_info()", "initializer.initialize_project(config)", "output_json"], "search-terms": ["CLI", "universalinit", "template_init_info", "project configuration", "argument parsing", "project initialization"], "state": 2, "file_id": 649, "knowledge_revision": 1665, "git_revision": "1aee8ed1eca8330cc765b711c43546e90b04ff39", "ctags": [{"_type": "tag", "name": "create_project_config", "path": "/home/kavia/workspace/code-generation/universalinit/src/universalinit/cli.py", "pattern": "/^def create_project_config(args) -> ProjectConfig:$/", "language": "Python", "typeref": "typename:ProjectConfig", "kind": "function", "signature": "(args)"}, {"_type": "tag", "name": "main", "path": "/home/kavia/workspace/code-generation/universalinit/src/universalinit/cli.py", "pattern": "/^def main():$/", "language": "Python", "kind": "function", "signature": "()"}, {"_type": "tag", "name": "make_path_absolute", "path": "/home/kavia/workspace/code-generation/universalinit/src/universalinit/cli.py", "pattern": "/^def make_path_absolute(path: str, base_path: Path) -> str:$/", "language": "Python", "typeref": "typename:str", "kind": "function", "signature": "(path: str, base_path: Path)"}, {"_type": "tag", "name": "output_json", "path": "/home/kavia/workspace/code-generation/universalinit/src/universalinit/cli.py", "pattern": "/^def output_json(success: bool, message: str, template_info: TemplateInitInfo = None, project_pat/", "language": "Python", "kind": "function", "signature": "(success: bool, message: str, template_info: TemplateInitInfo = None, project_path: Path = None)"}, {"_type": "tag", "name": "parse_parameters", "path": "/home/kavia/workspace/code-generation/universalinit/src/universalinit/cli.py", "pattern": "/^def parse_parameters(params_str: str) -> Dict[str, Any]:$/", "language": "Python", "typeref": "typename:Dict[str,Any]", "kind": "function", "signature": "(params_str: str)"}, {"_type": "tag", "name": "template_init_info_to_dict", "path": "/home/kavia/workspace/code-generation/universalinit/src/universalinit/cli.py", "pattern": "/^def template_init_info_to_dict(init_info: TemplateInitInfo, project_path: Path) -> dict:$/", "language": "Python", "typeref": "typename:dict", "kind": "function", "signature": "(init_info: TemplateInitInfo, project_path: Path)"}], "hash": "757b2e18b385e1a9f5ec0b4e7fc257e0", "format-version": 4, "code-base-name": "universalinit", "filename": "src/universalinit/cli.py", "revision_history": [{"1665": "1aee8ed1eca8330cc765b711c43546e90b04ff39"}]}