{"is_source_file": true, "format": "bash", "description": "A shell script to manage the startup, verification, and setup of a MongoDB server, including user creation and environment variable configuration.", "external_files": ["db_connection.txt", "db_visualizer/mongodb.env", "/var/lib/mongodb/mongod.log"], "external_methods": ["mongosh", "pgrep", "sudo", "lsof", "pkill", "sleep", "echo", "cat", "rm"], "published": [], "classes": [], "methods": [], "calls": ["mongosh", "pgrep", "sudo", "lsof", "pkill", "sleep", "echo", "cat", "rm"], "search-terms": ["mongodb", "startup", "bash script", "user creation", "database setup", "mongo port", "mongosh", "mongod", "mongo connection"], "state": 2, "file_id": 475, "knowledge_revision": 1500, "git_revision": "1aee8ed1eca8330cc765b711c43546e90b04ff39", "hash": "a5cffa3a0c62b0ad3e0a1886acab1420", "format-version": 4, "code-base-name": "universalinit", "filename": "src/universalinit/templates/mongodb/startup.sh", "revision_history": [{"1500": "1aee8ed1eca8330cc765b711c43546e90b04ff39"}]}