{"is_source_file": true, "format": "JavaScript", "description": "A JavaScript module exporting a setupCounter function that initializes a counter on a DOM element, updating the UI and handling click events.", "external_files": [], "external_methods": [], "published": ["setupCounter"], "classes": [], "methods": [{"name": "setupCounter(element)", "description": "Initializes a counter on the given DOM element, updates innerHTML, and adds a click event listener to increment the counter.", "scope": "", "scopeKind": ""}], "calls": ["element.addEventListener", "setCounter"], "search-terms": ["setupCounter", "counter", "click event", "innerHTML"], "state": 2, "file_id": 426, "knowledge_revision": 1452, "git_revision": "1aee8ed1eca8330cc765b711c43546e90b04ff39", "ctags": [{"_type": "tag", "name": "setupCounter", "path": "/home/kavia/workspace/code-generation/universalinit/src/universalinit/templates/vite/src/counter.js", "pattern": "/^export function setupCounter(element) {$/", "language": "JavaScript", "kind": "function", "signature": "(element)"}], "hash": "2ac86fab0c68ff8890db658663b5b7f5", "format-version": 4, "code-base-name": "universalinit", "filename": "src/universalinit/templates/vite/src/counter.js", "revision_history": [{"1452": "1aee8ed1eca8330cc765b711c43546e90b04ff39"}]}