{"is_source_file": true, "format": "TypeScript", "description": "This file is a configuration script for the Remotion library, setting specific configuration options such as video image format and output overwrite behavior.", "external_files": ["@remotion/cli/config"], "external_methods": ["Config.setVideoImageFormat", "Config.setOverwriteOutput"], "published": [], "classes": [], "methods": [{"name": "Config.setVideoImageFormat", "description": "Sets the format for video images, e.g., 'jpeg'."}, {"name": "Config.setOverwriteOutput", "description": "Configures whether to overwrite existing output files."}], "calls": ["Config.setVideoImageFormat", "Config.setOverwriteOutput"], "search-terms": ["remotion", "config", "setVideoImageFormat", "setOverwriteOutput", "remotion.config.ts"], "state": 2, "file_id": 375, "knowledge_revision": 1393, "git_revision": "1aee8ed1eca8330cc765b711c43546e90b04ff39", "ctags": [], "hash": "59c56da67f1bfdb377d7df8bd4fadc25", "format-version": 4, "code-base-name": "universalinit", "filename": "src/universalinit/templates/remotion/remotion.config.ts", "revision_history": [{"1393": "1aee8ed1eca8330cc765b711c43546e90b04ff39"}]}