{"is_source_file": true, "format": "JavaScript", "description": "This file is an ESLint configuration script tailored for a project using Svelte, TypeScript, and JavaScript. It combines various recommended settings, specifies file-specific overrides, and sets global variables for linting.", "external_files": ["@eslint/js", "@eslint/compat", "eslint-plugin-svelte", "globals", "node:url", "typescript-eslint", "./svelte.config.js"], "external_methods": ["js.config", "includeIgnoreFile", "svelte.configs.recommended", "ts.config", "fileURLToPath"], "published": ["default"], "classes": [], "methods": [{"name": "ts.config", "description": "Generates ESLint configuration using TypeScript plugin settings and overrides."}, {"name": "includeIgnoreFile", "description": "Includes files to be ignored based on a .gitignore file."}, {"name": "fileURLToPath", "description": "Converts a file URL to a filesystem path."}], "calls": ["ts.config", "includeIgnoreFile", "js.config", "ts.configs.recommended"], "search-terms": ["eslint.config.js", "typescript-eslint", "eslint-plugin-svelte", "svelte.config.js", "recommended"], "state": 2, "file_id": 582, "knowledge_revision": 1602, "git_revision": "1aee8ed1eca8330cc765b711c43546e90b04ff39", "ctags": [{"_type": "tag", "name": "gitignorePath", "path": "/home/kavia/workspace/code-generation/universalinit/src/universalinit/templates/svelte/eslint.config.js", "pattern": "/^const gitignorePath = fileURLToPath(new URL(\".\\/.gitignore\", import.meta.url));$/", "language": "JavaScript", "kind": "constant"}], "hash": "a81d06efe1486ab8e93e8c96a9bdf6b8", "format-version": 4, "code-base-name": "universalinit", "filename": "src/universalinit/templates/svelte/eslint.config.js", "revision_history": [{"1602": "1aee8ed1eca8330cc765b711c43546e90b04ff39"}]}