{"is_source_file": false, "format": "", "description": "", "external_files": [], "external_methods": [], "published": [], "classes": [], "methods": [], "calls": [], "search-terms": [], "state": 2, "file_id": 422, "knowledge_revision": 1431, "git_revision": "1aee8ed1eca8330cc765b711c43546e90b04ff39", "hash": "26bb961e6db4f0aa323b976d50f25801", "format-version": 4, "code-base-name": "universalinit", "filename": "src/universalinit/templates/vite/index.html", "revision_history": [{"1431": "1aee8ed1eca8330cc765b711c43546e90b04ff39"}]}