{"is_source_file": true, "format": "JavaScript", "description": "This file defines a LightningJS component named 'Loader' that displays a loader animation with three circles fading in and out.", "external_files": ["@lightningjs/blits"], "external_methods": ["Blits.Component"], "published": ["Loader"], "classes": [{"name": "Loader", "description": "A LightningJS component for displaying a loading indicator with animated circles."}], "methods": [{"name": "start", "description": "Starts an interval to toggle the alpha property between 0 and 1, creating a fade transition for the circles."}], "calls": ["this.$setInterval"], "search-terms": ["LightningJS", "loader component", "Circle animation", "Loader.js", "components", "fade-in fade-out"], "state": 2, "file_id": 367, "knowledge_revision": 1388, "git_revision": "1aee8ed1eca8330cc765b711c43546e90b04ff39", "ctags": [], "hash": "0ec1151cdc25744075ba4da8e3d65407", "format-version": 4, "code-base-name": "universalinit", "filename": "src/universalinit/templates/lightningjs/src/components/Loader.js", "revision_history": [{"1388": "1aee8ed1eca8330cc765b711c43546e90b04ff39"}]}