{"is_source_file": false, "format": "", "description": "", "external_files": [], "external_methods": [], "published": [], "classes": [], "methods": [], "calls": [], "search-terms": ["Assets.xcassets", "Contents.json", "LaunchScreen-AspectFill.png", "iOS", "imageset"], "state": 2, "file_id": 467, "knowledge_revision": 1487, "git_revision": "1aee8ed1eca8330cc765b711c43546e90b04ff39", "hash": "c6e1494f67c0a4aafea7dc776964f01c", "format-version": 4, "code-base-name": "universalinit", "filename": "src/universalinit/templates/nativescript/App_Resources/iOS/Assets.xcassets/LaunchScreen.AspectFill.imageset/Contents.json", "revision_history": [{"1487": "1aee8ed1eca8330cc765b711c43546e90b04ff39"}]}