{"is_source_file": true, "format": "TypeScript (TSX/React-like component)", "description": "A Qwik component file defining a 'hero' section with an image, header text, and buttons, including a confetti animation on button click.", "external_files": ["./hero.module.css", "../../../media/thunder.png?jsx", "https://cdn.jsdelivr.net/npm/canvas-confetti@1.5.1/dist/confetti.browser.min.js"], "external_methods": ["component$", "document.createElement", "document.head.appendChild", "setTimeout"], "published": [], "classes": [], "methods": [{"name": "loadConfetti", "description": "Dynamically loads the confetti script and returns the confetti function."}, {"name": "shoot", "description": "Triggers the confetti animation with specified parameters."}], "calls": ["component$", "document.createElement", "document.head.appendChild", "setTimeout", "loadConfetti", "confetti"], "search-terms": ["Qwik hero component", "confetti animation", "confetti.js script load", "hero image thunder", "hero.tsx"], "state": 2, "file_id": 520, "knowledge_revision": 1542, "git_revision": "1aee8ed1eca8330cc765b711c43546e90b04ff39", "ctags": [], "hash": "42d45447efa998ad31a8bf6cd455b5c1", "format-version": 4, "code-base-name": "universalinit", "filename": "src/universalinit/templates/qwik/src/components/starter/hero/hero.tsx", "revision_history": [{"1542": "1aee8ed1eca8330cc765b711c43546e90b04ff39"}]}