{"is_source_file": true, "format": "JavaScript", "description": "This file is the entry point for a React application, setting up rendering of the main App component into the DOM.", "external_files": ["react", "react-dom/client", "./index.css", "./App"], "external_methods": ["ReactDOM.createRoot", "root.render"], "published": ["React", "ReactDOM", "root"], "classes": [], "methods": [{"name": "ReactDOM.createRoot", "description": "Creates a React root for rendering into a DOM element."}, {"name": "root.render", "description": "Renders a React element into the root."}], "calls": ["ReactDOM.createRoot", "root.render"], "search-terms": ["React", "react-dom", "index.js", "render", "React.StrictMode", "App component"], "state": 2, "file_id": 526, "knowledge_revision": 1552, "git_revision": "1aee8ed1eca8330cc765b711c43546e90b04ff39", "ctags": [{"_type": "tag", "name": "root", "path": "/home/kavia/workspace/code-generation/universalinit/src/universalinit/templates/react/src/index.js", "pattern": "/^const root = ReactDOM.createRoot(document.getElementById('root'));$/", "language": "JavaScript", "kind": "constant"}], "hash": "9fc5841375336fc175b49f8767a11383", "format-version": 4, "code-base-name": "universalinit", "filename": "src/universalinit/templates/react/src/index.js", "revision_history": [{"1552": "1aee8ed1eca8330cc765b711c43546e90b04ff39"}]}