{"is_source_file": true, "format": "TypeScript/TSX", "description": "A React functional component named 'Atom' that renders an SVG circle with a dynamic linear gradient fill, utilizing remotion and react hooks.", "external_files": ["react", "remotion"], "external_methods": ["useState", "useVideoConfig", "random"], "published": ["Atom"], "classes": [], "methods": [{"name": "Atom", "description": "React functional component that displays an animated SVG circle with gradient fill based on props."}], "calls": ["useState", "useVideoConfig", "random"], "search-terms": ["React.FC", "SVG", "remotion", "dynamic gradient", "Atom component", "useVideoConfig", "random gradient ID"], "state": 2, "file_id": 410, "knowledge_revision": 1424, "git_revision": "1aee8ed1eca8330cc765b711c43546e90b04ff39", "ctags": [], "hash": "84d6d103c82561539bc9e4df504626a7", "format-version": 4, "code-base-name": "universalinit", "filename": "src/universalinit/templates/remotion/src/HelloWorld/Atom.tsx", "revision_history": [{"1424": "1aee8ed1eca8330cc765b711c43546e90b04ff39"}]}