{"is_source_file": true, "format": "TypeScript/TSX", "description": "This file defines a Qwik component that generates a dynamic flower visualization with interactive controls and animated effects.", "external_files": ["./flower.css?inline"], "external_methods": ["useVisibleTask$", "useStore", "useStylesScoped$", "component$", "useLocation"], "published": ["head"], "classes": [], "methods": [], "calls": ["setTimeout", "clearTimeout", "setInterval", "clearInterval"], "search-terms": ["Qwik", "flower", "flower.css", "animation", "dynamic rendering", "useStore", "useVisibleTask$", "useStylesScoped$", "component$", "useLocation"], "state": 2, "file_id": 388, "knowledge_revision": 1404, "git_revision": "1aee8ed1eca8330cc765b711c43546e90b04ff39", "ctags": [], "hash": "2e6a607b7754724938912b649e3138c1", "format-version": 4, "code-base-name": "universalinit", "filename": "src/universalinit/templates/qwik/src/routes/demo/flower/index.tsx", "revision_history": [{"1404": "1aee8ed1eca8330cc765b711c43546e90b04ff39"}]}