{"is_source_file": true, "format": "Python", "description": "Django application configuration file defining the API app configuration class.", "external_files": ["django/apps"], "external_methods": ["django.apps.AppConfig"], "published": ["ApiConfig"], "classes": [{"name": "ApiConfig", "description": "Django AppConfig subclass for the 'api' application, setting default auto field and app name."}], "methods": [], "calls": [], "search-terms": ["django", "ApiConfig", "apps.py", "default_auto_field", "name"], "state": 2, "file_id": 422, "knowledge_revision": 1439, "git_revision": "1aee8ed1eca8330cc765b711c43546e90b04ff39", "ctags": [{"_type": "tag", "name": "ApiConfig", "path": "/home/kavia/workspace/code-generation/universalinit/src/universalinit/templates/django/api/apps.py", "pattern": "/^class ApiConfig(AppConfig):$/", "language": "Python", "kind": "class"}, {"_type": "tag", "name": "default_auto_field", "path": "/home/kavia/workspace/code-generation/universalinit/src/universalinit/templates/django/api/apps.py", "pattern": "/^    default_auto_field = 'django.db.models.BigAutoField'$/", "language": "Python", "kind": "variable", "scope": "ApiConfig", "scopeKind": "class"}, {"_type": "tag", "name": "name", "path": "/home/kavia/workspace/code-generation/universalinit/src/universalinit/templates/django/api/apps.py", "pattern": "/^    name = 'api'$/", "language": "Python", "kind": "variable", "scope": "ApiConfig", "scopeKind": "class"}], "hash": "bab3d631f5f5469f51f393529afba367", "format-version": 4, "code-base-name": "universalinit", "filename": "src/universalinit/templates/django/api/apps.py", "fields": [{"name": "default_auto_field = 'django.db.models.BigAutoField'", "scope": "ApiConfig", "scopeKind": "class", "description": "unavailable"}, {"name": "name = 'api'", "scope": "ApiConfig", "scopeKind": "class", "description": "unavailable"}], "revision_history": [{"1439": "1aee8ed1eca8330cc765b711c43546e90b04ff39"}]}