{"is_source_file": true, "format": "TypeScript (Angular Test Specification)", "description": "This file contains unit tests for the Angular AppComponent, checking its creation, title property, and rendering behavior.", "external_files": ["./app.component"], "external_methods": ["TestBed.configureTestingModule", "TestBed.createComponent", "fixture.detectChanges()", "compiled.querySelector"], "published": [], "classes": [{"name": "AppComponent", "description": "Angular component being tested"}], "methods": [{"name": "should create the app", "description": "Test to verify that the AppComponent is created successfully"}, {"name": "should have the 'angular' title", "description": "Test to verify that the title property of AppComponent is set to 'angular'"}, {"name": "should render title", "description": "Test to verify that the component renders the title text correctly in the DOM"}], "calls": ["TestBed.configureTestingModule", "TestBed.createComponent", "fixture.detectChanges()", "compiled.querySelector"], "search-terms": ["Angular", "unit test", "app.component.spec.ts", "TestBed", "component", "spec"], "state": 2, "file_id": 610, "knowledge_revision": 1639, "git_revision": "1aee8ed1eca8330cc765b711c43546e90b04ff39", "ctags": [{"_type": "tag", "name": "app", "path": "/home/kavia/workspace/code-generation/universalinit/src/universalinit/templates/angular/src/app/app.component.spec.ts", "pattern": "/^    const app = fixture.componentInstance;$/", "language": "TypeScript", "kind": "constant"}, {"_type": "tag", "name": "compiled", "path": "/home/kavia/workspace/code-generation/universalinit/src/universalinit/templates/angular/src/app/app.component.spec.ts", "pattern": "/^    const compiled = fixture.nativeElement as HTMLElement;$/", "language": "TypeScript", "kind": "constant"}, {"_type": "tag", "name": "fixture", "path": "/home/kavia/workspace/code-generation/universalinit/src/universalinit/templates/angular/src/app/app.component.spec.ts", "pattern": "/^    const fixture = TestBed.createComponent(AppComponent);$/", "language": "TypeScript", "kind": "constant"}], "hash": "5bff32fedc85513ebb007e779659ab1b", "format-version": 4, "code-base-name": "universalinit", "filename": "src/universalinit/templates/angular/src/app/app.component.spec.ts", "revision_history": [{"1639": "1aee8ed1eca8330cc765b711c43546e90b04ff39"}]}