{"is_source_file": true, "format": "JavaScript", "description": "This is a JavaScript source file defining a LightningJS component called 'Home'. It imports external components and libraries, and specifies the component's structure, initial state, lifecycle hooks, and methods.", "external_files": ["@lightningjs/blits", "../components/Loader.js", "../components/Button.js"], "external_methods": ["Blits.Component"], "published": ["default", "rotateColors"], "classes": [{"name": "Home", "description": "A LightningJS component representing the home page with animated logo, loader, and button."}], "methods": [{"name": "rotateColors", "description": "Animates the color of the loader component by cycling through a predefined colors array at a specified interval."}], "calls": ["$setTimeout", "$setInterval", "$focus", "$select"], "search-terms": ["LightningJS Home component", "Home.js Lightning component", "loader and button components", "logo animation LightningJS", "LightningJS component with import Blits"], "state": 2, "file_id": 434, "knowledge_revision": 1464, "git_revision": "1aee8ed1eca8330cc765b711c43546e90b04ff39", "ctags": [{"_type": "tag", "name": "colors", "path": "/home/kavia/workspace/code-generation/universalinit/src/universalinit/templates/lightningjs/src/pages/Home.js", "pattern": "/^const colors = ['#f5f3ff', '#ede9fe', '#ddd6fe', '#c4b5fd', '#a78bfa']$/", "language": "JavaScript", "kind": "constant"}], "hash": "26a944e344bdf4adc32f5fef7345bff7", "format-version": 4, "code-base-name": "universalinit", "filename": "src/universalinit/templates/lightningjs/src/pages/Home.js", "revision_history": [{"1464": "1aee8ed1eca8330cc765b711c43546e90b04ff39"}]}