{"is_source_file": true, "format": "Dart", "description": "A Flutter application's main entry point defining the main UI structure with a simple home page displaying a message and a progress indicator.", "external_files": ["package:flutter/material.dart"], "external_methods": ["runApp", "MaterialApp", "ThemeData", "ColorScheme.fromSeed", "Colors.blue", "StatelessWidget", "StatefulWidget", "Scaffold", "AppBar", "Theme.of", "Text", "SizedBox", "CircularProgressIndicator"], "published": ["main", "MyApp", "MyHomePage", "_MyHomePageState"], "classes": [{"name": "MyApp", "description": "Root widget of the application setting up the material theme and initial home page."}, {"name": "MyHomePage", "description": "Stateful widget representing the home screen with a title."}, {"name": "_MyHomePageState", "description": "State class managing the build of the home page, displaying a progress indicator and message."}], "methods": [{"name": "main", "description": "Main function that runs the Flutter app."}, {"name": "build", "description": "Build method for MyApp and _MyHomePageState, constructing widgets."}, {"name": "createState", "description": "Creates the mutable state for MyHomePage."}], "calls": ["runApp", "MaterialApp", "ThemeData", "ColorScheme.fromSeed", "Colors.blue", "Scaffold", "AppBar", "Theme.of", "Text", "SizedBox", "CircularProgressIndicator"], "search-terms": ["Flutter main.dart", "MaterialApp", "StatelessWidget", "StatefulWidget", "home page", "progress indicator", "KAVIA_TEMPLATE_PROJECT_NAME", "Flutter app entry point"], "state": 2, "file_id": 422, "knowledge_revision": 1453, "git_revision": "1aee8ed1eca8330cc765b711c43546e90b04ff39", "hash": "601e9fda3eb2a914ab8f872f256fe019", "format-version": 4, "code-base-name": "universalinit", "filename": "src/universalinit/templates/flutter/lib/main.dart", "revision_history": [{"1453": "1aee8ed1eca8330cc765b711c43546e90b04ff39"}]}