{"is_source_file": true, "format": "TypeScript", "description": "Main entry point for an Angular application that bootstraps the root application component.", "external_files": ["@angular/platform-browser", "./app/app.config", "./app/app.component"], "external_methods": ["bootstrapApplication"], "published": [], "classes": [], "methods": [{"name": "bootstrapApplication", "description": "Function to bootstrap an Angular application with the root component and configuration."}], "calls": ["bootstrapApplication(AppComponent, appConfig)"], "search-terms": ["Angular", "bootstrapApplication", "main.ts", "application bootstrap", "AppComponent"], "state": 2, "file_id": 500, "knowledge_revision": 1522, "git_revision": "1aee8ed1eca8330cc765b711c43546e90b04ff39", "ctags": [], "hash": "c986c915181c0d91d6ea1af9fc003131", "format-version": 4, "code-base-name": "universalinit", "filename": "src/universalinit/templates/angular/src/main.ts", "revision_history": [{"1522": "1aee8ed1eca8330cc765b711c43546e90b04ff39"}]}