{"is_source_file": false, "format": "", "description": "", "external_files": [], "external_methods": [], "published": [], "classes": [], "methods": [], "calls": [], "search-terms": ["Element attributes", "Lightning 3 Renderer", "blits template", "supported element attributes", "positioning and dimensions", "percentages", "predefined placement", "colors", "gradients", "alpha", "rotation", "scaling", "mounting point", "pivot point", "clipping", "overflow"], "state": 2, "file_id": 555, "knowledge_revision": 1581, "git_revision": "1aee8ed1eca8330cc765b711c43546e90b04ff39", "hash": "8c276385d994be560cb01ce51f7fda0b", "format-version": 4, "code-base-name": "universalinit", "filename": "src/universalinit/templates/lightningjs/docs/essentials_element_attributes.md", "revision_history": [{"1581": "1aee8ed1eca8330cc765b711c43546e90b04ff39"}]}