{"is_source_file": true, "format": "TypeScript/TSX", "description": "This file defines a React layout component for a Next.js application, including font imports and metadata configuration.", "external_files": ["next/font/google", "./globals.css"], "external_methods": ["Next.js's Metadata type"], "published": ["metadata"], "classes": [], "methods": [{"name": "RootLayout", "description": "React component that defines the overall layout structure, applying fonts and rendering child components."}], "calls": ["Geist", "Geist_Mono", "React.createElement", "html", "body"], "search-terms": ["layout.tsx", "Next.js", "React", "font", "metadata"], "state": 2, "file_id": 403, "knowledge_revision": 1426, "git_revision": "1aee8ed1eca8330cc765b711c43546e90b04ff39", "ctags": [], "hash": "5f8776fc8a71cd5f17746f7ac3672e84", "format-version": 4, "code-base-name": "universalinit", "filename": "src/universalinit/templates/nextjs/src/app/layout.tsx", "revision_history": [{"1426": "1aee8ed1eca8330cc765b711c43546e90b04ff39"}]}