{"is_source_file": true, "format": "Python", "description": "This file defines URL patterns for a Django application, mapping the 'health/' URL to the 'health' view.", "external_files": ["django.urls"], "external_methods": ["django.urls.path"], "published": [], "classes": [], "methods": [{"name": "health", "description": "A view function imported from the local views module, handling the 'health/' endpoint."}], "calls": ["django.urls.path", "views.health"], "search-terms": ["django", "urls", "URL patterns", "path", "health endpoint", "views", "URL routing", "Django", "api"], "state": 2, "file_id": 455, "knowledge_revision": 1472, "git_revision": "1aee8ed1eca8330cc765b711c43546e90b04ff39", "ctags": [{"_type": "tag", "name": "urlpatterns", "path": "/home/kavia/workspace/code-generation/universalinit/src/universalinit/templates/django/api/urls.py", "pattern": "/^urlpatterns = [$/", "language": "Python", "kind": "variable"}], "hash": "b0c92d4c1f622aa361c1fb5a0594d5d6", "format-version": 4, "code-base-name": "universalinit", "filename": "src/universalinit/templates/django/api/urls.py", "fields": [{"name": "urlpatterns = [", "scope": "", "scopeKind": "", "description": "unavailable"}], "revision_history": [{"1472": "1aee8ed1eca8330cc765b711c43546e90b04ff39"}]}