{"is_source_file": true, "format": "TypeScript (TSX)", "description": "This file defines the root layout component for a Next.js application, including font imports, global styles, and metadata configuration.", "external_files": ["./globals.css"], "external_methods": ["next/font/google.Geist", "next/font/google.Geist_Mono"], "published": ["metadata"], "classes": [], "methods": [{"name": "RootLayout", "description": "React component that renders the application's root layout with specified fonts, metadata, and children content."}], "calls": ["next/font/google.Geist", "next/font/google.Geist_Mono"], "search-terms": ["Next.js layout", "React root layout", "Google fonts", "TSX layout", "metadata configuration"], "state": 2, "file_id": 416, "knowledge_revision": 1442, "git_revision": "1aee8ed1eca8330cc765b711c43546e90b04ff39", "ctags": [], "hash": "5f8776fc8a71cd5f17746f7ac3672e84", "format-version": 4, "code-base-name": "universalinit", "filename": "src/universalinit/templates/nextjs/src/app/layout.tsx", "revision_history": [{"1442": "1aee8ed1eca8330cc765b711c43546e90b04ff39"}]}