{"is_source_file": true, "format": "JavaScript (ES Modules, .mjs)", "description": "ESLint configuration file defining linting rules and settings for TypeScript and JavaScript files, including plugin integrations and global variables.", "external_files": ["@typescript-eslint/eslint-plugin", "@typescript-eslint/parser"], "external_methods": [], "published": [], "classes": [], "methods": [], "calls": ["import typescript from '@typescript-eslint/eslint-plugin'", "import tsParser from '@typescript-eslint/parser'"], "search-terms": ["eslint", "typescript-eslint", "eslint.config.mjs", "linting rules", "TypeScript", "JavaScript", "configuration", "plugins"], "state": 2, "file_id": 644, "knowledge_revision": 1658, "git_revision": "1aee8ed1eca8330cc765b711c43546e90b04ff39", "hash": "02cd7331bca35b47f30dcc5eb38213b4", "format-version": 4, "code-base-name": "universalinit", "filename": "src/universalinit/templates/remotion/eslint.config.mjs", "revision_history": [{"1658": "1aee8ed1eca8330cc765b711c43546e90b04ff39"}]}