{"is_source_file": true, "format": "TypeScript", "description": "This file is a configuration file for Vite, a build tool for front-end projects. It defines the development server settings such as host, allowed hosts, port, CORS, headers, and watch options.", "external_files": ["vite"], "external_methods": ["defineConfig"], "published": ["default"], "classes": [], "methods": [{"name": "defineConfig", "description": "Function that defines Vite configuration, used to ensure type safety and intellisense support"}], "calls": ["defineConfig"], "search-terms": ["vite.config", "Vite configuration", "development server", "allowedHosts", "cors", "headers", "watch"], "state": 2, "file_id": 441, "knowledge_revision": 1467, "git_revision": "1aee8ed1eca8330cc765b711c43546e90b04ff39", "ctags": [], "hash": "aa804215dee9fd8b018893fb255987eb", "format-version": 4, "code-base-name": "universalinit", "filename": "src/universalinit/templates/typescript/vite.config.ts", "revision_history": [{"1467": "1aee8ed1eca8330cc765b711c43546e90b04ff39"}]}