{"is_source_file": true, "format": "TypeScript", "description": "This file defines the router configuration for a Vue.js application, setting up routes for home and about views with lazy loading for the about page.", "external_files": ["../views/HomeView.vue", "../views/AboutView.vue"], "external_methods": ["createRouter", "createWebHistory"], "published": ["router"], "classes": [], "methods": [], "calls": ["createRouter", "createWebHistory", "import"], "search-terms": ["vue-router", "createRouter", "createWebHistory", "route", "lazy-loading", "index.ts", "router configuration"], "state": 2, "file_id": 671, "knowledge_revision": 1689, "git_revision": "1aee8ed1eca8330cc765b711c43546e90b04ff39", "ctags": [{"_type": "tag", "name": "router", "path": "/home/kavia/workspace/code-generation/universalinit/src/universalinit/templates/vue/src/router/index.ts", "pattern": "/^const router = createRouter({$/", "language": "TypeScript", "kind": "constant"}], "hash": "02a9178fa62f3f68233f38a3fec1a798", "format-version": 4, "code-base-name": "universalinit", "filename": "src/universalinit/templates/vue/src/router/index.ts", "revision_history": [{"1689": "1aee8ed1eca8330cc765b711c43546e90b04ff39"}]}