{"is_source_file": true, "format": "TypeScript", "description": "Nuxt.js configuration file setting up development environment, server options, and route headers.", "external_files": [], "external_methods": ["defineNuxtConfig"], "published": ["default"], "classes": [], "methods": [{"name": "defineNuxtConfig", "description": "Function to define Nuxt.js configuration object."}], "calls": ["defineNuxtConfig"], "search-terms": ["nuxt.config.ts", "defineNuxtConfig", "nuxt", "configuration", "vite", "devtools", "routeRules"], "state": 2, "file_id": 383, "knowledge_revision": 1407, "git_revision": "1aee8ed1eca8330cc765b711c43546e90b04ff39", "ctags": [], "hash": "5f9df0d4eaa42a5ea12a40cd14adef50", "format-version": 4, "code-base-name": "universalinit", "filename": "src/universalinit/templates/nuxt/nuxt.config.ts", "revision_history": [{"1407": "1aee8ed1eca8330cc765b711c43546e90b04ff39"}]}