{"is_source_file": false, "format": "", "description": "", "external_files": [], "external_methods": [], "published": [], "classes": [], "methods": [], "calls": [], "search-terms": ["HTML", "Database Viewer", "index.html", "UI layout", "CSS styles", "Javascript functions", "fetchData", "loadDatabases", "loadTables", "loadTableData", "renderTable", "expandCell"], "state": 2, "file_id": 644, "knowledge_revision": 1656, "git_revision": "1aee8ed1eca8330cc765b711c43546e90b04ff39", "hash": "ee63333a4841bf025439c755a74c9881", "format-version": 4, "code-base-name": "universalinit", "filename": "src/universalinit/common/db_visualizer/public/index.html", "revision_history": [{"1656": "1aee8ed1eca8330cc765b711c43546e90b04ff39"}]}