{"is_source_file": true, "format": "Python", "description": "This file defines a Django management command to generate an OpenAPI schema using drf_yasg and Django Rest Framework. It simulates a GET request to produce the schema, then saves it as 'openapi.json' in the 'interfaces' directory.", "external_files": ["django.core.management.base.BaseCommand", "django.test.RequestFactory", "drf_yasg.openapi", "drf_yasg.views.get_schema_view", "rest_framework.permissions.AllowAny", "os", "json"], "external_methods": ["get_schema_view", "openapi.Info", "json.loads", "json.dump", "os.makedirs", "os.path.join"], "published": ["Command"], "classes": [{"name": "Command", "description": "Custom Django management command to generate and save an OpenAPI schema."}], "methods": [{"name": "handle(self, *args, **options)", "description": "Handles the command execution: creates a schema view, simulates a request, retrieves the OpenAPI schema, and saves it to a file.", "scope": "Command", "scopeKind": "class"}], "calls": ["RequestFactory()", "factory.get('/api/?format=openapi')", "get_schema_view(...)", "schema_view.without_ui(cache_timeout=0)", "json.loads", "json.dump", "os.makedirs", "os.path.join"], "search-terms": ["generate_openapi.py", "drf_yasg", "OpenAPI schema generation", "Django management command", "schema_view", "API schema dump"], "state": 2, "file_id": 609, "knowledge_revision": 1626, "git_revision": "1aee8ed1eca8330cc765b711c43546e90b04ff39", "ctags": [{"_type": "tag", "name": "Command", "path": "/home/kavia/workspace/code-generation/universalinit/src/universalinit/templates/django/api/management/commands/generate_openapi.py", "pattern": "/^class Command(BaseCommand):$/", "language": "Python", "kind": "class"}, {"_type": "tag", "name": "handle", "path": "/home/kavia/workspace/code-generation/universalinit/src/universalinit/templates/django/api/management/commands/generate_openapi.py", "pattern": "/^    def handle(self, *args, **options):$/", "language": "Python", "kind": "member", "signature": "(self, *args, **options)", "scope": "Command", "scopeKind": "class"}], "hash": "ecbef1ab975654f383ec74e3c38d3bd0", "format-version": 4, "code-base-name": "universalinit", "filename": "src/universalinit/templates/django/api/management/commands/generate_openapi.py", "revision_history": [{"1626": "1aee8ed1eca8330cc765b711c43546e90b04ff39"}]}