{"is_source_file": true, "format": "TypeScript/React", "description": "A React functional component named Subtitle that renders an animated subtitle text with styling, using remotion library to animate opacity based on current frame.", "external_files": ["./constants"], "external_methods": ["useCurrentFrame", "interpolate"], "published": ["Subtitle"], "classes": [], "methods": [{"name": "Subtitle", "description": "React functional component that displays animated subtitle with opacity transition."}], "calls": ["useCurrentFrame()", "interpolate(frame, [0, 30], [0, 1])"], "search-terms": ["Subtitle", "React.FC", "remotion", "useCurrentFrame", "interpolate", "CSSProperties", "bottom"], "state": 2, "file_id": 611, "knowledge_revision": 1632, "git_revision": "1aee8ed1eca8330cc765b711c43546e90b04ff39", "ctags": [], "hash": "a4a6f5bec7582a30b3d43db862a5acf7", "format-version": 4, "code-base-name": "universalinit", "filename": "src/universalinit/templates/remotion/src/HelloWorld/Subtitle.tsx", "revision_history": [{"1632": "1aee8ed1eca8330cc765b711c43546e90b04ff39"}]}