{"is_source_file": false, "format": "", "description": "", "external_files": [], "external_methods": [], "published": [], "classes": [], "methods": [], "calls": [], "search-terms": ["lightningjs", "README.md", "Getting started", "dependencies", "build", "dev", "production"], "state": 2, "file_id": 367, "knowledge_revision": 1373, "git_revision": "1aee8ed1eca8330cc765b711c43546e90b04ff39", "hash": "1878e60180f0a4edd2fedae5059ce912", "format-version": 4, "code-base-name": "universalinit", "filename": "src/universalinit/templates/lightningjs/README.md", "revision_history": [{"1373": "1aee8ed1eca8330cc765b711c43546e90b04ff39"}]}