{"is_source_file": true, "format": "JavaScript", "description": "Configuration file for Vite development server with specific server options such as host, allowed hosts, port, CORS headers, and watch settings.", "external_files": ["vite"], "external_methods": ["defineConfig"], "published": [], "classes": [], "methods": [], "calls": ["defineConfig"], "search-terms": ["vite.config.js", "Vite", "defineConfig", "dev server", "allowedHosts", "host", "port", "cors", "headers", "watch"], "state": 2, "file_id": 639, "knowledge_revision": 1661, "git_revision": "1aee8ed1eca8330cc765b711c43546e90b04ff39", "ctags": [], "hash": "2deb64ad96a3a98b4060c8c42df3b884", "format-version": 4, "code-base-name": "universalinit", "filename": "src/universalinit/templates/vite/vite.config.js", "revision_history": [{"1661": "1aee8ed1eca8330cc765b711c43546e90b04ff39"}]}