{"is_source_file": false, "format": "", "description": "", "external_files": [], "external_methods": [], "published": [], "classes": [], "methods": [], "calls": [], "search-terms": [], "state": 2, "file_id": 565, "knowledge_revision": 1577, "git_revision": "1aee8ed1eca8330cc765b711c43546e90b04ff39", "hash": "9e80f6d0fd7aa4448ef32b31abee49dc", "format-version": 4, "code-base-name": "universalinit", "filename": "src/universalinit/templates/django/config.yml", "revision_history": [{"1577": "1aee8ed1eca8330cc765b711c43546e90b04ff39"}]}