{"is_source_file": true, "format": "JavaScript", "description": "Main entry point for a Vite-based web application, setting up the DOM and initializing a counter function.", "external_files": ["./style.css", "./counter.js", "/vite.svg", "./javascript.svg"], "external_methods": ["setupCounter"], "published": [], "classes": [], "methods": [{"name": "setupCounter", "description": "Initializes a counter UI element, imported from an external module."}], "calls": ["setupCounter"], "search-terms": ["vite", "main.js", "setupCounter", "counter", "javascriptLogo", "viteLogo"], "state": 2, "file_id": 467, "knowledge_revision": 1485, "git_revision": "1aee8ed1eca8330cc765b711c43546e90b04ff39", "ctags": [], "hash": "de692c7004bd5381710c3a0b68a7bb3e", "format-version": 4, "code-base-name": "universalinit", "filename": "src/universalinit/templates/vite/src/main.js", "revision_history": [{"1485": "1aee8ed1eca8330cc765b711c43546e90b04ff39"}]}