{"is_source_file": true, "format": "TypeScript (TSX)", "description": "A React-like component using Qwik framework, implementing a counter with increment and decrement buttons and a gauge display.", "external_files": ["./counter.module.css", "../gauge"], "external_methods": ["component$", "useSignal", "$"], "published": [], "classes": [], "methods": [{"name": "setCount", "description": "Function to update the counter value within valid range (0-100)."}], "calls": ["component$", "useSignal", "$", "Gauge"], "search-terms": ["Qwik", "counter", "counter.tsx", "button$", "useSignal", "Gauge component", "counter wrapper"], "state": 2, "file_id": 617, "knowledge_revision": 1636, "git_revision": "1aee8ed1eca8330cc765b711c43546e90b04ff39", "ctags": [], "hash": "9cb6f3c1705c3f86967978f57dd2d308", "format-version": 4, "code-base-name": "universalinit", "filename": "src/universalinit/templates/qwik/src/components/starter/counter/counter.tsx", "revision_history": [{"1636": "1aee8ed1eca8330cc765b711c43546e90b04ff39"}]}