{"is_source_file": true, "format": "TypeScript", "description": "Setup file for Vitest testing environment in a Svelte project, including imports for testing utilities and mocking window.matchMedia.", "external_files": ["@testing-library/jest-dom/vitest"], "external_methods": ["vi.fn()"], "published": [], "classes": [], "methods": [{"name": "Object.defineProperty", "description": "Defines a mock for the window.matchMedia function to support environments lacking media query support."}], "calls": ["Object.defineProperty", "vi.fn()"], "search-terms": ["vitest-setup-client", "matchMedia", "Svelte", "test setup", "Jest DOM", "vitest"], "state": 2, "file_id": 619, "knowledge_revision": 1637, "git_revision": "1aee8ed1eca8330cc765b711c43546e90b04ff39", "ctags": [], "hash": "b7bf9deeb7ba165ebe85a32fe6ac036e", "format-version": 4, "code-base-name": "universalinit", "filename": "src/universalinit/templates/svelte/vitest-setup-client.ts", "revision_history": [{"1637": "1aee8ed1eca8330cc765b711c43546e90b04ff39"}]}