{"is_source_file": false, "format": "", "description": "", "external_files": [], "external_methods": [], "published": [], "classes": [], "methods": [], "calls": [], "search-terms": [], "state": 2, "file_id": 452, "knowledge_revision": 1466, "git_revision": "1aee8ed1eca8330cc765b711c43546e90b04ff39", "hash": "031baea051c3dd0004bf8b53f72edc48", "format-version": 4, "code-base-name": "universalinit", "filename": "src/universalinit/templates/astro/config.yml", "revision_history": [{"1466": "1aee8ed1eca8330cc765b711c43546e90b04ff39"}]}