{"is_source_file": true, "format": "TypeScript", "description": "This file is a configuration file for Vite, a build tool for front-end development. It defines server options such as host, port, CORS, headers, and watch settings.", "external_files": ["vite"], "external_methods": ["defineConfig"], "published": ["default"], "classes": [], "methods": [{"name": "defineConfig", "description": "A function from the 'vite' package used to define configuration settings for Vite."}], "calls": ["defineConfig"], "search-terms": ["vite.config.ts", "server", "allowedHosts", "strictPort", "cors", "headers", "watch", "usePolling"], "state": 2, "file_id": 544, "knowledge_revision": 1566, "git_revision": "1aee8ed1eca8330cc765b711c43546e90b04ff39", "ctags": [], "hash": "aa804215dee9fd8b018893fb255987eb", "format-version": 4, "code-base-name": "universalinit", "filename": "src/universalinit/templates/typescript/vite.config.ts", "revision_history": [{"1566": "1aee8ed1eca8330cc765b711c43546e90b04ff39"}]}