{"is_source_file": true, "format": "TypeScript", "description": "Vite configuration file for a Remix project, setting up plugins, server options, and TypeScript path resolutions.", "external_files": ["@remix-run/dev", "vite", "vite-tsconfig-paths"], "external_methods": ["vitePlugin as remix from '@remix-run/dev'", "defineConfig from 'vite'", "tsconfigPaths from 'vite-tsconfig-paths'"], "published": ["default"], "classes": [], "methods": [{"name": "defineConfig", "description": "Defines the Vite configuration object."}], "calls": ["remix()", "tsconfigPaths()"], "search-terms": ["vite.config.ts", "remix", "vite", "tsconfigPaths", "vite plugin", "server configuration", "vite plugin remix"], "state": 2, "file_id": 592, "knowledge_revision": 1615, "git_revision": "1aee8ed1eca8330cc765b711c43546e90b04ff39", "ctags": [{"_type": "tag", "name": "Future", "path": "/home/kavia/workspace/code-generation/universalinit/src/universalinit/templates/remix/vite.config.ts", "pattern": "/^  interface Future {$/", "language": "TypeScript", "kind": "interface"}, {"_type": "tag", "name": "v3_singleFetch", "path": "/home/kavia/workspace/code-generation/universalinit/src/universalinit/templates/remix/vite.config.ts", "pattern": "/^    v3_singleFetch: true;$/", "language": "TypeScript", "kind": "property", "scope": "Future", "scopeKind": "interface"}], "hash": "52c7db1cd6c721057729f39be3ba5586", "format-version": 4, "code-base-name": "universalinit", "filename": "src/universalinit/templates/remix/vite.config.ts", "fields": [{"name": "interface Future {", "scope": "", "scopeKind": "", "description": "unavailable"}, {"name": "v3_singleFetch: true;", "scope": "Future", "scopeKind": "interface", "description": "unavailable"}], "revision_history": [{"1615": "1aee8ed1eca8330cc765b711c43546e90b04ff39"}]}