{"is_source_file": true, "format": "TypeScript", "description": "This file is a Vite configuration script for a Qwik-based project, specifically for setting up build and development environment options, plugins, and dependency optimizations. It includes utility functions for dependency validation and plugin configurations tailored for the Qwik framework.", "external_files": ["@builder.io/qwik/optimizer", "@builder.io/qwik-city/vite", "vite-tsconfig-paths", "./package.json"], "external_methods": ["defineConfig", "errorOnDuplicatesPkgDeps"], "published": [], "classes": [], "methods": [{"name": "function errorOnDuplicatesPkgDeps( errorOnDuplicatesPkgDeps", "description": "Checks for duplicate dependencies between devDependencies and dependencies and throws an error if any are found, also verifies Qwik package dependencies.", "scope": "", "scopeKind": ""}], "calls": ["errorOnDuplicatesPkgDeps", "Object.keys", "filter", "test"], "search-terms": ["vite.config.ts", "qwik", "dependency validation", "defineConfig", "package.json dependencies", "vite plugins"], "state": 2, "file_id": 626, "knowledge_revision": 1650, "git_revision": "1aee8ed1eca8330cc765b711c43546e90b04ff39", "ctags": [{"_type": "tag", "name": "PkgDep", "path": "/home/kavia/workspace/code-generation/universalinit/src/universalinit/templates/qwik/vite.config.ts", "pattern": "/^type PkgDep = Record<string, string>;$/", "language": "TypeScript", "kind": "alias"}, {"_type": "tag", "name": "UserConfig", "path": "/home/kavia/workspace/code-generation/universalinit/src/universalinit/templates/qwik/vite.config.ts", "pattern": "/^import { defineConfig, type UserConfig } from \"vite\";$/", "language": "TypeScript", "kind": "alias"}, {"_type": "tag", "name": "dependencies", "path": "/home/kavia/workspace/code-generation/universalinit/src/universalinit/templates/qwik/vite.config.ts", "pattern": "/^const { dependencies = {}, devDependencies = {} } = pkg as any as {$/", "language": "TypeScript", "kind": "constant"}, {"_type": "tag", "name": "devDependencies", "path": "/home/kavia/workspace/code-generation/universalinit/src/universalinit/templates/qwik/vite.config.ts", "pattern": "/^  devDependencies: PkgDep;$/", "language": "TypeScript", "kind": "constant"}, {"_type": "tag", "name": "duplicateDeps", "path": "/home/kavia/workspace/code-generation/universalinit/src/universalinit/templates/qwik/vite.config.ts", "pattern": "/^  const duplicateDeps = Object.keys(devDependencies).filter($/", "language": "TypeScript", "kind": "constant", "scope": "errorOnDuplicatesPkgDeps", "scopeKind": "function"}, {"_type": "tag", "name": "errorOnDuplicatesPkgDeps", "path": "/home/kavia/workspace/code-generation/universalinit/src/universalinit/templates/qwik/vite.config.ts", "pattern": "/^function errorOnDuplicatesPkgDeps($/", "language": "TypeScript", "kind": "function"}, {"_type": "tag", "name": "key", "path": "/home/kavia/workspace/code-generation/universalinit/src/universalinit/templates/qwik/vite.config.ts", "pattern": "/^  [key: string]: unknown;$/", "language": "TypeScript", "kind": "constant"}, {"_type": "tag", "name": "qwikPkg", "path": "/home/kavia/workspace/code-generation/universalinit/src/universalinit/templates/qwik/vite.config.ts", "pattern": "/^  const qwikPkg = Object.keys(dependencies).filter((value) =>$/", "language": "TypeScript", "kind": "constant", "scope": "errorOnDuplicatesPkgDeps", "scopeKind": "function"}], "hash": "23a97255697e1a3ea67164c37ce7da50", "format-version": 4, "code-base-name": "universalinit", "filename": "src/universalinit/templates/qwik/vite.config.ts", "revision_history": [{"1650": "1aee8ed1eca8330cc765b711c43546e90b04ff39"}]}