{"is_source_file": false, "format": "", "description": "", "external_files": [], "external_methods": [], "published": [], "classes": [], "methods": [], "calls": [], "search-terms": ["for loop", "lightningjs", "directive", "template syntax", "Array iteration", "performance optimization", "key attribute", "range attribute", "ref", "dynamic content"], "state": 2, "file_id": 644, "knowledge_revision": 1658, "git_revision": "1aee8ed1eca8330cc765b711c43546e90b04ff39", "hash": "62ad2071437a9c48965a87abeaf924e8", "format-version": 4, "code-base-name": "universalinit", "filename": "src/universalinit/templates/lightningjs/docs/built-in_for-loop.md", "revision_history": [{"1658": "1aee8ed1eca8330cc765b711c43546e90b04ff39"}]}