{"is_source_file": false, "format": "", "description": "", "external_files": [], "external_methods": [], "published": [], "classes": [], "methods": [], "calls": [], "search-terms": ["Assets.xcassets", "Contents.json", "iOS", "Xcode Assets", "Assets Catalog"], "state": 2, "file_id": 598, "knowledge_revision": 1615, "git_revision": "1aee8ed1eca8330cc765b711c43546e90b04ff39", "hash": "31cc68f34934a99c0b0c1bebde56309c", "format-version": 4, "code-base-name": "universalinit", "filename": "src/universalinit/templates/nativescript/App_Resources/iOS/Assets.xcassets/Contents.json", "revision_history": [{"1615": "1aee8ed1eca8330cc765b711c43546e90b04ff39"}]}