{"is_source_file": false, "format": "", "description": "", "external_files": [], "external_methods": [], "published": [], "classes": [], "methods": [], "calls": [], "search-terms": [], "state": 2, "file_id": 190, "knowledge_revision": 581, "git_revision": "aa69f66299701fc97267fe090de8289037534011", "hash": "7af5c4402fa48ecd646e40aa856287da", "format-version": 4, "code-base-name": "universalinit", "filename": "src/universalinit/templates/nativescript/package.json", "revision_history": [{"581": "aa69f66299701fc97267fe090de8289037534011"}]}