{"is_source_file": true, "format": "TypeScript (React/TSX)", "description": "This file defines a React functional component 'Title' that displays animated text with scaling effects, utilizing remotion and React styles.", "external_files": ["./constants"], "external_methods": ["spring", "useCurrentFrame", "useVideoConfig"], "published": ["Title"], "classes": [], "methods": [{"name": "Title", "description": "React functional component that displays animated title text with scaling and color, based on video frame and configuration."}], "calls": ["spring", "useVideoConfig", "useCurrentFrame"], "search-terms": ["Title", "remotion", "spring animation", "React.FC", "TitleText"], "state": 2, "file_id": 573, "knowledge_revision": 1591, "git_revision": "1aee8ed1eca8330cc765b711c43546e90b04ff39", "ctags": [], "hash": "c4d50786934a65d475e056772bf0c33f", "format-version": 4, "code-base-name": "universalinit", "filename": "src/universalinit/templates/remotion/src/HelloWorld/Title.tsx", "revision_history": [{"1591": "1aee8ed1eca8330cc765b711c43546e90b04ff39"}]}