{"is_source_file": false, "format": "", "description": "", "external_files": [], "external_methods": [], "published": [], "classes": [], "methods": [], "calls": [], "search-terms": [], "state": 2, "file_id": 456, "knowledge_revision": 1471, "git_revision": "1aee8ed1eca8330cc765b711c43546e90b04ff39", "hash": "258a4088fb61c6ccb62e2f3321efbf76", "format-version": 4, "code-base-name": "universalinit", "filename": "src/universalinit/templates/nativescript/App_Resources/Android/src/main/res/values-v29/styles.xml", "revision_history": [{"1471": "1aee8ed1eca8330cc765b711c43546e90b04ff39"}]}