{"is_source_file": true, "format": "TypeScript", "description": "This is a configuration file for ESLint related to a Vue.js project using TypeScript, Vitest, and Prettier. It defines project-specific linting rules and settings.", "external_files": ["eslint-plugin-vue", "@vue/eslint-config-typescript", "@vitest/eslint-plugin", "@vue/eslint-config-prettier"], "external_methods": [], "published": [], "classes": [], "methods": [{"name": "defineConfigWithVueTs", "description": "Function that defines ESLint configuration with Vue and TypeScript support"}], "calls": ["defineConfigWithVueTs"], "search-terms": ["eslint", "vue", "typescript", "vitest", "eslint-plugin-vue", "eslint-config-typescript", "prettier", "eslint.config.ts"], "state": 2, "file_id": 428, "knowledge_revision": 1450, "git_revision": "1aee8ed1eca8330cc765b711c43546e90b04ff39", "ctags": [], "hash": "e25c340ceed14d09bdaf1f13a69b34bc", "format-version": 4, "code-base-name": "universalinit", "filename": "src/universalinit/templates/vue/eslint.config.ts", "revision_history": [{"1450": "1aee8ed1eca8330cc765b711c43546e90b04ff39"}]}