{"is_source_file": true, "format": "Python", "description": "Django models definition for the application, potentially including ORM classes and database schema representations.", "external_files": ["django.db"], "external_methods": [], "published": [], "classes": [], "methods": [], "calls": [], "search-terms": ["universalinit", "django", "models.py", "ORM", "database schema"], "state": 2, "file_id": 574, "knowledge_revision": 1588, "git_revision": "1aee8ed1eca8330cc765b711c43546e90b04ff39", "ctags": [], "hash": "8c4eb991c6dca757bdd77f539092e29b", "format-version": 4, "code-base-name": "universalinit", "filename": "src/universalinit/templates/django/api/models.py", "revision_history": [{"1588": "1aee8ed1eca8330cc765b711c43546e90b04ff39"}]}