{"is_source_file": true, "format": "JavaScript", "description": "This file sets up an Express.js web application, configuring middleware such as CORS, Swagger UI, JSON parsing, route mounting, and error handling.", "external_files": ["./routes", "../swagger"], "external_methods": ["swaggerUi.serve", "swaggerUi.setup"], "published": ["app"], "classes": [], "methods": [{"name": "app.use('/docs', swaggerUi.serve, (req, res, next) => { ... })", "description": "Serves Swagger UI documentation with dynamically constructed server URL based on request details."}, {"name": "app.use(express.json())", "description": "Parses incoming JSON request bodies."}, {"name": "app.use('/', routes)", "description": "Mounts application routes at root path."}, {"name": "Error handling middleware", "description": "Handles errors and responds with a 500 status and error message."}], "calls": ["cors()", "express()", "routes", "swaggerUi.serve", "swaggerUi.setup", "console.error"], "search-terms": ["express app setup", "swagger UI middleware", "CORS configuration", "routes mounting", "error handling"], "state": 2, "file_id": 595, "knowledge_revision": 1615, "git_revision": "1aee8ed1eca8330cc765b711c43546e90b04ff39", "ctags": [{"_type": "tag", "name": "app", "path": "/home/kavia/workspace/code-generation/universalinit/src/universalinit/templates/express/src/app.js", "pattern": "/^const app = express();$/", "language": "JavaScript", "kind": "constant"}, {"_type": "tag", "name": "cors", "path": "/home/kavia/workspace/code-generation/universalinit/src/universalinit/templates/express/src/app.js", "pattern": "/^const cors = require('cors');$/", "language": "JavaScript", "kind": "constant"}, {"_type": "tag", "name": "express", "path": "/home/kavia/workspace/code-generation/universalinit/src/universalinit/templates/express/src/app.js", "pattern": "/^const express = require('express');$/", "language": "JavaScript", "kind": "constant"}, {"_type": "tag", "name": "routes", "path": "/home/kavia/workspace/code-generation/universalinit/src/universalinit/templates/express/src/app.js", "pattern": "/^const routes = require('.\\/routes');$/", "language": "JavaScript", "kind": "constant"}, {"_type": "tag", "name": "swaggerSpec", "path": "/home/kavia/workspace/code-generation/universalinit/src/universalinit/templates/express/src/app.js", "pattern": "/^const swaggerSpec = require('..\\/swagger');$/", "language": "JavaScript", "kind": "constant"}, {"_type": "tag", "name": "swaggerUi", "path": "/home/kavia/workspace/code-generation/universalinit/src/universalinit/templates/express/src/app.js", "pattern": "/^const swaggerUi = require('swagger-ui-express');$/", "language": "JavaScript", "kind": "constant"}], "hash": "5df3172f6e958a99d255956f667b1de4", "format-version": 4, "code-base-name": "universalinit", "filename": "src/universalinit/templates/express/src/app.js", "revision_history": [{"1615": "1aee8ed1eca8330cc765b711c43546e90b04ff39"}]}