{"is_source_file": false, "format": "", "description": "", "external_files": [], "external_methods": [], "published": [], "classes": [], "methods": [], "calls": [], "search-terms": [], "state": 2, "file_id": 555, "knowledge_revision": 1564, "git_revision": "1aee8ed1eca8330cc765b711c43546e90b04ff39", "hash": "eec52cdb5ec137edc4ededb8b5192862", "format-version": 4, "code-base-name": "universalinit", "filename": "src/universalinit/templates/remix/config.yml", "revision_history": [{"1564": "1aee8ed1eca8330cc765b711c43546e90b04ff39"}]}