{"is_source_file": false, "format": "", "description": "", "external_files": [], "external_methods": [], "published": [], "classes": [], "methods": [], "calls": [], "search-terms": [], "state": 2, "file_id": 558, "knowledge_revision": 1573, "git_revision": "1aee8ed1eca8330cc765b711c43546e90b04ff39", "hash": "111f88eee45dd95971044e19199352c0", "format-version": 4, "code-base-name": "universalinit", "filename": "src/universalinit/templates/angular/package.json", "revision_history": [{"1573": "1aee8ed1eca8330cc765b711c43546e90b04ff39"}]}