{"is_source_file": true, "format": "JavaScript/ECMAScript Module (ESM) with .mjs extension", "description": "This file configures ESLint for a project, importing recommended configs, specifying ignores, and configuring rules for TypeScript files.", "external_files": ["@eslint/js", "@typescript-eslint/eslint-plugin", "@typescript-eslint/parser"], "external_methods": [], "published": [], "classes": [], "methods": [{"name": "default", "description": "Exports an array of ESLint configuration objects including recommended settings, ignore patterns, and language-specific rules."}], "calls": ["js.configs.recommended", "tseslint", "tsParser"], "search-terms": ["eslint", "typescript", "config", "ignore", "plugin", "parser"], "state": 2, "file_id": 532, "knowledge_revision": 1547, "git_revision": "1aee8ed1eca8330cc765b711c43546e90b04ff39", "hash": "e07c5093c78842a4ba4667fc4b86ccee", "format-version": 4, "code-base-name": "universalinit", "filename": "src/universalinit/templates/vite/eslint.config.mjs", "revision_history": [{"1547": "1aee8ed1eca8330cc765b711c43546e90b04ff39"}]}