{"is_source_file": true, "format": "TypeScript/TSX", "description": "This file defines a React functional component named QwikLogo which renders an SVG image of a logo. It exports the component for use in other parts of the application.", "external_files": [], "external_methods": [], "published": ["QwikLogo"], "classes": [], "methods": [{"name": "QwikLogo", "description": "A React functional component that renders an SVG logo with configurable width and height."}], "calls": [], "search-terms": ["QwikLogo", "svg", "React", "TypeScript", "tsx", "component", "logo"], "state": 2, "file_id": 562, "knowledge_revision": 1578, "git_revision": "1aee8ed1eca8330cc765b711c43546e90b04ff39", "ctags": [], "hash": "9ffa787253daf27259a195140f7728cf", "format-version": 4, "code-base-name": "universalinit", "filename": "src/universalinit/templates/qwik/src/components/starter/icons/qwik.tsx", "revision_history": [{"1578": "1aee8ed1eca8330cc765b711c43546e90b04ff39"}]}