{"is_source_file": true, "format": "TypeScript/TSX (React-like with Qwik framework)", "description": "The file defines a Qwik component for the index route of a website, importing other components and rendering a homepage layout with infoboxes, headings, and links.", "external_files": ["../components/starter/counter/counter", "../components/starter/hero/hero", "../components/starter/infobox/infobox", "../components/starter/next-steps/next-steps"], "external_methods": ["component$"], "published": ["head"], "classes": [], "methods": [{"name": "default", "description": "React-like component function defining the main page layout"}], "calls": ["component$", "Hero", "Starter", "Counter", "Infobox", "head"], "search-terms": ["index.tsx", "Qwik", "components/starter", "homepage layout", "Infobox", "head export"], "state": 2, "file_id": 560, "knowledge_revision": 1581, "git_revision": "1aee8ed1eca8330cc765b711c43546e90b04ff39", "ctags": [], "hash": "393ef3f8baffb6f954dc12583ec00959", "format-version": 4, "code-base-name": "universalinit", "filename": "src/universalinit/templates/qwik/src/routes/index.tsx", "revision_history": [{"1581": "1aee8ed1eca8330cc765b711c43546e90b04ff39"}]}