{"is_source_file": false, "format": "", "description": "", "external_files": [], "external_methods": [], "published": [], "classes": [], "methods": [], "calls": [], "search-terms": [], "state": 2, "file_id": 590, "knowledge_revision": 1599, "git_revision": "1aee8ed1eca8330cc765b711c43546e90b04ff39", "hash": "448c65f2618eac91cb0718540996359a", "format-version": 4, "code-base-name": "universalinit", "filename": "src/universalinit/templates/angular/README.md", "revision_history": [{"1599": "1aee8ed1eca8330cc765b711c43546e90b04ff39"}]}