{"is_source_file": false, "format": "", "description": "", "external_files": [], "external_methods": [], "published": [], "classes": [], "methods": [], "calls": [], "search-terms": [], "state": 2, "file_id": 202, "knowledge_revision": 602, "git_revision": "aa69f66299701fc97267fe090de8289037534011", "hash": "23f7f8c2404b229368fa0440c3a426ae", "format-version": 4, "code-base-name": "universalinit", "filename": "src/universalinit/templates/nativescript/App_Resources/Android/src/main/res/values/colors.xml", "revision_history": [{"602": "aa69f66299701fc97267fe090de8289037534011"}]}