{"is_source_file": true, "format": "JavaScript", "description": "This file is an ESLint configuration script for a project using Svelte, TypeScript, and JavaScript. It imports various plugins and configurations, and exports a combined linting configuration tailored for Svelte files and the project environment.", "external_files": ["@eslint/js", "@eslint/compat", "eslint-plugin-svelte", "globals", "node:url", "typescript-eslint", "./svelte.config.js"], "external_methods": ["includeIgnoreFile", "fileURLToPath", "URL"], "published": ["default"], "classes": [], "methods": [{"name": "ts.config", "description": "Main method used to create an ESLint configuration object, combining various configs and options."}], "calls": ["ts.config", "includeIgnoreFile", "fileURLToPath"], "search-terms": ["eslint", "Svelte ESLint config", "typescript-eslint", "eslint-plugin-svelte", ".gitignore", "ESLint configuration", "eslint.config.js"], "state": 2, "file_id": 623, "knowledge_revision": 1644, "git_revision": "1aee8ed1eca8330cc765b711c43546e90b04ff39", "ctags": [{"_type": "tag", "name": "gitignorePath", "path": "/home/kavia/workspace/code-generation/universalinit/src/universalinit/templates/svelte/eslint.config.js", "pattern": "/^const gitignorePath = fileURLToPath(new URL(\".\\/.gitignore\", import.meta.url));$/", "language": "JavaScript", "kind": "constant"}], "hash": "a81d06efe1486ab8e93e8c96a9bdf6b8", "format-version": 4, "code-base-name": "universalinit", "filename": "src/universalinit/templates/svelte/eslint.config.js", "revision_history": [{"1644": "1aee8ed1eca8330cc765b711c43546e90b04ff39"}]}