{"is_source_file": true, "format": "TypeScript (TSX/JSX)", "description": "This file defines a Qwik component for generating and displaying animated flowers with interactive controls. It includes state management, styles, and lifecycle hooks.", "external_files": ["./flower.css?inline"], "external_methods": ["useLocation", "useStylesScoped$", "useStore", "useVisibleTask$", "component$"], "published": ["head"], "classes": [], "methods": [{"name": "component$", "description": "Main Qwik component that manages state, lifecycle, and rendering of the flower generator UI."}, {"name": "head", "description": "Defines the document head metadata, such as the page title."}], "calls": ["useVisibleTask$", "setTimeout", "clearTimeout", "setInterval", "clearInterval"], "search-terms": ["Qwik component", "flower generator", "useStore", "useVisibleTask$", "styled JS component", "flower animation"], "state": 2, "file_id": 532, "knowledge_revision": 1554, "git_revision": "1aee8ed1eca8330cc765b711c43546e90b04ff39", "ctags": [], "hash": "2e6a607b7754724938912b649e3138c1", "format-version": 4, "code-base-name": "universalinit", "filename": "src/universalinit/templates/qwik/src/routes/demo/flower/index.tsx", "revision_history": [{"1554": "1aee8ed1eca8330cc765b711c43546e90b04ff39"}]}