{"is_source_file": true, "format": "JavaScript/ECMAScript Module (ESM)", "description": "This file configures ESLint rules and plugin settings for a TypeScript project, specifying recommended configurations, ignore patterns, language options for TypeScript files, and global variables.", "external_files": ["@eslint/js", "@typescript-eslint/eslint-plugin", "@typescript-eslint/parser"], "external_methods": [], "published": ["default"], "classes": [], "methods": [], "calls": ["js.configs.recommended"], "search-terms": ["eslint", "typescript", "eslint.config.mjs", "ESLint", "config", "typescript-eslint"], "state": 2, "file_id": 428, "knowledge_revision": 1445, "git_revision": "1aee8ed1eca8330cc765b711c43546e90b04ff39", "hash": "e07c5093c78842a4ba4667fc4b86ccee", "format-version": 4, "code-base-name": "universalinit", "filename": "src/universalinit/templates/typescript/eslint.config.mjs", "revision_history": [{"1445": "1aee8ed1eca8330cc765b711c43546e90b04ff39"}]}