{"is_source_file": true, "format": "TypeScript (TSX)", "description": "This file defines a React functional component 'Title' that renders an animated title text for a video project, utilizing 'remotion' library hooks for frame-based animations.", "external_files": ["./constants"], "external_methods": ["spring", "useCurrentFrame", "useVideoConfig"], "published": ["Title"], "classes": [], "methods": [{"name": "Title", "description": "React functional component that renders animated title text based on props, using remotion hooks for frame animation."}], "calls": ["useVideoConfig", "useCurrentFrame", "spring"], "search-terms": ["remotion", "Title", "CSSProperties", "spring animation", "react.FC", "animated text", "frame-based animation"], "state": 2, "file_id": 378, "knowledge_revision": 1391, "git_revision": "1aee8ed1eca8330cc765b711c43546e90b04ff39", "ctags": [], "hash": "c4d50786934a65d475e056772bf0c33f", "format-version": 4, "code-base-name": "universalinit", "filename": "src/universalinit/templates/remotion/src/HelloWorld/Title.tsx", "revision_history": [{"1391": "1aee8ed1eca8330cc765b711c43546e90b04ff39"}]}