{"is_source_file": true, "format": "JavaScript", "description": "This file initializes a Lightning.js application by importing required modules, launching the app with specified width, height, and debug level.", "external_files": ["@lightningjs/blits", "./App.js"], "external_methods": ["Blits.Launch"], "published": [], "classes": [], "methods": [{"name": "Blits.Launch", "description": "Method to initialize and launch a Lightning.js application with specified configuration."}], "calls": ["Blits.Launch"], "search-terms": ["Lightning.js", "App initialization", "lightningjs src", "index.js", "launch app"], "state": 2, "file_id": 466, "knowledge_revision": 1487, "git_revision": "1aee8ed1eca8330cc765b711c43546e90b04ff39", "ctags": [], "hash": "699987a61e1fdce808bdbadf75592f5a", "format-version": 4, "code-base-name": "universalinit", "filename": "src/universalinit/templates/lightningjs/src/index.js", "revision_history": [{"1487": "1aee8ed1eca8330cc765b711c43546e90b04ff39"}]}