{"is_source_file": true, "format": "Python", "description": "A Django REST Framework view file defining a health check endpoint.", "external_files": ["rest_framework.decorators", "rest_framework.response"], "external_methods": ["rest_framework.decorators.api_view", "rest_framework.response.Response"], "published": [], "classes": [], "methods": [{"name": "health(request)", "description": "A view function that returns a simple message indicating the server is running.", "scope": "", "scopeKind": ""}], "calls": ["rest_framework.response.Response"], "search-terms": ["django", "rest_framework", "health endpoint", "api_view", "Response", "universalinit"], "state": 2, "file_id": 550, "knowledge_revision": 1567, "git_revision": "1aee8ed1eca8330cc765b711c43546e90b04ff39", "ctags": [{"_type": "tag", "name": "health", "path": "/home/kavia/workspace/code-generation/universalinit/src/universalinit/templates/django/api/views.py", "pattern": "/^def health(request):$/", "language": "Python", "kind": "function", "signature": "(request)"}], "hash": "e3ccd8059b968c2eaeb07756801c967e", "format-version": 4, "code-base-name": "universalinit", "filename": "src/universalinit/templates/django/api/views.py", "revision_history": [{"1567": "1aee8ed1eca8330cc765b711c43546e90b04ff39"}]}