{"is_source_file": true, "format": "TypeScript/TSX", "description": "This file is a server-side entry point for a Qwik-based web application, responsible for rendering the app outside the browser using server-side rendering (SSR). It imports rendering functions, a manifest, and the root component, and exports a default function to initiate rendering with configurable options.", "external_files": ["@builder.io/qwik/server", "@qwik-client-manifest", "./root"], "external_methods": ["renderToStream"], "published": ["default"], "classes": [], "methods": [{"name": "<anonymous>", "description": "Default exported function that renders the root component to a stream with provided options."}], "calls": ["renderToStream", "React.createElement", "Root", "manifest"], "search-terms": ["SSR entry point", "Qwik server rendering", "renderToStream", "entry.ssr.tsx", "server-side rendering", "manifest integration"], "state": 2, "file_id": 386, "knowledge_revision": 1404, "git_revision": "1aee8ed1eca8330cc765b711c43546e90b04ff39", "ctags": [], "hash": "f8b074d1e3d71f065aa250eec9600f9d", "format-version": 4, "code-base-name": "universalinit", "filename": "src/universalinit/templates/qwik/src/entry.ssr.tsx", "revision_history": [{"1404": "1aee8ed1eca8330cc765b711c43546e90b04ff39"}]}