{"is_source_file": true, "format": "TypeScript (TSX)", "description": "A React component for a Remotion video project that composes animated logo, title, and subtitle components with interpolated animations and video configuration.", "external_files": ["./HelloWorld/Logo", "./HelloWorld/Subtitle", "./HelloWorld/Title"], "external_methods": ["spring", "interpolate", "useCurrentFrame", "useVideoConfig"], "published": ["myCompSchema", "HelloWorld"], "classes": [], "methods": [{"name": "HelloWorld", "description": "React functional component that renders animated logo, title, and subtitle based on video frame and configuration."}], "calls": ["spring", "interpolate", "useCurrentFrame", "useVideoConfig", "Logo", "Title", "Subtitle"], "search-terms": ["remotion", "HelloWorld", "animation", "video composition", "react functional component", "TSX", "logoColor", "subtitle", "titleText"], "state": 2, "file_id": 376, "knowledge_revision": 1392, "git_revision": "1aee8ed1eca8330cc765b711c43546e90b04ff39", "ctags": [], "hash": "006d9934bc460c136cdc7a9889c54c41", "format-version": 4, "code-base-name": "universalinit", "filename": "src/universalinit/templates/remotion/src/HelloWorld.tsx", "revision_history": [{"1392": "1aee8ed1eca8330cc765b711c43546e90b04ff39"}]}