{"is_source_file": true, "format": "JavaScript", "description": "This file defines the configuration for the Vite development server, specifying server settings such as host, allowed hosts, port, CORS, headers, and watch options.", "external_files": ["vite"], "external_methods": ["defineConfig"], "published": ["default"], "classes": [], "methods": [{"name": "defineConfig", "description": "Function that wraps the configuration object to provide type assistance and validation within Vite."}], "calls": ["defineConfig"], "search-terms": ["vite", "vite.config.js", "server configuration", "development server", "host", "allowedHosts", "port", "CORS", "headers", "watch polling"], "state": 2, "file_id": 420, "knowledge_revision": 1445, "git_revision": "1aee8ed1eca8330cc765b711c43546e90b04ff39", "ctags": [], "hash": "2deb64ad96a3a98b4060c8c42df3b884", "format-version": 4, "code-base-name": "universalinit", "filename": "src/universalinit/templates/vite/vite.config.js", "revision_history": [{"1445": "1aee8ed1eca8330cc765b711c43546e90b04ff39"}]}