{"is_source_file": true, "format": "TypeScript", "description": "This file defines a setup function for a counter UI component in TypeScript, which manages a counter state and updates an HTML button element accordingly.", "external_files": [], "external_methods": [], "published": ["setupCounter"], "classes": [], "methods": [{"name": "export function setupCounter(element: HTMLButtonElement) { setupCounter", "description": "Initializes a counter on a given HTMLButtonElement, setting up click event handling to increment and display the counter value.", "scope": "", "scopeKind": ""}], "calls": ["element.addEventListener", "setCounter"], "search-terms": ["setupCounter", "counter", "HTMLButtonElement", "TypeScript", "counter UI"], "state": 2, "file_id": 427, "knowledge_revision": 1446, "git_revision": "1aee8ed1eca8330cc765b711c43546e90b04ff39", "ctags": [{"_type": "tag", "name": "setCounter", "path": "/home/kavia/workspace/code-generation/universalinit/src/universalinit/templates/typescript/src/counter.ts", "pattern": "/^  const setCounter = (count: number) => {$/", "language": "TypeScript", "kind": "constant", "scope": "setupCounter", "scopeKind": "function"}, {"_type": "tag", "name": "setupCounter", "path": "/home/kavia/workspace/code-generation/universalinit/src/universalinit/templates/typescript/src/counter.ts", "pattern": "/^export function setupCounter(element: HTMLButtonElement) {$/", "language": "TypeScript", "kind": "function"}], "hash": "3de3bb5fb4e9f21d2dd136b8fb2fc629", "format-version": 4, "code-base-name": "universalinit", "filename": "src/universalinit/templates/typescript/src/counter.ts", "revision_history": [{"1446": "1aee8ed1eca8330cc765b711c43546e90b04ff39"}]}