{"is_source_file": true, "format": "JavaScript (ES Module, Vite configuration)", "description": "This file is a Vite configuration script written in JavaScript, used to set up build and development server settings for a LightningJS project with specific plugins and server options.", "external_files": ["@lightningjs/blits/vite"], "external_methods": ["defineConfig"], "published": [], "classes": [], "methods": [{"name": "defineConfig", "description": "Function imported from 'vite' module to define Vite configuration"}], "calls": ["defineConfig"], "search-terms": ["vite.config.js", "LightningJS", "Vite", "build configuration", "plugins", "server settings", "blitsVitePlugins"], "state": 2, "file_id": 525, "knowledge_revision": 1551, "git_revision": "1aee8ed1eca8330cc765b711c43546e90b04ff39", "ctags": [], "hash": "8acdac9175269e76719fddf670b22d2f", "format-version": 4, "code-base-name": "universalinit", "filename": "src/universalinit/templates/lightningjs/vite.config.js", "revision_history": [{"1551": "1aee8ed1eca8330cc765b711c43546e90b04ff39"}]}