{"is_source_file": true, "format": "JavaScript", "description": "A JavaScript module that sets up a middleware export object for an application, currently empty but intended to be populated with middleware functions.", "external_files": [], "external_methods": [], "published": ["module.exports"], "classes": [], "methods": [], "calls": [], "search-terms": ["middleware", "index.js", "JavaScript module", "exports"], "state": 2, "file_id": 445, "knowledge_revision": 1463, "git_revision": "1aee8ed1eca8330cc765b711c43546e90b04ff39", "ctags": [], "hash": "e9169fe9b751451d433ec5c4d4734b4a", "format-version": 4, "code-base-name": "universalinit", "filename": "src/universalinit/templates/express/src/middleware/index.js", "revision_history": [{"1463": "1aee8ed1eca8330cc765b711c43546e90b04ff39"}]}