{"is_source_file": true, "format": "TypeScript/TSX", "description": "A React-like component written in TSX for a Qwik application, implementing a counter with buttons to increment and decrement the count, and displaying a gauge component.", "external_files": ["./counter.module.css", "../gauge"], "external_methods": ["@builder.io/qwik:component$", "@builder.io/qwik:useSignal", "@builder.io/qwik:$"], "published": [], "classes": [], "methods": [{"name": "Counter component$", "description": "Defines a Qwik component that manages a count state with increment and decrement buttons and a gauge display."}, {"name": "setCount", "description": "Updates the count value within valid bounds (0-100)."}], "calls": ["useSignal", "$", "Gauge"], "search-terms": ["Qwik", "counter", "component$", "useSignal", "Gauge", "counter.tsx", "increment", "decrement"], "state": 2, "file_id": 425, "knowledge_revision": 1450, "git_revision": "1aee8ed1eca8330cc765b711c43546e90b04ff39", "ctags": [], "hash": "9cb6f3c1705c3f86967978f57dd2d308", "format-version": 4, "code-base-name": "universalinit", "filename": "src/universalinit/templates/qwik/src/components/starter/counter/counter.tsx", "revision_history": [{"1450": "1aee8ed1eca8330cc765b711c43546e90b04ff39"}]}