{"is_source_file": true, "format": "JavaScript (CommonJS module)", "description": "This is a configuration file for ESLint, a linting tool for JavaScript projects. It sets up ESLint with recommended configurations, plugins, and custom rules for code quality enforcement.", "external_files": ["eslint-plugin-prettier", "globals", "@eslint/js", "@eslint/eslintrc"], "external_methods": [], "published": [], "classes": [], "methods": [], "calls": ["require('eslint-plugin-prettier')", "require('globals')", "require('@eslint/js')", "require('@eslint/eslintrc').FlatCompat", "compat.extends('eslint:recommended', 'plugin:prettier/recommended', 'prettier')"], "search-terms": ["eslint", "prettier", "eslint.config.cjs", "linting configuration", "rules setup", "plugin"], "state": 2, "file_id": 633, "knowledge_revision": 1646, "git_revision": "1aee8ed1eca8330cc765b711c43546e90b04ff39", "hash": "93cd2c5ca89ba1c0ff23b0e00b6c74ef", "format-version": 4, "code-base-name": "universalinit", "filename": "src/universalinit/templates/lightningjs/eslint.config.cjs", "revision_history": [{"1646": "1aee8ed1eca8330cc765b711c43546e90b04ff39"}]}