{"is_source_file": true, "format": "TypeScript (TSX)", "description": "A React-like component for a Todo List application built with Qwik framework, including loader and action for managing list state.", "external_files": ["@builder.io/qwik", "@builder.io/qwik-city", "./todolist.module.css"], "external_methods": ["component$", "routeLoader$", "routeAction$", "zod$", "z", "Form"], "published": ["head"], "classes": [], "methods": [{"name": "useListLoader", "description": "Loader function that retrieves the current list of Todo items."}, {"name": "useAddToListAction", "description": "Action function that adds a new item to the list after validation."}], "calls": ["useListLoader", "useAddToListAction", "component$", "routeLoader$", "routeAction$"], "search-terms": ["Qwik", "Todo List", "tsx", "component$", "routeLoader$", "routeAction$", "Form", "list management"], "state": 2, "file_id": 416, "knowledge_revision": 1435, "git_revision": "1aee8ed1eca8330cc765b711c43546e90b04ff39", "ctags": [], "hash": "0d567d93bc8d060df1fc07dcc693ed4e", "format-version": 4, "code-base-name": "universalinit", "filename": "src/universalinit/templates/qwik/src/routes/demo/todolist/index.tsx", "revision_history": [{"1435": "1aee8ed1eca8330cc765b711c43546e90b04ff39"}]}