{"is_source_file": true, "format": "JavaScript/ECMAScript Module (MJS)", "description": "This file is an ESLint configuration module written in ECMAScript Module format. It imports various ESLint plugin configurations and defines an export array that combines recommended configurations, ignore patterns, language options for TypeScript files, plugin settings, and global variables.", "external_files": ["@eslint/js", "@typescript-eslint/eslint-plugin", "@typescript-eslint/parser"], "external_methods": [], "published": ["default"], "classes": [], "methods": [], "calls": ["js.configs.recommended", "tseslint", "tsParser"], "search-terms": ["eslint", "typescript", "plugins", "configuration", "ignores", "typescript-eslint"], "state": 2, "file_id": 454, "knowledge_revision": 1471, "git_revision": "1aee8ed1eca8330cc765b711c43546e90b04ff39", "hash": "e07c5093c78842a4ba4667fc4b86ccee", "format-version": 4, "code-base-name": "universalinit", "filename": "src/universalinit/templates/vite/eslint.config.mjs", "revision_history": [{"1471": "1aee8ed1eca8330cc765b711c43546e90b04ff39"}]}