{"is_source_file": true, "format": "Dart", "description": "This is the main Flutter app entry point that sets up a basic UI with a Scaffold, AppBar, and centered loading indicator, representing a template project with a placeholder title.", "external_files": ["package:flutter/material.dart"], "external_methods": ["runApp", "MaterialApp", "ThemeData", "ColorScheme.fromSeed", "Colors.blue", "Theme.of", "Scaffold", "AppBar", "Text", "SizedBox", "CircularProgressIndicator"], "published": ["main", "MyApp", "MyHomePage", "_MyHomePageState"], "classes": [{"name": "MyApp", "description": "Root widget that sets up the MaterialApp with theme and home page."}, {"name": "MyHomePage", "description": "Stateful widget representing the main screen with a customizable title."}, {"name": "_MyHomePageState", "description": "State class for MyHomePage, builds the Scaffold with an AppBar and centered content."}], "methods": [{"name": "main", "description": "Entry point function that runs the Flutter application."}, {"name": "build", "description": "Build method for MyApp and _MyHomePageState that defines their widget tree."}, {"name": "createState", "description": "Creates the mutable state for MyHomePage widget."}], "calls": ["runApp", "MaterialApp", "ThemeData", "ColorScheme.fromSeed", "Colors.blue", "Theme.of", "Scaffold", "AppBar", "Text", "SizedBox", "CircularProgressIndicator"], "search-terms": ["flutter main", "MaterialApp", "ThemeData", "MyHomePage", "StatefulWidget", "Scaffold", "AppBar", "Center", "CircularProgressIndicator"], "state": 2, "file_id": 435, "knowledge_revision": 1463, "git_revision": "1aee8ed1eca8330cc765b711c43546e90b04ff39", "hash": "601e9fda3eb2a914ab8f872f256fe019", "format-version": 4, "code-base-name": "universalinit", "filename": "src/universalinit/templates/flutter/lib/main.dart", "revision_history": [{"1463": "1aee8ed1eca8330cc765b711c43546e90b04ff39"}]}