{"is_source_file": true, "format": "JavaScript", "description": "This file initializes and configures an Express.js application, setting up middleware for CORS, Swagger API documentation, routing, and error handling.", "external_files": ["./routes", "../swagger", "swagger-ui-express"], "external_methods": ["swaggerUi.serve", "swaggerUi.setup"], "published": ["app"], "classes": [], "methods": [{"name": "app.use", "description": "Registers middleware functions for handling requests."}, {"name": "app.set", "description": "Sets application settings; here, enabling 'trust proxy'."}, {"name": "app.use('/docs', ...)", "description": "Configures Swagger UI documentation endpoint with dynamic server URL."}], "calls": ["cors()", "express()", "require('./routes')", "require('../swagger')", "swaggerUi.serve", "swaggerUi.setup", "req.get('host')", "req.protocol", "req.socket.localPort", "req.secure", "console.error", "res.status", "res.json"], "search-terms": ["Express app initialization", "CORS setup", "Swagger UI integration", "Route mounting", "Error handling middleware", "Dynamic Swagger server URL"], "state": 2, "file_id": 420, "knowledge_revision": 1442, "git_revision": "1aee8ed1eca8330cc765b711c43546e90b04ff39", "ctags": [{"_type": "tag", "name": "app", "path": "/home/kavia/workspace/code-generation/universalinit/src/universalinit/templates/express/src/app.js", "pattern": "/^const app = express();$/", "language": "JavaScript", "kind": "constant"}, {"_type": "tag", "name": "cors", "path": "/home/kavia/workspace/code-generation/universalinit/src/universalinit/templates/express/src/app.js", "pattern": "/^const cors = require('cors');$/", "language": "JavaScript", "kind": "constant"}, {"_type": "tag", "name": "express", "path": "/home/kavia/workspace/code-generation/universalinit/src/universalinit/templates/express/src/app.js", "pattern": "/^const express = require('express');$/", "language": "JavaScript", "kind": "constant"}, {"_type": "tag", "name": "routes", "path": "/home/kavia/workspace/code-generation/universalinit/src/universalinit/templates/express/src/app.js", "pattern": "/^const routes = require('.\\/routes');$/", "language": "JavaScript", "kind": "constant"}, {"_type": "tag", "name": "swaggerSpec", "path": "/home/kavia/workspace/code-generation/universalinit/src/universalinit/templates/express/src/app.js", "pattern": "/^const swaggerSpec = require('..\\/swagger');$/", "language": "JavaScript", "kind": "constant"}, {"_type": "tag", "name": "swaggerUi", "path": "/home/kavia/workspace/code-generation/universalinit/src/universalinit/templates/express/src/app.js", "pattern": "/^const swaggerUi = require('swagger-ui-express');$/", "language": "JavaScript", "kind": "constant"}], "hash": "5df3172f6e958a99d255956f667b1de4", "format-version": 4, "code-base-name": "universalinit", "filename": "src/universalinit/templates/express/src/app.js", "revision_history": [{"1442": "1aee8ed1eca8330cc765b711c43546e90b04ff39"}]}