{"is_source_file": true, "format": "TypeScript declaration file (.d.ts)", "description": "TypeScript declaration file providing references for Vite's client environment.", "external_files": ["vite/client"], "external_methods": [], "published": [], "classes": [], "methods": [], "calls": [], "search-terms": ["vite-env", "vite/client", "typescript", "declaration"], "state": 2, "file_id": 347, "knowledge_revision": 1366, "git_revision": "1aee8ed1eca8330cc765b711c43546e90b04ff39", "ctags": [], "hash": "0352474ba2918efe13895edbc3780d94", "format-version": 4, "code-base-name": "universalinit", "filename": "src/universalinit/templates/typescript/src/vite-env.d.ts", "revision_history": [{"1366": "1aee8ed1eca8330cc765b711c43546e90b04ff39"}]}