{"is_source_file": true, "format": "JavaScript (ES6 Module)", "description": "This file defines a LightningJS component named 'Home' that builds a UI page with animated elements, including a logo, loader, text, and a button. It imports external components and templates the UI layout, manages state, and defines lifecycle hooks and methods for animations and interactions.", "external_files": ["../components/Loader.js", "../components/Button.js", "@lightningjs/blits"], "external_methods": ["$setTimeout", "$setInterval", "$select"], "published": ["y", "x", "rotation", "scale", "loaderAlpha", "textAlpha", "color"], "classes": [{"name": "Home", "description": "A LightningJS component representing the Home page with animated elements and interaction logic."}], "methods": [{"name": "rotateColors", "description": "Cycles through a predefined list of colors, updating the 'color' state property at specified intervals."}], "calls": ["@lightningjs/blits.Component", "this.rotateColors", "this.$setTimeout", "this.$setInterval", "this.$select"], "search-terms": ["LightningJS Home component", "animation state management", "LightningJS lifecycle hooks", "LighteningJS external components", "JavaScript LightningJS component layout"], "state": 2, "file_id": 536, "knowledge_revision": 1556, "git_revision": "1aee8ed1eca8330cc765b711c43546e90b04ff39", "ctags": [{"_type": "tag", "name": "colors", "path": "/home/kavia/workspace/code-generation/universalinit/src/universalinit/templates/lightningjs/src/pages/Home.js", "pattern": "/^const colors = ['#f5f3ff', '#ede9fe', '#ddd6fe', '#c4b5fd', '#a78bfa']$/", "language": "JavaScript", "kind": "constant"}], "hash": "26a944e344bdf4adc32f5fef7345bff7", "format-version": 4, "code-base-name": "universalinit", "filename": "src/universalinit/templates/lightningjs/src/pages/Home.js", "revision_history": [{"1556": "1aee8ed1eca8330cc765b711c43546e90b04ff39"}]}