{"is_source_file": false, "format": "", "description": "", "external_files": [], "external_methods": [], "published": [], "classes": [], "methods": [], "calls": [], "search-terms": [], "state": 2, "file_id": 198, "knowledge_revision": 590, "git_revision": "aa69f66299701fc97267fe090de8289037534011", "hash": "a03b94a12ce4e5c605b5ce4a3f188aab", "format-version": 4, "code-base-name": "universalinit", "filename": "src/universalinit/templates/nativescript/App_Resources/Android/src/main/res/values-v21/styles.xml", "revision_history": [{"590": "aa69f66299701fc97267fe090de8289037534011"}]}