{"is_source_file": true, "format": "Dart", "description": "Main application file for a Flutter project; defines the app's entry point, theme, and a simple home page displaying a loading message.", "external_files": ["package:flutter/material.dart"], "external_methods": ["runApp", "MaterialApp", "ThemeData.fromSeed", "Colors.blue", "ColorScheme.fromSeed", "Theme.of"], "published": ["main", "MyApp", "MyHomePage", "_MyHomePageState"], "classes": [{"name": "MyApp", "description": "Root widget of the application, sets up the MaterialApp and theme."}, {"name": "MyHomePage", "description": "Stateful widget representing the home page, displays a message indicating app generation."}, {"name": "_MyHomePageState", "description": "State class for MyHomePage, builds the Scaffold with AppBar and centered content."}], "methods": [{"name": "main", "description": "Application entry point that initializes and runs the app."}, {"name": "build", "description": "Builds the UI for MyApp and _MyHomePageState."}, {"name": "createState", "description": "Creates the mutable state for MyHomePage."}], "calls": ["runApp", "MaterialApp", "ThemeData.fromSeed", "ColorScheme.fromSeed", "Theme.of", "Scaffold", "AppBar", "Text", "SizedBox", "Center", "Column", "CircularProgressIndicator"], "search-terms": ["flutter", "main.dart", "MaterialApp", "MyHomePage", "app generation message", "loading screen"], "state": 2, "file_id": 487, "knowledge_revision": 1504, "git_revision": "1aee8ed1eca8330cc765b711c43546e90b04ff39", "hash": "601e9fda3eb2a914ab8f872f256fe019", "format-version": 4, "code-base-name": "universalinit", "filename": "src/universalinit/templates/flutter/lib/main.dart", "revision_history": [{"1504": "1aee8ed1eca8330cc765b711c43546e90b04ff39"}]}