{"is_source_file": true, "format": "TypeScript", "description": "Configuration file for Vite bundler for a project using TypeScript, setting up development server options.", "external_files": ["vite"], "external_methods": ["defineConfig"], "published": [], "classes": [], "methods": [{"name": "defineConfig", "description": "Function to define Vite configuration options."}], "calls": ["defineConfig"], "search-terms": ["vite", "vite.config.ts", "defineConfig", "development server", "host", "port", "allowedHosts", "headers", "watch"], "state": 2, "file_id": 556, "knowledge_revision": 1580, "git_revision": "1aee8ed1eca8330cc765b711c43546e90b04ff39", "ctags": [], "hash": "6efeb32d6235067d6bad81a886455a94", "format-version": 4, "code-base-name": "universalinit", "filename": "src/universalinit/templates/slidev/vite.config.ts", "revision_history": [{"1580": "1aee8ed1eca8330cc765b711c43546e90b04ff39"}]}