{"is_source_file": true, "file_id": 582, "git_revision": "1aee8ed1eca8330cc765b711c43546e90b04ff39", "state": 1, "description": "", "external_files": [], "external_methods": [], "published": [], "classes": [], "methods": [], "calls": [], "search-terms": [], "ctags": [{"_type": "tag", "name": "adapter", "path": "/home/kavia/workspace/code-generation/universalinit/src/universalinit/templates/svelte/svelte.config.js", "pattern": "/^\t\tadapter: adapter(),$/", "language": "JavaScript", "kind": "property", "scope": "config.kit", "scopeKind": "class"}, {"_type": "tag", "name": "checkOrigin", "path": "/home/kavia/workspace/code-generation/universalinit/src/universalinit/templates/svelte/svelte.config.js", "pattern": "/^\t\t\tcheckOrigin: false$/", "language": "JavaScript", "kind": "property", "scope": "config.kit.csrf", "scopeKind": "class"}, {"_type": "tag", "name": "config", "path": "/home/kavia/workspace/code-generation/universalinit/src/universalinit/templates/svelte/svelte.config.js", "pattern": "/^const config = {$/", "language": "JavaScript", "kind": "class"}, {"_type": "tag", "name": "csrf", "path": "/home/kavia/workspace/code-generation/universalinit/src/universalinit/templates/svelte/svelte.config.js", "pattern": "/^\t\tcsrf: {$/", "language": "JavaScript", "kind": "class", "scope": "config.kit", "scopeKind": "class"}, {"_type": "tag", "name": "kit", "path": "/home/kavia/workspace/code-generation/universalinit/src/universalinit/templates/svelte/svelte.config.js", "pattern": "/^\tkit: {$/", "language": "JavaScript", "kind": "class", "scope": "config", "scopeKind": "class"}, {"_type": "tag", "name": "preprocess", "path": "/home/kavia/workspace/code-generation/universalinit/src/universalinit/templates/svelte/svelte.config.js", "pattern": "/^\tpreprocess: vitePreprocess(),$/", "language": "JavaScript", "kind": "property", "scope": "config", "scopeKind": "class"}], "format": "JavaScript", "hash": "5adccfb5d56a16ae9a40d720c9fc945c", "format-version": 4, "code-base-name": "universalinit", "filename": "src/universalinit/templates/svelte/svelte.config.js", "knowledge_revision": 1264}