{"is_source_file": false, "format": "", "description": "", "external_files": [], "external_methods": [], "published": [], "classes": [], "methods": [], "calls": [], "search-terms": ["footer", "css", "responsive", "Qwik", "components"], "state": 2, "file_id": 403, "knowledge_revision": 1409, "git_revision": "1aee8ed1eca8330cc765b711c43546e90b04ff39", "hash": "6f89944aa3374f88b2c221e62aa1ed9a", "format-version": 4, "code-base-name": "universalinit", "filename": "src/universalinit/templates/qwik/src/components/starter/footer/footer.module.css", "revision_history": [{"1409": "1aee8ed1eca8330cc765b711c43546e90b04ff39"}]}