{"is_source_file": true, "format": "TypeScript JSX (TSX)", "description": "This file defines a React functional component 'Arc' that renders an SVG ellipse with animated gradient stroke and rotation effects. It includes internal functions for geometric calculations and manages internal state for gradient ID generation.", "external_files": ["react", "remotion"], "external_methods": ["useState", "random", "useVideoConfig"], "published": ["Arc"], "classes": [], "methods": [{"name": "getCircumferenceOfArc", "description": "Calculates the circumference of an elliptical arc based on rx and ry radii."}], "calls": ["useState", "random", "useVideoConfig"], "search-terms": ["Arc", "SVG ellipse animation", "React component", "remotion", "gradient stroke"], "state": 2, "file_id": 635, "knowledge_revision": 1656, "git_revision": "1aee8ed1eca8330cc765b711c43546e90b04ff39", "ctags": [], "hash": "81c9128f01c7b242ea106b7d86496df5", "format-version": 4, "code-base-name": "universalinit", "filename": "src/universalinit/templates/remotion/src/HelloWorld/Arc.tsx", "revision_history": [{"1656": "1aee8ed1eca8330cc765b711c43546e90b04ff39"}]}