{"is_source_file": true, "format": "TypeScript/TSX", "description": "This file is the client entry point for a Remix application, responsible for hydrating the React app on the client side using React 18's hydrateRoot method.", "external_files": ["@remix-run/react", "react", "react-dom/client"], "external_methods": ["hydrateRoot", "startTransition"], "published": [], "classes": [], "methods": [{"name": "startTransition", "description": "Function from React to schedule transition updates."}, {"name": "hydrateRoot", "description": "Function from React DOM to hydrate the React application into a DOM element."}], "calls": ["startTransition", "hydrateRoot"], "search-terms": ["entry.client.tsx", "RemixBrowser", "react-dom/client", "hydrateRoot", "client hydration"], "state": 2, "file_id": 433, "knowledge_revision": 1453, "git_revision": "1aee8ed1eca8330cc765b711c43546e90b04ff39", "ctags": [], "hash": "5d53ef36a3075b464b930b7d096d41a0", "format-version": 4, "code-base-name": "universalinit", "filename": "src/universalinit/templates/remix/app/entry.client.tsx", "revision_history": [{"1453": "1aee8ed1eca8330cc765b711c43546e90b04ff39"}]}