{"is_source_file": true, "file_id": 670, "git_revision": "1aee8ed1eca8330cc765b711c43546e90b04ff39", "state": 1, "description": "", "external_files": [], "external_methods": [], "published": [], "classes": [], "methods": [], "calls": [], "search-terms": [], "ctags": [{"_type": "tag", "name": "HealthController", "path": "/home/kavia/workspace/code-generation/universalinit/src/universalinit/templates/express/src/controllers/health.js", "pattern": "/^class HealthController {$/", "language": "JavaScript", "kind": "class"}, {"_type": "tag", "name": "check", "path": "/home/kavia/workspace/code-generation/universalinit/src/universalinit/templates/express/src/controllers/health.js", "pattern": "/^  check(req, res) {$/", "language": "JavaScript", "kind": "method", "signature": "(req, res)", "scope": "HealthController", "scopeKind": "class"}, {"_type": "tag", "name": "exports", "path": "/home/kavia/workspace/code-generation/universalinit/src/universalinit/templates/express/src/controllers/health.js", "pattern": "/^module.exports = new HealthController();$/", "language": "JavaScript", "kind": "variable", "scope": "module", "scopeKind": "class"}, {"_type": "tag", "name": "healthService", "path": "/home/kavia/workspace/code-generation/universalinit/src/universalinit/templates/express/src/controllers/health.js", "pattern": "/^const healthService = require('..\\/services\\/health');$/", "language": "JavaScript", "kind": "constant"}], "format": "JavaScript", "hash": "05c26663041fbc83dd60748f0bc705da", "format-version": 4, "code-base-name": "universalinit", "filename": "src/universalinit/templates/express/src/controllers/health.js", "knowledge_revision": 1342}