{"is_source_file": false, "format": "", "description": "", "external_files": [], "external_methods": [], "published": [], "classes": [], "methods": [], "calls": [], "search-terms": ["Router Basics", "Blits framework", "route", "routing", "navigation", "URL hash", "pages", "components", "routes", "deeplinking", "backtracking", "RouterView"], "state": 2, "file_id": 469, "knowledge_revision": 1485, "git_revision": "1aee8ed1eca8330cc765b711c43546e90b04ff39", "hash": "9cbb98135c1a276eef3680424b3c4029", "format-version": 4, "code-base-name": "universalinit", "filename": "src/universalinit/templates/lightningjs/docs/router_basics.md", "revision_history": [{"1485": "1aee8ed1eca8330cc765b711c43546e90b04ff39"}]}