{"is_source_file": false, "format": "", "description": "", "external_files": [], "external_methods": [], "published": [], "classes": [], "methods": [], "calls": [], "search-terms": ["CSS Variables", "theme management", "React App styling", "dark mode styles", "responsive design"], "state": 2, "file_id": 355, "knowledge_revision": 1367, "git_revision": "1aee8ed1eca8330cc765b711c43546e90b04ff39", "hash": "22f9e17cc1848b56dbb244518ac2707e", "format-version": 4, "code-base-name": "universalinit", "filename": "src/universalinit/templates/react/src/App.css", "revision_history": [{"1367": "1aee8ed1eca8330cc765b711c43546e90b04ff39"}]}