{"is_source_file": true, "format": "JavaScript", "description": "This file defines an Express.js route for the root endpoint ('/'), which serves as a health check with associated Swagger API documentation. It imports express and a health controller, creates a router, and sets up a GET route on '/' that invokes the 'check' method of the health controller.", "external_files": ["../controllers/health"], "external_methods": ["healthController.check"], "published": ["router"], "classes": [], "methods": [{"name": "check", "description": "Method of healthController that handles health check requests."}], "calls": ["express.Router()", "healthController.check.bind(healthController)"], "search-terms": ["Express route", "health check endpoint", "swagger documentation", "healthController", "index.js route"], "state": 2, "file_id": 520, "knowledge_revision": 1537, "git_revision": "1aee8ed1eca8330cc765b711c43546e90b04ff39", "ctags": [{"_type": "tag", "name": "express", "path": "/home/kavia/workspace/code-generation/universalinit/src/universalinit/templates/express/src/routes/index.js", "pattern": "/^const express = require('express');$/", "language": "JavaScript", "kind": "constant"}, {"_type": "tag", "name": "healthController", "path": "/home/kavia/workspace/code-generation/universalinit/src/universalinit/templates/express/src/routes/index.js", "pattern": "/^const healthController = require('..\\/controllers\\/health');$/", "language": "JavaScript", "kind": "constant"}, {"_type": "tag", "name": "router", "path": "/home/kavia/workspace/code-generation/universalinit/src/universalinit/templates/express/src/routes/index.js", "pattern": "/^const router = express.Router();$/", "language": "JavaScript", "kind": "constant"}], "hash": "65440e156977076adec2544b5e71e9b6", "format-version": 4, "code-base-name": "universalinit", "filename": "src/universalinit/templates/express/src/routes/index.js", "revision_history": [{"1537": "1aee8ed1eca8330cc765b711c43546e90b04ff39"}]}