{"is_source_file": true, "format": "TypeScript (TSX)", "description": "This file defines a React functional component 'Title' that renders animated styled text, utilizing Remotion hooks for video frame updates and spring animation for scaling words dynamically based on the frame count.", "external_files": ["./constants"], "external_methods": ["useVideoConfig", "useCurrentFrame", "spring"], "published": ["Title"], "classes": [], "methods": [{"name": "Title", "description": "React functional component that displays a title with animated scaling for each word, based on the current video frame."}], "calls": ["useVideoConfig()", "useCurrentFrame()", "spring({ fps, frame, config })"], "search-terms": ["Title component", "remotion TSX", "animated text", "video frame animation", "React CSSProperties"], "state": 2, "file_id": 500, "knowledge_revision": 1515, "git_revision": "1aee8ed1eca8330cc765b711c43546e90b04ff39", "ctags": [], "hash": "c4d50786934a65d475e056772bf0c33f", "format-version": 4, "code-base-name": "universalinit", "filename": "src/universalinit/templates/remotion/src/HelloWorld/Title.tsx", "revision_history": [{"1515": "1aee8ed1eca8330cc765b711c43546e90b04ff39"}]}