{"is_source_file": true, "format": "Python", "description": "This file defines a single API view function 'health' for a Django REST Framework project that responds with a health status message.", "external_files": ["rest_framework.decorators", "rest_framework.response"], "external_methods": ["rest_framework.decorators.api_view", "rest_framework.response.Response"], "published": ["health"], "classes": [], "methods": [{"name": "health(request)", "description": "A view function that handles GET requests and returns a simple JSON message indicating server status.", "scope": "", "scopeKind": ""}], "calls": ["Response"], "search-terms": ["django", "rest_framework", "api_view", "health", "Response", "django view"], "state": 2, "file_id": 429, "knowledge_revision": 1441, "git_revision": "1aee8ed1eca8330cc765b711c43546e90b04ff39", "ctags": [{"_type": "tag", "name": "health", "path": "/home/kavia/workspace/code-generation/universalinit/src/universalinit/templates/django/api/views.py", "pattern": "/^def health(request):$/", "language": "Python", "kind": "function", "signature": "(request)"}], "hash": "e3ccd8059b968c2eaeb07756801c967e", "format-version": 4, "code-base-name": "universalinit", "filename": "src/universalinit/templates/django/api/views.py", "revision_history": [{"1441": "1aee8ed1eca8330cc765b711c43546e90b04ff39"}]}