{"is_source_file": true, "format": "TypeScript (TSX/React)", "description": "This file is a Next.js layout component written in TypeScript, defining global styles, fonts, and metadata for the application.", "external_files": ["next", "next/font/google", "./globals.css"], "external_methods": ["Geist", "Geist_Mono"], "published": ["metadata"], "classes": [], "methods": [{"name": "RootLayout", "description": "React component that sets up the HTML structure, fonts, and styles for the application layout."}], "calls": ["Geist", "Geist_Mono"], "search-terms": ["Next.js layout", "TypeScript React layout", "Google Fonts Geist", "metadata", "global styles", "React node"], "state": 2, "file_id": 418, "knowledge_revision": 1445, "git_revision": "1aee8ed1eca8330cc765b711c43546e90b04ff39", "ctags": [], "hash": "5f8776fc8a71cd5f17746f7ac3672e84", "format-version": 4, "code-base-name": "universalinit", "filename": "src/universalinit/templates/nextjs/src/app/layout.tsx", "revision_history": [{"1445": "1aee8ed1eca8330cc765b711c43546e90b04ff39"}]}