{"is_source_file": true, "format": "TypeScript (TSX)", "description": "Source code for a Qwik-based Todo List component, including loader and action logic, rendering JSX, and importing CSS modules.", "external_files": ["@builder.io/qwik", "@builder.io/qwik-city", "./todolist.module.css"], "external_methods": ["component$", "routeLoader$", "routeAction$", "zod$", "z", "Form"], "published": ["head"], "classes": [], "methods": [{"name": "useListLoader", "description": "Loader function to fetch the current list of todo items."}, {"name": "useAddToListAction", "description": "Action function to add a new item to the list, with validation."}], "calls": ["useListLoader", "useAddToListAction"], "search-terms": ["Qwik Todo List", "routeLoader$", "routeAction$", "zod$", "component$", "Form", "todolist.module.css", "index.tsx", "todo", "list rendering", "JSX"], "state": 2, "file_id": 604, "knowledge_revision": 1624, "git_revision": "1aee8ed1eca8330cc765b711c43546e90b04ff39", "ctags": [], "hash": "0d567d93bc8d060df1fc07dcc693ed4e", "format-version": 4, "code-base-name": "universalinit", "filename": "src/universalinit/templates/qwik/src/routes/demo/todolist/index.tsx", "revision_history": [{"1624": "1aee8ed1eca8330cc765b711c43546e90b04ff39"}]}