{"is_source_file": true, "format": "TypeScript", "description": "Configuration file for a Nuxt.js project, defining build and server settings.", "external_files": [], "external_methods": ["defineNuxtConfig"], "published": ["compatibilityDate", "devtools", "nitro", "vite"], "classes": [], "methods": ["defineNuxtConfig"], "calls": ["defineNuxtConfig"], "search-terms": ["nuxt", "nuxt.config.ts", "configuration", "routeRules", "headers", "server", "port", "allowedHosts"], "state": 2, "file_id": 513, "knowledge_revision": 1534, "git_revision": "1aee8ed1eca8330cc765b711c43546e90b04ff39", "ctags": [], "hash": "5f9df0d4eaa42a5ea12a40cd14adef50", "format-version": 4, "code-base-name": "universalinit", "filename": "src/universalinit/templates/nuxt/nuxt.config.ts", "revision_history": [{"1534": "1aee8ed1eca8330cc765b711c43546e90b04ff39"}]}