{"is_source_file": true, "file_id": 346, "git_revision": "1aee8ed1eca8330cc765b711c43546e90b04ff39", "state": 1, "description": "", "external_files": [], "external_methods": [], "published": [], "classes": [], "methods": [], "calls": [], "search-terms": [], "ctags": [{"_type": "tag", "name": "setCounter", "path": "/home/kavia/workspace/code-generation/universalinit/src/universalinit/templates/typescript/src/counter.ts", "pattern": "/^  const setCounter = (count: number) => {$/", "language": "TypeScript", "kind": "constant", "scope": "setupCounter", "scopeKind": "function"}, {"_type": "tag", "name": "setupCounter", "path": "/home/kavia/workspace/code-generation/universalinit/src/universalinit/templates/typescript/src/counter.ts", "pattern": "/^export function setupCounter(element: HTMLButtonElement) {$/", "language": "TypeScript", "kind": "function"}], "format": "TypeScript", "hash": "3de3bb5fb4e9f21d2dd136b8fb2fc629", "format-version": 4, "code-base-name": "universalinit", "filename": "src/universalinit/templates/typescript/src/counter.ts", "knowledge_revision": 1019}