{"is_source_file": true, "format": "Python", "description": "This file configures URL routing for a Django project, including schema documentation views using drf_yasg and Swagger UI, Redoc, and JSON schema endpoints.", "external_files": ["django.contrib", "django.urls", "rest_framework", "drf_yasg.views", "drf_yasg", "django.views.decorators.csrf"], "external_methods": ["get_schema_view", "permissions.AllowAny", "path", "include", "re_path", "csrf_exempt"], "published": ["urlpatterns", "schema_view", "get_full_url", "dynamic_schema_view"], "classes": [], "methods": [{"name": "get_full_url(request)", "description": "Constructs and returns the full URL of the incoming request, considering scheme, host, and forwarded port.", "scope": "", "scopeKind": ""}, {"name": "dynamic_schema_view(request, *args, **kwargs)", "description": "Dynamically generates and returns the Swagger UI schema view, adjusting the URL based on request information.", "scope": "", "scopeKind": ""}], "calls": ["get_schema_view", "permissions.AllowAny", "path", "include", "re_path", "get_full_url", "get_schema_view", "with_ui", "with_ui", "without_ui"], "search-terms": ["django URL configuration", "schema view", "Swagger UI", "Redoc", "drf_yasg", "schema endpoints", "dynamic URL construction"], "state": 2, "file_id": 459, "knowledge_revision": 1486, "git_revision": "1aee8ed1eca8330cc765b711c43546e90b04ff39", "ctags": [{"_type": "tag", "name": "dynamic_schema_view", "path": "/home/kavia/workspace/code-generation/universalinit/src/universalinit/templates/django/config/urls.py", "pattern": "/^def dynamic_schema_view(request, *args, **kwargs):$/", "language": "Python", "kind": "function", "signature": "(request, *args, **kwargs)"}, {"_type": "tag", "name": "get_full_url", "path": "/home/kavia/workspace/code-generation/universalinit/src/universalinit/templates/django/config/urls.py", "pattern": "/^def get_full_url(request):$/", "language": "Python", "kind": "function", "signature": "(request)"}, {"_type": "tag", "name": "schema_view", "path": "/home/kavia/workspace/code-generation/universalinit/src/universalinit/templates/django/config/urls.py", "pattern": "/^schema_view = get_schema_view($/", "language": "Python", "kind": "variable"}, {"_type": "tag", "name": "urlpatterns", "path": "/home/kavia/workspace/code-generation/universalinit/src/universalinit/templates/django/config/urls.py", "pattern": "/^urlpatterns = [$/", "language": "Python", "kind": "variable"}], "hash": "482cd4ea609c28e217819d5339030112", "format-version": 4, "code-base-name": "universalinit", "filename": "src/universalinit/templates/django/config/urls.py", "fields": [{"name": "schema_view = get_schema_view(", "scope": "", "scopeKind": "", "description": "unavailable"}, {"name": "urlpatterns = [", "scope": "", "scopeKind": "", "description": "unavailable"}], "revision_history": [{"1486": "1aee8ed1eca8330cc765b711c43546e90b04ff39"}]}