{"is_source_file": true, "format": "TypeScript/TSX", "description": "React functional component for displaying a subtitle with animated opacity, used within a Remotion video project.", "external_files": ["./constants"], "external_methods": ["interpolate", "useCurrentFrame"], "published": ["Subtitle"], "classes": [], "methods": [{"name": "Subtitle", "description": "React functional component that renders a subtitle with animated opacity based on the current frame."}], "calls": ["useCurrentFrame", "interpolate"], "search-terms": ["React", "Remotion", "Subtitle", "animation", "opacity", "frame", "CSSProperties", "video subtitle"], "state": 2, "file_id": 512, "knowledge_revision": 1536, "git_revision": "1aee8ed1eca8330cc765b711c43546e90b04ff39", "ctags": [], "hash": "a4a6f5bec7582a30b3d43db862a5acf7", "format-version": 4, "code-base-name": "universalinit", "filename": "src/universalinit/templates/remotion/src/HelloWorld/Subtitle.tsx", "revision_history": [{"1536": "1aee8ed1eca8330cc765b711c43546e90b04ff39"}]}