{"is_source_file": true, "format": "TypeScript/TSX", "description": "This file defines a React component called 'RemotionRoot' that uses Remotion libraries to render video compositions, setting up configurations for each composition like ID, component, duration, resolution, and default properties.", "external_files": ["./HelloWorld", "./HelloWorld/Logo"], "external_methods": ["React.FC", "Composition"], "published": [], "classes": [], "methods": [{"name": "RemotionRoot", "description": "React functional component that renders multiple video compositions using Remotion library."}], "calls": ["React.FC", "Composition"], "search-terms": ["RemotionRoot", "Composition", "HelloWorld", "Logo", "React.FC", "TSX", "remotion", "compositions"], "state": 2, "file_id": 664, "knowledge_revision": 1683, "git_revision": "1aee8ed1eca8330cc765b711c43546e90b04ff39", "ctags": [], "hash": "e7dd365e19e3e2c921953e942d5e0cad", "format-version": 4, "code-base-name": "universalinit", "filename": "src/universalinit/templates/remotion/src/Root.tsx", "revision_history": [{"1683": "1aee8ed1eca8330cc765b711c43546e90b04ff39"}]}