{"is_source_file": true, "format": "bash/shell script", "description": "This is a startup script for MongoDB that performs checks, starts the server, creates users, and outputs configuration details.", "external_files": ["db_connection.txt", "db_visualizer/mongodb.env", "/var/lib/mongodb/mongod.log"], "external_methods": ["mongosh", "pgrep", "lsof", "pkill", "sleep", "echo", "cat", "sudo"], "published": ["DB_NAME", "DB_USER", "DB_PASSWORD", "DB_PORT"], "classes": [], "methods": [{"name": "mongosh", "description": "MongoDB shell used to execute database commands and user creation scripts."}, {"name": "pgrep", "description": "Process grep used to find running mongod process."}, {"name": "lsof", "description": "Lists open files for the mongod process to find the listening port."}, {"name": "pkill", "description": "Kills the mongod process if needed."}, {"name": "sleep", "description": "Delays execution for synchronization."}, {"name": "echo", "description": "Outputs text to console."}, {"name": "cat", "description": "Reads files and outputs their contents."}, {"name": "sudo", "description": "Runs commands with root privileges."}], "calls": ["mongosh --port ${DB_PORT} --eval \"db.adminCommand('ping')\"", "mongosh mongodb://${DB_USER}:${DB_PASSWORD}@localhost:${DB_PORT}/${DB_NAME}?authSource=admin --eval \"db.getName()\"", "sudo lsof -Pan -p $MONGO_PID -i", "pkill -x mongod", "mongosh --port ${DB_PORT} << EOF ... EOF", "cat db_connection.txt", "source db_visualizer/mongodb.env"], "search-terms": ["MongoDB startup script", "mongosh", "database user creation", "MongoDB background start", "MongoDB connection string", "database setup script"], "state": 2, "file_id": 462, "knowledge_revision": 1483, "git_revision": "1aee8ed1eca8330cc765b711c43546e90b04ff39", "hash": "a5cffa3a0c62b0ad3e0a1886acab1420", "format-version": 4, "code-base-name": "universalinit", "filename": "src/universalinit/templates/mongodb/startup.sh", "revision_history": [{"1483": "1aee8ed1eca8330cc765b711c43546e90b04ff39"}]}