{"is_source_file": true, "format": "TypeScript/TSX", "description": "A React-like component created with Qwik that renders a gauge visualization with customizable value, utilizing SVG graphics and CSS modules.", "external_files": ["@builder.io/qwik", "./gauge.module.css"], "external_methods": ["component$"], "published": [], "classes": [], "methods": [{"name": "default component$", "description": "A Qwik component that renders a gauge with a dynamic fill based on the 'value' prop."}], "calls": ["component$"], "search-terms": ["Qwik gauge component", "SVG gauge visualization", "React-like component in Qwik", "CSS modules gauge", "dynamic stroke dash array"], "state": 2, "file_id": 620, "knowledge_revision": 1638, "git_revision": "1aee8ed1eca8330cc765b711c43546e90b04ff39", "ctags": [], "hash": "27f4579126cf32b622a56b0aff87aafc", "format-version": 4, "code-base-name": "universalinit", "filename": "src/universalinit/templates/qwik/src/components/starter/gauge/index.tsx", "revision_history": [{"1638": "1aee8ed1eca8330cc765b711c43546e90b04ff39"}]}