{"is_source_file": true, "format": "JavaScript", "description": "Main entry JavaScript file for a Vite project that sets up a webpage with logos, a header, a button, and a simple counter setup.", "external_files": ["./style.css", "./counter.js", "/vite.svg", "./javascript.svg"], "external_methods": ["setupCounter"], "published": [], "classes": [], "methods": [{"name": "setupCounter", "description": "Initializes a counter UI element, defined in an external module."}], "calls": ["setupCounter"], "search-terms": ["vite", "main.js", "setupCounter", "JavaScript", "Vite project", "module imports"], "state": 2, "file_id": 529, "knowledge_revision": 1551, "git_revision": "1aee8ed1eca8330cc765b711c43546e90b04ff39", "ctags": [], "hash": "de692c7004bd5381710c3a0b68a7bb3e", "format-version": 4, "code-base-name": "universalinit", "filename": "src/universalinit/templates/vite/src/main.js", "revision_history": [{"1551": "1aee8ed1eca8330cc765b711c43546e90b04ff39"}]}