{"is_source_file": true, "file_id": 439, "git_revision": "1aee8ed1eca8330cc765b711c43546e90b04ff39", "state": 1, "description": "", "external_files": [], "external_methods": [], "published": [], "classes": [], "methods": [], "calls": [], "search-terms": [], "ctags": [{"_type": "tag", "name": "COLOR_1", "path": "/home/kavia/workspace/code-generation/universalinit/src/universalinit/templates/remotion/src/HelloWorld/constants.ts", "pattern": "/^export const COLOR_1 = \"#86A8E7\";$/", "language": "TypeScript", "kind": "constant"}, {"_type": "tag", "name": "FONT_FAMILY", "path": "/home/kavia/workspace/code-generation/universalinit/src/universalinit/templates/remotion/src/HelloWorld/constants.ts", "pattern": "/^export const FONT_FAMILY = \"SF Pro Text, Helvetica, Arial, sans-serif\";$/", "language": "TypeScript", "kind": "constant"}], "format": "TypeScript", "hash": "a6ffb7292e7a72b13013957085aebc2d", "format-version": 4, "code-base-name": "universalinit", "filename": "src/universalinit/templates/remotion/src/HelloWorld/constants.ts", "knowledge_revision": 1115}