{"is_source_file": true, "format": "TypeScript", "description": "This file sets up an Express server to serve an Angular application with server-side rendering (SSR) support. It defines static file serving, request handling for rendering Angular pages, and server startup logic.", "external_files": ["@angular/common", "@angular/ssr/node", "express", "node:path", "node:url", "./main.server"], "external_methods": ["isMainModule", "// from '@angular/ssr/node', used to determine if the module is the main entry point."], "published": ["app"], "classes": [], "methods": [{"name": "render", "description": "Method called on commonEngine to render the Angular application to HTML."}], "calls": ["express.static", "commonEngine.render", "app.listen", "isMainModule"], "search-terms": ["server.ts", "Angular SSR Express", "CommonEngine", "serve static files", "SSR request handler", "Angular server-side rendering", "Express app setup", "main.server"], "state": 2, "file_id": 366, "knowledge_revision": 1395, "git_revision": "1aee8ed1eca8330cc765b711c43546e90b04ff39", "ctags": [{"_type": "tag", "name": "app", "path": "/home/kavia/workspace/code-generation/universalinit/src/universalinit/templates/angular/src/server.ts", "pattern": "/^const app = express();$/", "language": "TypeScript", "kind": "constant"}, {"_type": "tag", "name": "baseUrl", "path": "/home/kavia/workspace/code-generation/universalinit/src/universalinit/templates/angular/src/server.ts", "pattern": "/^  const { protocol, originalUrl, baseUrl, headers } = req;$/", "language": "TypeScript", "kind": "constant"}, {"_type": "tag", "name": "browserDistFolder", "path": "/home/kavia/workspace/code-generation/universalinit/src/universalinit/templates/angular/src/server.ts", "pattern": "/^const browserDistFolder = resolve(serverDistFolder, '..\\/browser');$/", "language": "TypeScript", "kind": "constant"}, {"_type": "tag", "name": "commonEngine", "path": "/home/kavia/workspace/code-generation/universalinit/src/universalinit/templates/angular/src/server.ts", "pattern": "/^const commonEngine = new CommonEngine();$/", "language": "TypeScript", "kind": "constant"}, {"_type": "tag", "name": "headers", "path": "/home/kavia/workspace/code-generation/universalinit/src/universalinit/templates/angular/src/server.ts", "pattern": "/^  const { protocol, originalUrl, baseUrl, headers } = req;$/", "language": "TypeScript", "kind": "constant"}, {"_type": "tag", "name": "indexHtml", "path": "/home/kavia/workspace/code-generation/universalinit/src/universalinit/templates/angular/src/server.ts", "pattern": "/^const indexHtml = join(serverDistFolder, 'index.server.html');$/", "language": "TypeScript", "kind": "constant"}, {"_type": "tag", "name": "originalUrl", "path": "/home/kavia/workspace/code-generation/universalinit/src/universalinit/templates/angular/src/server.ts", "pattern": "/^  const { protocol, originalUrl, baseUrl, headers } = req;$/", "language": "TypeScript", "kind": "constant"}, {"_type": "tag", "name": "port", "path": "/home/kavia/workspace/code-generation/universalinit/src/universalinit/templates/angular/src/server.ts", "pattern": "/^  const port = process.env['PORT'] || 4000;$/", "language": "TypeScript", "kind": "constant"}, {"_type": "tag", "name": "protocol", "path": "/home/kavia/workspace/code-generation/universalinit/src/universalinit/templates/angular/src/server.ts", "pattern": "/^  const { protocol, originalUrl, baseUrl, headers } = req;$/", "language": "TypeScript", "kind": "constant"}, {"_type": "tag", "name": "serverDistFolder", "path": "/home/kavia/workspace/code-generation/universalinit/src/universalinit/templates/angular/src/server.ts", "pattern": "/^const serverDistFolder = dirname(fileURLToPath(import.meta.url));$/", "language": "TypeScript", "kind": "constant"}], "hash": "2b01cdd40bb909f26c1bcd609dfb8a51", "format-version": 4, "code-base-name": "universalinit", "filename": "src/universalinit/templates/angular/src/server.ts", "revision_history": [{"1395": "1aee8ed1eca8330cc765b711c43546e90b04ff39"}]}