{"is_source_file": false, "format": "", "description": "", "external_files": [], "external_methods": [], "published": [], "classes": [], "methods": [], "calls": [], "search-terms": [], "state": 2, "file_id": 380, "knowledge_revision": 1392, "git_revision": "1aee8ed1eca8330cc765b711c43546e90b04ff39", "hash": "9c4073e1af107256f1d66b334311f2ca", "format-version": 4, "code-base-name": "universalinit", "filename": "src/universalinit/templates/slidev/package.json", "revision_history": [{"1392": "1aee8ed1eca8330cc765b711c43546e90b04ff39"}]}