{"is_source_file": false, "format": "", "description": "", "external_files": [], "external_methods": [], "published": [], "classes": [], "methods": [], "calls": [], "search-terms": ["lightningjs", "attributes", "Element attributes", "supported element attributes", "lightning renderer", "Lightning 3", "Blits template", "Element positioning", "Element styling"], "state": 2, "file_id": 548, "knowledge_revision": 1567, "git_revision": "1aee8ed1eca8330cc765b711c43546e90b04ff39", "hash": "8c276385d994be560cb01ce51f7fda0b", "format-version": 4, "code-base-name": "universalinit", "filename": "src/universalinit/templates/lightningjs/docs/essentials_element_attributes.md", "revision_history": [{"1567": "1aee8ed1eca8330cc765b711c43546e90b04ff39"}]}