{"is_source_file": false, "format": "", "description": "", "external_files": [], "external_methods": [], "published": [], "classes": [], "methods": [], "calls": [], "search-terms": [], "state": 2, "file_id": 462, "knowledge_revision": 1476, "git_revision": "1aee8ed1eca8330cc765b711c43546e90b04ff39", "hash": "e16d59f3f93d708df41149d6a69a76a1", "format-version": 4, "code-base-name": "universalinit", "filename": "src/universalinit/templates/nativescript/App_Resources/Android/src/main/res/drawable-nodpi/splash_screen.xml", "revision_history": [{"1476": "1aee8ed1eca8330cc765b711c43546e90b04ff39"}]}