{"is_source_file": true, "format": "Python", "description": "This script is a custom Django management command that generates an OpenAPI schema for the API endpoints, and saves it as a JSON file.", "external_files": ["django.core.management.base", "django.test.RequestFactory", "drf_yasg.openapi", "drf_yasg.views.get_schema_view", "rest_framework.permissions.AllowAny", "json", "os"], "external_methods": ["get_schema_view", "AllowAny", "json.loads", "json.dump", "os.makedirs", "os.path.join"], "published": ["Command"], "classes": [{"name": "Command", "description": "A Django management command class that generates an OpenAPI schema and saves it to a file.", "methods": [{"name": "handle", "description": "Main method that creates a request, generates the schema, and writes it to a JSON file."}]}], "methods": [{"name": "handle(self, *args, **options)", "description": "Creates a mock GET request, generates the OpenAPI schema view, renders the response, decodes the JSON schema, creates output directory, and writes schema to file.", "scope": "Command", "scopeKind": "class"}], "calls": ["RequestFactory()", "factory.get('/api/?format=openapi')", "get_schema_view(...)", "response.render()", "json.loads(response.content.decode())", "os.makedirs(output_dir, exist_ok=True)", "json.dump(openapi_schema, f, indent=2)"], "search-terms": ["generate_openapi.py", "management command", "OpenAPI schema generation", "drf_yasg", "schema view", "Django management command"], "state": 2, "file_id": 665, "knowledge_revision": 1689, "git_revision": "1aee8ed1eca8330cc765b711c43546e90b04ff39", "ctags": [{"_type": "tag", "name": "Command", "path": "/home/kavia/workspace/code-generation/universalinit/src/universalinit/templates/django/api/management/commands/generate_openapi.py", "pattern": "/^class Command(BaseCommand):$/", "language": "Python", "kind": "class"}, {"_type": "tag", "name": "handle", "path": "/home/kavia/workspace/code-generation/universalinit/src/universalinit/templates/django/api/management/commands/generate_openapi.py", "pattern": "/^    def handle(self, *args, **options):$/", "language": "Python", "kind": "member", "signature": "(self, *args, **options)", "scope": "Command", "scopeKind": "class"}], "hash": "ecbef1ab975654f383ec74e3c38d3bd0", "format-version": 4, "code-base-name": "universalinit", "filename": "src/universalinit/templates/django/api/management/commands/generate_openapi.py", "revision_history": [{"1689": "1aee8ed1eca8330cc765b711c43546e90b04ff39"}]}