{"is_source_file": true, "format": "TypeScript/TSX", "description": "This file defines a React component for a video template using Remotion, including animations, styling, and schema validation.", "external_files": ["./HelloWorld/Logo", "./HelloWorld/Subtitle", "./HelloWorld/Title", "@remotion/zod-types"], "external_methods": ["spring", "interpolate", "Sequence", "useCurrentFrame", "useVideoConfig"], "published": ["myCompSchema", "HelloWorld"], "classes": [], "methods": [{"name": "HelloWorld", "description": "React functional component that renders animated video content based on props and video timing."}], "calls": ["spring", "interpolate", "useCurrentFrame", "useVideoConfig", "Logo", "Subtitle", "Title"], "search-terms": ["Remotion", "HelloWorld", "animation", "React.FC", "TypeScript", "schema", "zod", "video timing", "logo animation", "sequence"], "state": 2, "file_id": 521, "knowledge_revision": 1539, "git_revision": "1aee8ed1eca8330cc765b711c43546e90b04ff39", "ctags": [], "hash": "006d9934bc460c136cdc7a9889c54c41", "format-version": 4, "code-base-name": "universalinit", "filename": "src/universalinit/templates/remotion/src/HelloWorld.tsx", "revision_history": [{"1539": "1aee8ed1eca8330cc765b711c43546e90b04ff39"}]}