{"is_source_file": true, "format": "TypeScript", "description": "This file defines a Pinia store named 'counter' for managing a counter state in a Vue.js application, including reactive state variables and a method to increment the counter.", "external_files": ["vue", "pinia"], "external_methods": ["ref", "computed", "defineStore"], "published": ["useCounterStore"], "classes": [], "methods": [{"name": "increment", "description": "Increments the counter value by one."}], "calls": ["ref(0)", "computed(() => count.value * 2)", "count.value++"], "search-terms": ["pinia store", "vue counter", "state management", "counter store", "defineStore"], "state": 2, "file_id": 342, "knowledge_revision": 745, "git_revision": "67e5b3ebfcb2f1a495fbaf77f3efc93a0881a9ab", "ctags": [{"_type": "tag", "name": "useCounterStore", "path": "/home/kavia/workspace/code-generation/universalinit/src/universalinit/templates/vue/src/stores/counter.ts", "pattern": "/^export const useCounterStore = defineStore('counter', () => {$/", "language": "TypeScript", "kind": "constant"}], "hash": "d59fe2308d4bf67b9997286fa5adedde", "format-version": 4, "code-base-name": "universalinit", "filename": "src/universalinit/templates/vue/src/stores/counter.ts", "revision_history": [{"745": "67e5b3ebfcb2f1a495fbaf77f3efc93a0881a9ab"}]}