{"is_source_file": false, "format": "", "description": "", "external_files": [], "external_methods": [], "published": [], "classes": [], "methods": [], "calls": [], "search-terms": [], "state": 2, "file_id": 351, "knowledge_revision": 1361, "git_revision": "1aee8ed1eca8330cc765b711c43546e90b04ff39", "hash": "671a56b4fef256c8254f84efd0fb2bfd", "format-version": 4, "code-base-name": "universalinit", "filename": "src/universalinit/templates/express/config.yml", "revision_history": [{"1361": "1aee8ed1eca8330cc765b711c43546e90b04ff39"}]}