{"is_source_file": true, "file_id": 372, "git_revision": "1aee8ed1eca8330cc765b711c43546e90b04ff39", "state": 1, "description": "", "external_files": [], "external_methods": [], "published": [], "classes": [], "methods": [], "calls": [], "search-terms": [], "ctags": [{"_type": "tag", "name": "AndroidTemplate", "path": "/home/kavia/workspace/code-generation/universalinit/src/universalinit/universalinit.py", "pattern": "/^class AndroidTemplate(ProjectTemplate):$/", "language": "Python", "kind": "class"}, {"_type": "tag", "name": "AngularTemplate", "path": "/home/kavia/workspace/code-generation/universalinit/src/universalinit/universalinit.py", "pattern": "/^class AngularTemplate(ProjectTemplate):$/", "language": "Python", "kind": "class"}, {"_type": "tag", "name": "AstroTemplate", "path": "/home/kavia/workspace/code-generation/universalinit/src/universalinit/universalinit.py", "pattern": "/^class AstroTemplate(ProjectTemplate):$/", "language": "Python", "kind": "class"}, {"_type": "tag", "name": "DjangoTemplate", "path": "/home/kavia/workspace/code-generation/universalinit/src/universalinit/universalinit.py", "pattern": "/^class DjangoTemplate(ProjectTemplate):$/", "language": "Python", "kind": "class"}, {"_type": "tag", "name": "ExpressTemplate", "path": "/home/kavia/workspace/code-generation/universalinit/src/universalinit/universalinit.py", "pattern": "/^class ExpressTemplate(ProjectTemplate):$/", "language": "Python", "kind": "class"}, {"_type": "tag", "name": "FastAPITemplate", "path": "/home/kavia/workspace/code-generation/universalinit/src/universalinit/universalinit.py", "pattern": "/^class FastAPITemplate(ProjectTemplate):$/", "language": "Python", "kind": "class"}, {"_type": "tag", "name": "FileSystemHelper", "path": "/home/kavia/workspace/code-generation/universalinit/src/universalinit/universalinit.py", "pattern": "/^class FileSystemHelper:$/", "language": "Python", "kind": "class"}, {"_type": "tag", "name": "FlaskTemplate", "path": "/home/kavia/workspace/code-generation/universalinit/src/universalinit/universalinit.py", "pattern": "/^class FlaskTemplate(ProjectTemplate):$/", "language": "Python", "kind": "class"}, {"_type": "tag", "name": "FlutterTemplate", "path": "/home/kavia/workspace/code-generation/universalinit/src/universalinit/universalinit.py", "pattern": "/^class FlutterTemplate(ProjectTemplate):$/", "language": "Python", "kind": "class"}, {"_type": "tag", "name": "KotlinTemplate", "path": "/home/kavia/workspace/code-generation/universalinit/src/universalinit/universalinit.py", "pattern": "/^class KotlinTemplate(ProjectTemplate):$/", "language": "Python", "kind": "class"}, {"_type": "tag", "name": "LightningjsTemplate", "path": "/home/kavia/workspace/code-generation/universalinit/src/universalinit/universalinit.py", "pattern": "/^class LightningjsTemplate(ProjectTemplate):$/", "language": "Python", "kind": "class"}, {"_type": "tag", "name": "MongoDBTemplate", "path": "/home/kavia/workspace/code-generation/universalinit/src/universalinit/universalinit.py", "pattern": "/^class MongoDBTemplate(ProjectTemplate):$/", "language": "Python", "kind": "class"}, {"_type": "tag", "name": "MySQLTemplate", "path": "/home/kavia/workspace/code-generation/universalinit/src/universalinit/universalinit.py", "pattern": "/^class MySQLTemplate(ProjectTemplate):$/", "language": "Python", "kind": "class"}, {"_type": "tag", "name": "NativeScriptTemplate", "path": "/home/kavia/workspace/code-generation/universalinit/src/universalinit/universalinit.py", "pattern": "/^class NativeScriptTemplate(ProjectTemplate):$/", "language": "Python", "kind": "class"}, {"_type": "tag", "name": "NextJSTemplate", "path": "/home/kavia/workspace/code-generation/universalinit/src/universalinit/universalinit.py", "pattern": "/^class NextJSTemplate(ProjectTemplate):$/", "language": "Python", "kind": "class"}, {"_type": "tag", "name": "NuxtTemplate", "path": "/home/kavia/workspace/code-generation/universalinit/src/universalinit/universalinit.py", "pattern": "/^class NuxtTemplate(ProjectTemplate):$/", "language": "Python", "kind": "class"}, {"_type": "tag", "name": "POST_PROCESSING", "path": "/home/kavia/workspace/code-generation/universalinit/src/universalinit/universalinit.py", "pattern": "/^    POST_PROCESSING = \"Post-processing\"$/", "language": "Python", "kind": "variable", "scope": "ProcessingStep", "scopeKind": "class"}, {"_type": "tag", "name": "PRE_PROCESSING", "path": "/home/kavia/workspace/code-generation/universalinit/src/universalinit/universalinit.py", "pattern": "/^    PRE_PROCESSING = \"Pre-processing\"$/", "language": "Python", "kind": "variable", "scope": "ProcessingStep", "scopeKind": "class"}, {"_type": "tag", "name": "PostgreSQLTemplate", "path": "/home/kavia/workspace/code-generation/universalinit/src/universalinit/universalinit.py", "pattern": "/^class PostgreSQLTemplate(ProjectTemplate):$/", "language": "Python", "kind": "class"}, {"_type": "tag", "name": "ProcessingStep", "path": "/home/kavia/workspace/code-generation/universalinit/src/universalinit/universalinit.py", "pattern": "/^class ProcessingStep(Enum):$/", "language": "Python", "kind": "class"}, {"_type": "tag", "name": "ProjectInitializer", "path": "/home/kavia/workspace/code-generation/universalinit/src/universalinit/universalinit.py", "pattern": "/^class ProjectInitializer:$/", "language": "Python", "kind": "class"}, {"_type": "tag", "name": "ProjectTemplate", "path": "/home/kavia/workspace/code-generation/universalinit/src/universalinit/universalinit.py", "pattern": "/^class ProjectTemplate(ABC):$/", "language": "Python", "kind": "class"}, {"_type": "tag", "name": "ProjectTemplateFactory", "path": "/home/kavia/workspace/code-generation/universalinit/src/universalinit/universalinit.py", "pattern": "/^class ProjectTemplateFactory:$/", "language": "Python", "kind": "class"}, {"_type": "tag", "name": "QwikTemplate", "path": "/home/kavia/workspace/code-generation/universalinit/src/universalinit/universalinit.py", "pattern": "/^class QwikTemplate(ProjectTemplate):$/", "language": "Python", "kind": "class"}, {"_type": "tag", "name": "ReactTemplate", "path": "/home/kavia/workspace/code-generation/universalinit/src/universalinit/universalinit.py", "pattern": "/^class ReactTemplate(ProjectTemplate):$/", "language": "Python", "kind": "class"}, {"_type": "tag", "name": "RemixTemplate", "path": "/home/kavia/workspace/code-generation/universalinit/src/universalinit/universalinit.py", "pattern": "/^class RemixTemplate(ProjectTemplate):$/", "language": "Python", "kind": "class"}, {"_type": "tag", "name": "RemotionTemplate", "path": "/home/kavia/workspace/code-generation/universalinit/src/universalinit/universalinit.py", "pattern": "/^class RemotionTemplate(ProjectTemplate):$/", "language": "Python", "kind": "class"}, {"_type": "tag", "name": "SQLiteTemplate", "path": "/home/kavia/workspace/code-generation/universalinit/src/universalinit/universalinit.py", "pattern": "/^class SQLiteTemplate(ProjectTemplate):$/", "language": "Python", "kind": "class"}, {"_type": "tag", "name": "SlidevTemplate", "path": "/home/kavia/workspace/code-generation/universalinit/src/universalinit/universalinit.py", "pattern": "/^class SlidevTemplate(ProjectTemplate):$/", "language": "Python", "kind": "class"}, {"_type": "tag", "name": "SvelteTemplate", "path": "/home/kavia/workspace/code-generation/universalinit/src/universalinit/universalinit.py", "pattern": "/^class SvelteTemplate(ProjectTemplate):$/", "language": "Python", "kind": "class"}, {"_type": "tag", "name": "TemplateProvider", "path": "/home/kavia/workspace/code-generation/universalinit/src/universalinit/universalinit.py", "pattern": "/^class TemplateProvider:$/", "language": "Python", "kind": "class"}, {"_type": "tag", "name": "TypeScriptTemplate", "path": "/home/kavia/workspace/code-generation/universalinit/src/universalinit/universalinit.py", "pattern": "/^class TypeScriptTemplate(ProjectTemplate):$/", "language": "Python", "kind": "class"}, {"_type": "tag", "name": "ViteTemplate", "path": "/home/kavia/workspace/code-generation/universalinit/src/universalinit/universalinit.py", "pattern": "/^class ViteTemplate(ProjectTemplate):$/", "language": "Python", "kind": "class"}, {"_type": "tag", "name": "VueTemplate", "path": "/home/kavia/workspace/code-generation/universalinit/src/universalinit/universalinit.py", "pattern": "/^class VueTemplate(ProjectTemplate):$/", "language": "Python", "kind": "class"}, {"_type": "tag", "name": "__init__", "path": "/home/kavia/workspace/code-generation/universalinit/src/universalinit/universalinit.py", "pattern": "/^    def __init__(self):$/", "language": "Python", "kind": "member", "signature": "(self)", "scope": "ProjectInitializer", "scopeKind": "class"}, {"_type": "tag", "name": "__init__", "path": "/home/kavia/workspace/code-generation/universalinit/src/universalinit/universalinit.py", "pattern": "/^    def __init__(self):$/", "language": "Python", "kind": "member", "signature": "(self)", "scope": "ProjectTemplateFactory", "scopeKind": "class"}, {"_type": "tag", "name": "__init__", "path": "/home/kavia/workspace/code-generation/universalinit/src/universalinit/universalinit.py", "pattern": "/^    def __init__(self, base_template_path: Optional[Path] = None):$/", "language": "Python", "kind": "member", "signature": "(self, base_template_path: Optional[Path] = None)", "scope": "TemplateProvider", "scopeKind": "class"}, {"_type": "tag", "name": "__init__", "path": "/home/kavia/workspace/code-generation/universalinit/src/universalinit/universalinit.py", "pattern": "/^    def __init__(self, config: ProjectConfig, template_provider: TemplateProvider):$/", "language": "Python", "kind": "member", "signature": "(self, config: ProjectConfig, template_provider: TemplateProvider)", "scope": "ProjectTemplate", "scopeKind": "class"}, {"_type": "tag", "name": "_apply_path_replacements", "path": "/home/kavia/workspace/code-generation/universalinit/src/universalinit/universalinit.py", "pattern": "/^    def _apply_path_replacements(path: Path, replacements: Dict[str, str]) -> Path:$/", "language": "Python", "typeref": "typename:Path", "kind": "member", "signature": "(path: Path, replacements: Dict[str, str])", "scope": "FileSystemHelper", "scopeKind": "class"}, {"_type": "tag", "name": "_apply_replacements", "path": "/home/kavia/workspace/code-generation/universalinit/src/universalinit/universalinit.py", "pattern": "/^    def _apply_replacements(text: str, replacements: Dict[str, str]) -> str:$/", "language": "Python", "typeref": "typename:str", "kind": "member", "signature": "(text: str, replacements: Dict[str, str])", "scope": "FileSystemHelper", "scopeKind": "class"}, {"_type": "tag", "name": "_copy_directory_contents", "path": "/home/kavia/workspace/code-generation/universalinit/src/universalinit/universalinit.py", "pattern": "/^    def _copy_directory_contents(src_dir: Path, dst_dir: Path, replacements: Dict[str, str], exc/", "language": "Python", "typeref": "typename:None", "kind": "member", "signature": "(src_dir: Path, dst_dir: Path, replacements: Dict[str, str], excluded_files: set = None, include_hidden: bool = True)", "scope": "FileSystemHelper", "scopeKind": "class"}, {"_type": "tag", "name": "_copy_file", "path": "/home/kavia/workspace/code-generation/universalinit/src/universalinit/universalinit.py", "pattern": "/^    def _copy_file(src: Path, dst: Path, replacements: Dict[str, str]) -> None:$/", "language": "Python", "typeref": "typename:None", "kind": "member", "signature": "(src: Path, dst: Path, replacements: Dict[str, str])", "scope": "FileSystemHelper", "scopeKind": "class"}, {"_type": "tag", "name": "_run_processing_script", "path": "/home/kavia/workspace/code-generation/universalinit/src/universalinit/universalinit.py", "pattern": "/^    def _run_processing_script(self, script_content: str, process_type: str) -> None:$/", "language": "Python", "typeref": "typename:None", "kind": "member", "signature": "(self, script_content: str, process_type: str)", "scope": "ProjectTemplate", "scopeKind": "class"}, {"_type": "tag", "name": "_should_skip_file", "path": "/home/kavia/workspace/code-generation/universalinit/src/universalinit/universalinit.py", "pattern": "/^    def _should_skip_file(item: Path, excluded_files: set, include_hidden: bool) -> bool:$/", "language": "Python", "typeref": "typename:bool", "kind": "member", "signature": "(item: Path, excluded_files: set, include_hidden: bool)", "scope": "FileSystemHelper", "scopeKind": "class"}, {"_type": "tag", "name": "copy_template", "path": "/home/kavia/workspace/code-generation/universalinit/src/universalinit/universalinit.py", "pattern": "/^    def copy_template(src: Path, dst: Path, replacements: Dict[str, str], $/", "language": "Python", "typeref": "typename:None", "kind": "member", "signature": "(src: Path, dst: Path, replacements: Dict[str, str], include_hidden: bool = False, extra_files: List[str] = None)", "scope": "FileSystemHelper", "scopeKind": "class"}, {"_type": "tag", "name": "create_template", "path": "/home/kavia/workspace/code-generation/universalinit/src/universalinit/universalinit.py", "pattern": "/^    def create_template(self, config: ProjectConfig) -> ProjectTemplate:$/", "language": "Python", "typeref": "typename:ProjectTemplate", "kind": "member", "signature": "(self, config: ProjectConfig)", "scope": "ProjectTemplateFactory", "scopeKind": "class"}, {"_type": "tag", "name": "generate_structure", "path": "/home/kavia/workspace/code-generation/universalinit/src/universalinit/universalinit.py", "pattern": "/^    def generate_structure(self) -> None:$/", "language": "Python", "typeref": "typename:None", "kind": "member", "signature": "(self)", "scope": "AndroidTemplate", "scopeKind": "class"}, {"_type": "tag", "name": "generate_structure", "path": "/home/kavia/workspace/code-generation/universalinit/src/universalinit/universalinit.py", "pattern": "/^    def generate_structure(self) -> None:$/", "language": "Python", "typeref": "typename:None", "kind": "member", "signature": "(self)", "scope": "AngularTemplate", "scopeKind": "class"}, {"_type": "tag", "name": "generate_structure", "path": "/home/kavia/workspace/code-generation/universalinit/src/universalinit/universalinit.py", "pattern": "/^    def generate_structure(self) -> None:$/", "language": "Python", "typeref": "typename:None", "kind": "member", "signature": "(self)", "scope": "AstroTemplate", "scopeKind": "class"}, {"_type": "tag", "name": "generate_structure", "path": "/home/kavia/workspace/code-generation/universalinit/src/universalinit/universalinit.py", "pattern": "/^    def generate_structure(self) -> None:$/", "language": "Python", "typeref": "typename:None", "kind": "member", "signature": "(self)", "scope": "DjangoTemplate", "scopeKind": "class"}, {"_type": "tag", "name": "generate_structure", "path": "/home/kavia/workspace/code-generation/universalinit/src/universalinit/universalinit.py", "pattern": "/^    def generate_structure(self) -> None:$/", "language": "Python", "typeref": "typename:None", "kind": "member", "signature": "(self)", "scope": "ExpressTemplate", "scopeKind": "class"}, {"_type": "tag", "name": "generate_structure", "path": "/home/kavia/workspace/code-generation/universalinit/src/universalinit/universalinit.py", "pattern": "/^    def generate_structure(self) -> None:$/", "language": "Python", "typeref": "typename:None", "kind": "member", "signature": "(self)", "scope": "FastAPITemplate", "scopeKind": "class"}, {"_type": "tag", "name": "generate_structure", "path": "/home/kavia/workspace/code-generation/universalinit/src/universalinit/universalinit.py", "pattern": "/^    def generate_structure(self) -> None:$/", "language": "Python", "typeref": "typename:None", "kind": "member", "signature": "(self)", "scope": "FlaskTemplate", "scopeKind": "class"}, {"_type": "tag", "name": "generate_structure", "path": "/home/kavia/workspace/code-generation/universalinit/src/universalinit/universalinit.py", "pattern": "/^    def generate_structure(self) -> None:$/", "language": "Python", "typeref": "typename:None", "kind": "member", "signature": "(self)", "scope": "FlutterTemplate", "scopeKind": "class"}, {"_type": "tag", "name": "generate_structure", "path": "/home/kavia/workspace/code-generation/universalinit/src/universalinit/universalinit.py", "pattern": "/^    def generate_structure(self) -> None:$/", "language": "Python", "typeref": "typename:None", "kind": "member", "signature": "(self)", "scope": "KotlinTemplate", "scopeKind": "class"}, {"_type": "tag", "name": "generate_structure", "path": "/home/kavia/workspace/code-generation/universalinit/src/universalinit/universalinit.py", "pattern": "/^    def generate_structure(self) -> None:$/", "language": "Python", "typeref": "typename:None", "kind": "member", "signature": "(self)", "scope": "LightningjsTemplate", "scopeKind": "class"}, {"_type": "tag", "name": "generate_structure", "path": "/home/kavia/workspace/code-generation/universalinit/src/universalinit/universalinit.py", "pattern": "/^    def generate_structure(self) -> None:$/", "language": "Python", "typeref": "typename:None", "kind": "member", "signature": "(self)", "scope": "MongoDBTemplate", "scopeKind": "class"}, {"_type": "tag", "name": "generate_structure", "path": "/home/kavia/workspace/code-generation/universalinit/src/universalinit/universalinit.py", "pattern": "/^    def generate_structure(self) -> None:$/", "language": "Python", "typeref": "typename:None", "kind": "member", "signature": "(self)", "scope": "MySQLTemplate", "scopeKind": "class"}, {"_type": "tag", "name": "generate_structure", "path": "/home/kavia/workspace/code-generation/universalinit/src/universalinit/universalinit.py", "pattern": "/^    def generate_structure(self) -> None:$/", "language": "Python", "typeref": "typename:None", "kind": "member", "signature": "(self)", "scope": "NativeScriptTemplate", "scopeKind": "class"}, {"_type": "tag", "name": "generate_structure", "path": "/home/kavia/workspace/code-generation/universalinit/src/universalinit/universalinit.py", "pattern": "/^    def generate_structure(self) -> None:$/", "language": "Python", "typeref": "typename:None", "kind": "member", "signature": "(self)", "scope": "NextJSTemplate", "scopeKind": "class"}, {"_type": "tag", "name": "generate_structure", "path": "/home/kavia/workspace/code-generation/universalinit/src/universalinit/universalinit.py", "pattern": "/^    def generate_structure(self) -> None:$/", "language": "Python", "typeref": "typename:None", "kind": "member", "signature": "(self)", "scope": "NuxtTemplate", "scopeKind": "class"}, {"_type": "tag", "name": "generate_structure", "path": "/home/kavia/workspace/code-generation/universalinit/src/universalinit/universalinit.py", "pattern": "/^    def generate_structure(self) -> None:$/", "language": "Python", "typeref": "typename:None", "kind": "member", "signature": "(self)", "scope": "PostgreSQLTemplate", "scopeKind": "class"}, {"_type": "tag", "name": "generate_structure", "path": "/home/kavia/workspace/code-generation/universalinit/src/universalinit/universalinit.py", "pattern": "/^    def generate_structure(self) -> None:$/", "language": "Python", "typeref": "typename:None", "kind": "member", "signature": "(self)", "scope": "ProjectTemplate", "scopeKind": "class"}, {"_type": "tag", "name": "generate_structure", "path": "/home/kavia/workspace/code-generation/universalinit/src/universalinit/universalinit.py", "pattern": "/^    def generate_structure(self) -> None:$/", "language": "Python", "typeref": "typename:None", "kind": "member", "signature": "(self)", "scope": "QwikTemplate", "scopeKind": "class"}, {"_type": "tag", "name": "generate_structure", "path": "/home/kavia/workspace/code-generation/universalinit/src/universalinit/universalinit.py", "pattern": "/^    def generate_structure(self) -> None:$/", "language": "Python", "typeref": "typename:None", "kind": "member", "signature": "(self)", "scope": "ReactTemplate", "scopeKind": "class"}, {"_type": "tag", "name": "generate_structure", "path": "/home/kavia/workspace/code-generation/universalinit/src/universalinit/universalinit.py", "pattern": "/^    def generate_structure(self) -> None:$/", "language": "Python", "typeref": "typename:None", "kind": "member", "signature": "(self)", "scope": "RemixTemplate", "scopeKind": "class"}, {"_type": "tag", "name": "generate_structure", "path": "/home/kavia/workspace/code-generation/universalinit/src/universalinit/universalinit.py", "pattern": "/^    def generate_structure(self) -> None:$/", "language": "Python", "typeref": "typename:None", "kind": "member", "signature": "(self)", "scope": "RemotionTemplate", "scopeKind": "class"}, {"_type": "tag", "name": "generate_structure", "path": "/home/kavia/workspace/code-generation/universalinit/src/universalinit/universalinit.py", "pattern": "/^    def generate_structure(self) -> None:$/", "language": "Python", "typeref": "typename:None", "kind": "member", "signature": "(self)", "scope": "SQLiteTemplate", "scopeKind": "class"}, {"_type": "tag", "name": "generate_structure", "path": "/home/kavia/workspace/code-generation/universalinit/src/universalinit/universalinit.py", "pattern": "/^    def generate_structure(self) -> None:$/", "language": "Python", "typeref": "typename:None", "kind": "member", "signature": "(self)", "scope": "SlidevTemplate", "scopeKind": "class"}, {"_type": "tag", "name": "generate_structure", "path": "/home/kavia/workspace/code-generation/universalinit/src/universalinit/universalinit.py", "pattern": "/^    def generate_structure(self) -> None:$/", "language": "Python", "typeref": "typename:None", "kind": "member", "signature": "(self)", "scope": "SvelteTemplate", "scopeKind": "class"}, {"_type": "tag", "name": "generate_structure", "path": "/home/kavia/workspace/code-generation/universalinit/src/universalinit/universalinit.py", "pattern": "/^    def generate_structure(self) -> None:$/", "language": "Python", "typeref": "typename:None", "kind": "member", "signature": "(self)", "scope": "TypeScriptTemplate", "scopeKind": "class"}, {"_type": "tag", "name": "generate_structure", "path": "/home/kavia/workspace/code-generation/universalinit/src/universalinit/universalinit.py", "pattern": "/^    def generate_structure(self) -> None:$/", "language": "Python", "typeref": "typename:None", "kind": "member", "signature": "(self)", "scope": "ViteTemplate", "scopeKind": "class"}, {"_type": "tag", "name": "generate_structure", "path": "/home/kavia/workspace/code-generation/universalinit/src/universalinit/universalinit.py", "pattern": "/^    def generate_structure(self) -> None:$/", "language": "Python", "typeref": "typename:None", "kind": "member", "signature": "(self)", "scope": "VueTemplate", "scopeKind": "class"}, {"_type": "tag", "name": "get_entry_point_url", "path": "/home/kavia/workspace/code-generation/universalinit/src/universalinit/universalinit.py", "pattern": "/^    def get_entry_point_url(self) -> str:$/", "language": "Python", "typeref": "typename:str", "kind": "member", "signature": "(self)", "scope": "ProjectTemplate", "scopeKind": "class"}, {"_type": "tag", "name": "get_init_info", "path": "/home/kavia/workspace/code-generation/universalinit/src/universalinit/universalinit.py", "pattern": "/^    def get_init_info(self) -> TemplateInitInfo:$/", "language": "Python", "typeref": "typename:TemplateInitInfo", "kind": "member", "signature": "(self)", "scope": "ProjectTemplate", "scopeKind": "class"}, {"_type": "tag", "name": "get_run_command", "path": "/home/kavia/workspace/code-generation/universalinit/src/universalinit/universalinit.py", "pattern": "/^    def get_run_command(self) -> str:$/", "language": "Python", "typeref": "typename:str", "kind": "member", "signature": "(self)", "scope": "ProjectTemplate", "scopeKind": "class"}, {"_type": "tag", "name": "get_template_path", "path": "/home/kavia/workspace/code-generation/universalinit/src/universalinit/universalinit.py", "pattern": "/^    def get_template_path(self, project_type: ProjectType) -> Path:$/", "language": "Python", "typeref": "typename:Path", "kind": "member", "signature": "(self, project_type: ProjectType)", "scope": "TemplateProvider", "scopeKind": "class"}, {"_type": "tag", "name": "initialize", "path": "/home/kavia/workspace/code-generation/universalinit/src/universalinit/universalinit.py", "pattern": "/^    def initialize(self) -> bool:$/", "language": "Python", "typeref": "typename:bool", "kind": "member", "signature": "(self)", "scope": "ProjectTemplate", "scopeKind": "class"}, {"_type": "tag", "name": "initialize_project", "path": "/home/kavia/workspace/code-generation/universalinit/src/universalinit/universalinit.py", "pattern": "/^    def initialize_project(self, config: ProjectConfig) -> bool:$/", "language": "Python", "typeref": "typename:bool", "kind": "member", "signature": "(self, config: ProjectConfig)", "scope": "ProjectInitializer", "scopeKind": "class"}, {"_type": "tag", "name": "load_config", "path": "/home/kavia/workspace/code-generation/universalinit/src/universalinit/universalinit.py", "pattern": "/^    def load_config(config_path: Path) -> ProjectConfig:$/", "language": "Python", "typeref": "typename:ProjectConfig", "kind": "member", "signature": "(config_path: Path)", "scope": "ProjectInitializer", "scopeKind": "class"}, {"_type": "tag", "name": "main", "path": "/home/kavia/workspace/code-generation/universalinit/src/universalinit/universalinit.py", "pattern": "/^def main():$/", "language": "Python", "kind": "function", "signature": "()"}, {"_type": "tag", "name": "register_template", "path": "/home/kavia/workspace/code-generation/universalinit/src/universalinit/universalinit.py", "pattern": "/^    def register_template(self, project_type: ProjectType,$/", "language": "Python", "typeref": "typename:None", "kind": "member", "signature": "(self, project_type: ProjectType, template_class: type[ProjectTemplate])", "scope": "ProjectTemplateFactory", "scopeKind": "class"}, {"_type": "tag", "name": "run_post_processing", "path": "/home/kavia/workspace/code-generation/universalinit/src/universalinit/universalinit.py", "pattern": "/^    def run_post_processing(self) -> None:$/", "language": "Python", "typeref": "typename:None", "kind": "member", "signature": "(self)", "scope": "ProjectTemplate", "scopeKind": "class"}, {"_type": "tag", "name": "run_pre_processing", "path": "/home/kavia/workspace/code-generation/universalinit/src/universalinit/universalinit.py", "pattern": "/^    def run_pre_processing(self) -> None:$/", "language": "Python", "typeref": "typename:None", "kind": "member", "signature": "(self)", "scope": "ProjectTemplate", "scopeKind": "class"}, {"_type": "tag", "name": "setup_testing", "path": "/home/kavia/workspace/code-generation/universalinit/src/universalinit/universalinit.py", "pattern": "/^    def setup_testing(self) -> None:$/", "language": "Python", "typeref": "typename:None", "kind": "member", "signature": "(self)", "scope": "AndroidTemplate", "scopeKind": "class"}, {"_type": "tag", "name": "setup_testing", "path": "/home/kavia/workspace/code-generation/universalinit/src/universalinit/universalinit.py", "pattern": "/^    def setup_testing(self) -> None:$/", "language": "Python", "typeref": "typename:None", "kind": "member", "signature": "(self)", "scope": "AngularTemplate", "scopeKind": "class"}, {"_type": "tag", "name": "setup_testing", "path": "/home/kavia/workspace/code-generation/universalinit/src/universalinit/universalinit.py", "pattern": "/^    def setup_testing(self) -> None:$/", "language": "Python", "typeref": "typename:None", "kind": "member", "signature": "(self)", "scope": "AstroTemplate", "scopeKind": "class"}, {"_type": "tag", "name": "setup_testing", "path": "/home/kavia/workspace/code-generation/universalinit/src/universalinit/universalinit.py", "pattern": "/^    def setup_testing(self) -> None:$/", "language": "Python", "typeref": "typename:None", "kind": "member", "signature": "(self)", "scope": "DjangoTemplate", "scopeKind": "class"}, {"_type": "tag", "name": "setup_testing", "path": "/home/kavia/workspace/code-generation/universalinit/src/universalinit/universalinit.py", "pattern": "/^    def setup_testing(self) -> None:$/", "language": "Python", "typeref": "typename:None", "kind": "member", "signature": "(self)", "scope": "ExpressTemplate", "scopeKind": "class"}, {"_type": "tag", "name": "setup_testing", "path": "/home/kavia/workspace/code-generation/universalinit/src/universalinit/universalinit.py", "pattern": "/^    def setup_testing(self) -> None:$/", "language": "Python", "typeref": "typename:None", "kind": "member", "signature": "(self)", "scope": "FastAPITemplate", "scopeKind": "class"}, {"_type": "tag", "name": "setup_testing", "path": "/home/kavia/workspace/code-generation/universalinit/src/universalinit/universalinit.py", "pattern": "/^    def setup_testing(self) -> None:$/", "language": "Python", "typeref": "typename:None", "kind": "member", "signature": "(self)", "scope": "FlaskTemplate", "scopeKind": "class"}, {"_type": "tag", "name": "setup_testing", "path": "/home/kavia/workspace/code-generation/universalinit/src/universalinit/universalinit.py", "pattern": "/^    def setup_testing(self) -> None:$/", "language": "Python", "typeref": "typename:None", "kind": "member", "signature": "(self)", "scope": "FlutterTemplate", "scopeKind": "class"}, {"_type": "tag", "name": "setup_testing", "path": "/home/kavia/workspace/code-generation/universalinit/src/universalinit/universalinit.py", "pattern": "/^    def setup_testing(self) -> None:$/", "language": "Python", "typeref": "typename:None", "kind": "member", "signature": "(self)", "scope": "KotlinTemplate", "scopeKind": "class"}, {"_type": "tag", "name": "setup_testing", "path": "/home/kavia/workspace/code-generation/universalinit/src/universalinit/universalinit.py", "pattern": "/^    def setup_testing(self) -> None:$/", "language": "Python", "typeref": "typename:None", "kind": "member", "signature": "(self)", "scope": "LightningjsTemplate", "scopeKind": "class"}, {"_type": "tag", "name": "setup_testing", "path": "/home/kavia/workspace/code-generation/universalinit/src/universalinit/universalinit.py", "pattern": "/^    def setup_testing(self) -> None:$/", "language": "Python", "typeref": "typename:None", "kind": "member", "signature": "(self)", "scope": "MongoDBTemplate", "scopeKind": "class"}], "format": "Python", "hash": "fdf97df3fc289eca995f9f7d28ec37e4", "format-version": 4, "code-base-name": "universalinit", "filename": "src/universalinit/universalinit.py", "knowledge_revision": 1045}