{"is_source_file": true, "format": "JavaScript Module", "description": "ESLint configuration file written in ECMAScript module syntax, configuring linting rules for JavaScript and TypeScript files within the project.", "external_files": ["@eslint/js", "globals", "typescript-eslint"], "external_methods": [], "published": [], "classes": [], "methods": [], "calls": ["js.configs.recommended", "...tseslint.configs.recommended"], "search-terms": ["eslint", "typescript-eslint", "eslint.config.mjs", "linting", "ESLint configuration", "typescript"], "state": 2, "file_id": 535, "knowledge_revision": 1554, "git_revision": "1aee8ed1eca8330cc765b711c43546e90b04ff39", "hash": "6eae6a40fd45c831d338e6b184ad821b", "format-version": 4, "code-base-name": "universalinit", "filename": "src/universalinit/templates/astro/eslint.config.mjs", "revision_history": [{"1554": "1aee8ed1eca8330cc765b711c43546e90b04ff39"}]}