{"is_source_file": true, "format": "JavaScript", "description": "This file initializes a Lightning JS application by importing necessary modules and calling the launch function with configuration parameters.", "external_files": ["@lightningjs/blits", "./App.js"], "external_methods": ["Blits.Launch"], "published": [], "classes": [], "methods": [{"name": "Blits.Launch", "description": "Initializes and launches a Lightning JS app with specified parameters."}], "calls": ["Blits.Launch"], "search-terms": ["LightningJS", "Blits", "App.js", "launch", "initialization"], "state": 2, "file_id": 442, "knowledge_revision": 1466, "git_revision": "1aee8ed1eca8330cc765b711c43546e90b04ff39", "ctags": [], "hash": "699987a61e1fdce808bdbadf75592f5a", "format-version": 4, "code-base-name": "universalinit", "filename": "src/universalinit/templates/lightningjs/src/index.js", "revision_history": [{"1466": "1aee8ed1eca8330cc765b711c43546e90b04ff39"}]}