{"is_source_file": true, "format": "TypeScript/TSX", "description": "This file defines a React functional component 'Arc' that renders an animated elliptical arc using SVG with gradient stroke. It includes utility functions, constants, and uses React hooks for state management.", "external_files": ["react", "remotion"], "external_methods": ["useState", "random", "useVideoConfig"], "published": ["Arc"], "classes": [], "methods": [{"name": "getCircumferenceOfArc", "description": "Calculates the circumference of an elliptical arc based on its radii."}], "calls": ["useState", "random", "useVideoConfig"], "search-terms": ["Arc React component", "SVG elliptical stroke", "gradient stroke in React", "remotion video config", "Arc.tsx"], "state": 2, "file_id": 526, "knowledge_revision": 1550, "git_revision": "1aee8ed1eca8330cc765b711c43546e90b04ff39", "ctags": [], "hash": "81c9128f01c7b242ea106b7d86496df5", "format-version": 4, "code-base-name": "universalinit", "filename": "src/universalinit/templates/remotion/src/HelloWorld/Arc.tsx", "revision_history": [{"1550": "1aee8ed1eca8330cc765b711c43546e90b04ff39"}]}