{"is_source_file": true, "format": "Python", "description": "This file initializes a Flask application, configuring CORS, API documentation, and registering a blueprint for health routes.", "external_files": ["flask", "flask_cors", ".routes.health", "flask_smorest"], "external_methods": ["Flask", "CORS", "Api", "register_blueprint"], "published": ["app", "api"], "classes": [], "methods": [], "calls": ["Flask", "CORS", "Api", "app.config.__setitem__", "api.register_blueprint"], "search-terms": ["flask app initialization", "CORS configuration", "flask_smorest Api setup", "blueprint registration", "openapi configuration"], "state": 2, "file_id": 383, "knowledge_revision": 782, "git_revision": "7f958e4a9e0840522c3cfe03f7b218acec9b1c45", "ctags": [{"_type": "tag", "name": "api", "path": "/home/kavia/workspace/code-generation/universalinit/src/universalinit/templates/flask/app/__init__.py", "pattern": "/^api = Api(app)$/", "language": "Python", "kind": "variable"}, {"_type": "tag", "name": "app", "path": "/home/kavia/workspace/code-generation/universalinit/src/universalinit/templates/flask/app/__init__.py", "pattern": "/^app = Flask(__name__)$/", "language": "Python", "kind": "variable"}], "hash": "da3fd8f5753305c3dde1f2a956741543", "format-version": 4, "code-base-name": "universalinit", "filename": "src/universalinit/templates/flask/app/__init__.py", "fields": [{"name": "api = Api(app)", "scope": "", "scopeKind": "", "description": "unavailable"}, {"name": "app = Flask(__name__)", "scope": "", "scopeKind": "", "description": "unavailable"}], "revision_history": [{"782": "7f958e4a9e0840522c3cfe03f7b218acec9b1c45"}]}