{"is_source_file": true, "format": "JavaScript", "description": "This file defines a Lightning.js component named 'Home' which serves as a UI page. It imports external components and libraries, sets up a component with a template, state variables, lifecycle hooks, and methods to animate and manage UI elements.", "external_files": ["@lightningjs/blits", "../components/Loader.js", "../components/Button.js"], "external_methods": ["Blits.Component", "$setTimeout", "$setInterval", "$select", "$focus"], "published": ["y", "x", "rotation", "scale", "loaderAlpha", "textAlpha", "color"], "classes": [{"name": "Home", "description": "A Lightning.js component representing the Home page with animated logo, loader, and greeting text."}], "methods": [{"name": "rotateColors", "description": "Periodically cycles through predefined colors to animate the loader's color."}], "calls": ["Blits.Component", "$setTimeout", "$setInterval", "$select", "$focus"], "search-terms": ["Lightning.js component", "Home page UI", "animation", "loader", "logo", "template"], "state": 2, "file_id": 618, "knowledge_revision": 1650, "git_revision": "1aee8ed1eca8330cc765b711c43546e90b04ff39", "ctags": [{"_type": "tag", "name": "colors", "path": "/home/kavia/workspace/code-generation/universalinit/src/universalinit/templates/lightningjs/src/pages/Home.js", "pattern": "/^const colors = ['#f5f3ff', '#ede9fe', '#ddd6fe', '#c4b5fd', '#a78bfa']$/", "language": "JavaScript", "kind": "constant"}], "hash": "26a944e344bdf4adc32f5fef7345bff7", "format-version": 4, "code-base-name": "universalinit", "filename": "src/universalinit/templates/lightningjs/src/pages/Home.js", "revision_history": [{"1650": "1aee8ed1eca8330cc765b711c43546e90b04ff39"}]}