{"is_source_file": true, "format": "TypeScript", "description": "This file sets up a testing environment for Svelte applications using Vitest and testing-library, including mocking the matchMedia API.", "external_files": ["@testing-library/jest-dom/vitest", "vitest"], "external_methods": ["vi.fn()"], "published": [], "classes": [], "methods": [{"name": "Object.defineProperty", "description": "Defines the 'matchMedia' property on the window object with a mocked implementation for testing."}], "calls": ["Object.defineProperty"], "search-terms": ["vitest", "matchMedia", "svelte", "testing environment", "jest-dom", "mockImplementation"], "state": 2, "file_id": 523, "knowledge_revision": 1553, "git_revision": "1aee8ed1eca8330cc765b711c43546e90b04ff39", "ctags": [], "hash": "b7bf9deeb7ba165ebe85a32fe6ac036e", "format-version": 4, "code-base-name": "universalinit", "filename": "src/universalinit/templates/svelte/vitest-setup-client.ts", "revision_history": [{"1553": "1aee8ed1eca8330cc765b711c43546e90b04ff39"}]}