{"is_source_file": true, "format": "bash", "description": "A shell script to automate the creation of a new Android project, including directory setup, resource placeholders, Gradle configuration, and initial code files.", "external_files": ["gradle/wrapper/gradle-wrapper.jar", "gradle/wrapper/gradle-wrapper.properties", "gradlew", "settings.gradle", "build.gradle", "app/build.gradle", "app/src/main/AndroidManifest.xml", "app/src/main/java/com/example/{project_name}/MainActivity.java", "app/src/main/res/layout/activity_main.xml", "app/src/main/res/values/strings.xml", "app/src/main/res/mipmap-mdpi/ic_launcher.png", "app/src/main/res/mipmap-mdpi/ic_launcher_round.png"], "external_methods": ["tr", "sed", "base64", "curl", "chmod"], "published": ["PROJECT_NAME", "PACKAGE_NAME", "MIN_SDK", "TARGET_SDK", "COMPILE_SDK", "GRADLE_VERSION"], "classes": [], "methods": [], "calls": ["echo", "mkdir", "sed", "tr", "base64", "cp", "curl", "chmod", "exit", "cat"], "search-terms": ["android", "gradle", "project setup", "bash script", "initialization", "app directory", "Gradle wrapper", "project name", "SDK", "resource placeholders"], "state": 2, "file_id": 350, "knowledge_revision": 1367, "git_revision": "1aee8ed1eca8330cc765b711c43546e90b04ff39", "hash": "3410249d4a47a7d965dc785659513c62", "format-version": 4, "code-base-name": "universalinit", "filename": "src/universalinit/templates/android/init_script.sh", "revision_history": [{"1367": "1aee8ed1eca8330cc765b711c43546e90b04ff39"}]}