{"is_source_file": false, "format": "", "description": "", "external_files": [], "external_methods": [], "published": [], "classes": [], "methods": [], "calls": [], "search-terms": [], "state": 2, "file_id": 516, "knowledge_revision": 1525, "git_revision": "1aee8ed1eca8330cc765b711c43546e90b04ff39", "hash": "0fac5c1cfa8521b2091133f39e89c39d", "format-version": 4, "code-base-name": "universalinit", "filename": "src/universalinit/templates/nuxt/tsconfig.json", "revision_history": [{"1525": "1aee8ed1eca8330cc765b711c43546e90b04ff39"}]}