{"is_source_file": true, "format": "JavaScript", "description": "This file defines a function setupCounter that initializes and manages a clickable counter on a DOM element, updating its display upon user interaction.", "external_files": [], "external_methods": [], "published": ["setupCounter"], "classes": [], "methods": [{"name": "setupCounter(element)", "description": "Initializes a counter on the provided DOM element, sets up an event listener for clicks to increment the counter, and updates the element's innerHTML accordingly.", "scope": "", "scopeKind": ""}], "calls": ["element.addEventListener"], "search-terms": ["setupCounter", "counter.js", "click event", "DOM counter", "JavaScript function"], "state": 2, "file_id": 674, "knowledge_revision": 1692, "git_revision": "1aee8ed1eca8330cc765b711c43546e90b04ff39", "ctags": [{"_type": "tag", "name": "setupCounter", "path": "/home/kavia/workspace/code-generation/universalinit/src/universalinit/templates/vite/src/counter.js", "pattern": "/^export function setupCounter(element) {$/", "language": "JavaScript", "kind": "function", "signature": "(element)"}], "hash": "2ac86fab0c68ff8890db658663b5b7f5", "format-version": 4, "code-base-name": "universalinit", "filename": "src/universalinit/templates/vite/src/counter.js", "revision_history": [{"1692": "1aee8ed1eca8330cc765b711c43546e90b04ff39"}]}