{"is_source_file": true, "format": "JavaScript", "description": "This file sets up an Express server, configures it to listen on a specified port and host, and handles a graceful shutdown on SIGTERM signal. It exports the server instance for use in other parts of the application.", "external_files": ["./app"], "external_methods": ["app.listen", "process.on", "server.close", "process.exit"], "published": ["server"], "classes": [], "methods": [{"name": "app.listen", "description": "Starts the Express application listening on the specified PORT and HOST."}, {"name": "process.on", "description": "Registers an event handler for the 'SIGTERM' signal to perform graceful shutdown."}, {"name": "server.close", "description": "Shuts down the HTTP server gracefully."}, {"name": "process.exit", "description": "Exits the process after the server is closed."}], "calls": ["app.listen", "process.on('SIGTERM')", "server.close", "process.exit(0)"], "search-terms": ["server", "Express", "SIGTERM", "graceful shutdown", "require('./app')", "module.exports"], "state": 2, "file_id": 519, "knowledge_revision": 1540, "git_revision": "1aee8ed1eca8330cc765b711c43546e90b04ff39", "ctags": [{"_type": "tag", "name": "HOST", "path": "/home/kavia/workspace/code-generation/universalinit/src/universalinit/templates/express/src/server.js", "pattern": "/^const HOST = process.env.HOST || '0.0.0.0';$/", "language": "JavaScript", "kind": "constant"}, {"_type": "tag", "name": "PORT", "path": "/home/kavia/workspace/code-generation/universalinit/src/universalinit/templates/express/src/server.js", "pattern": "/^const PORT = process.env.PORT || 3000;$/", "language": "JavaScript", "kind": "constant"}, {"_type": "tag", "name": "app", "path": "/home/kavia/workspace/code-generation/universalinit/src/universalinit/templates/express/src/server.js", "pattern": "/^const app = require('.\\/app');$/", "language": "JavaScript", "kind": "constant"}, {"_type": "tag", "name": "server", "path": "/home/kavia/workspace/code-generation/universalinit/src/universalinit/templates/express/src/server.js", "pattern": "/^const server = app.listen(PORT, HOST, () => {$/", "language": "JavaScript", "kind": "constant"}], "hash": "e5d7d8ed0764ea86a77b8fe15cd2b83e", "format-version": 4, "code-base-name": "universalinit", "filename": "src/universalinit/templates/express/src/server.js", "revision_history": [{"1540": "1aee8ed1eca8330cc765b711c43546e90b04ff39"}]}