{"is_source_file": true, "format": "TypeScript (TSX)", "description": "This file is a Next.js layout component written in TypeScript with JSX syntax. It sets up global font styles and metadata for the application, serving as the root layout in a Next.js project.", "external_files": ["./globals.css", "next/font/google", "next"], "external_methods": ["Geist", "Geist_Mono"], "published": ["metadata"], "classes": [], "methods": [{"name": "RootLayout", "description": "Defines the root layout component that wraps all page content, applying global styles and including font variables."}], "calls": ["Geist", "Geist_Mono", "React.createElement", "html", "body"], "search-terms": ["Next.js layout", "TypeScript TSX", "React.ReactNode", "metadata", "global styles", "font setup", "next/font/google"], "state": 2, "file_id": 618, "knowledge_revision": 1647, "git_revision": "1aee8ed1eca8330cc765b711c43546e90b04ff39", "ctags": [], "hash": "5f8776fc8a71cd5f17746f7ac3672e84", "format-version": 4, "code-base-name": "universalinit", "filename": "src/universalinit/templates/nextjs/src/app/layout.tsx", "revision_history": [{"1647": "1aee8ed1eca8330cc765b711c43546e90b04ff39"}]}