{"is_source_file": true, "format": "TypeScript (TSX)", "description": "React functional component 'Atom' that renders an animated SVG circle with gradient fill, using remotion library hooks and React state.", "external_files": ["react", "remotion"], "external_methods": ["useState", "useVideoConfig", "random"], "published": ["Atom"], "classes": [], "methods": [{"name": "Atom", "description": "React functional component that renders an animated SVG circle with customizable scale and gradient colors."}], "calls": ["useState", "random", "useVideoConfig"], "search-terms": ["React", "remotion", "Atom", "SVG", "gradient", "circle", "randomId", "useVideoConfig"], "state": 2, "file_id": 424, "knowledge_revision": 1441, "git_revision": "1aee8ed1eca8330cc765b711c43546e90b04ff39", "ctags": [], "hash": "84d6d103c82561539bc9e4df504626a7", "format-version": 4, "code-base-name": "universalinit", "filename": "src/universalinit/templates/remotion/src/HelloWorld/Atom.tsx", "revision_history": [{"1441": "1aee8ed1eca8330cc765b711c43546e90b04ff39"}]}