{"is_source_file": true, "format": "TypeScript (TSX)", "description": "This file defines a React-like component using Qwik framework that renders a hero section with an image, heading, paragraph, and buttons. It includes interactive confetti animation triggered on button click.", "external_files": ["./hero.module.css", "../../../media/thunder.png?jsx", "https://cdn.jsdelivr.net/npm/canvas-confetti@1.5.1/dist/confetti.browser.min.js"], "external_methods": ["component$", "document.createElement", "document.head.appendChild", "document.createElement"], "published": [], "classes": [], "methods": [{"name": "loadConfetti", "description": "Dynamically loads the confetti JavaScript library from CDN and resolves with the confetti function."}, {"name": "shoot", "description": "Triggers the confetti animation with different particle counts and sizes."}], "calls": ["component$", "loadConfetti", "document.createElement", "document.head.appendChild", "script.onload", "script.onerror", "confetti"], "search-terms": ["Qwik hero component", "confetti animation", "tsx hero image", "dynamic script loading", "Qwik confetti trigger"], "state": 2, "file_id": 376, "knowledge_revision": 1398, "git_revision": "1aee8ed1eca8330cc765b711c43546e90b04ff39", "ctags": [], "hash": "42d45447efa998ad31a8bf6cd455b5c1", "format-version": 4, "code-base-name": "universalinit", "filename": "src/universalinit/templates/qwik/src/components/starter/hero/hero.tsx", "revision_history": [{"1398": "1aee8ed1eca8330cc765b711c43546e90b04ff39"}]}