{"is_source_file": true, "format": "Python", "description": "This Python source file defines numerous data classes and enums related to project configuration, initialization, and build setups for a code generation or project templating system. It includes classes for project types, project configuration parameters, scripts, commands, environment settings, and template initialization info. The file also contains logic to load configuration data from a YAML file, replace parameters within the file content, and assemble an overall initialization info structure.", "external_files": ["yaml"], "external_methods": ["yaml.safe_load"], "published": ["ProjectType", "ProjectConfig", "ProcessingScript", "BuildCommand", "InstallDependenciesCommand", "EnvironmentConfig", "ConfigureEnvironment", "RunTool", "TestTool", "OpenapiGenerationTool", "TemplateInitInfo", "TemplateConfigProvider"], "classes": [{"name": "ProjectType", "description": "Enumeration of supported project types for various frameworks and platforms."}, {"name": "ProjectConfig", "description": "Dataclass holding configuration details for initializing a project, including name, version, description, author, project type, output path, and parameters."}, {"name": "ProcessingScript", "description": "Dataclass representing a post-processing or pre-processing script."}, {"name": "BuildCommand", "description": "Dataclass holding command and working directory info for build tasks."}, {"name": "InstallDependenciesCommand", "description": "Dataclass for installing dependencies, including command and working directory."}, {"name": "EnvironmentConfig", "description": "Dataclass capturing environment setup details like node, npm, flutter, and other SDK versions."}, {"name": "ConfigureEnvironment", "description": "Dataclass representing a command and working directory to configure environment."}, {"name": "RunTool", "description": "Dataclass for running external tools with command and working directory."}, {"name": "TestTool", "description": "Dataclass for testing tools configuration."}, {"name": "OpenapiGenerationTool", "description": "Dataclass for OpenAPI generation command and directory."}, {"name": "TemplateInitInfo", "description": "Comprehensive dataclass aggregating all initialization commands, environment setup, scripts, and files."}, {"name": "TemplateConfigProvider", "description": "Class responsible for loading and parsing the YAML configuration file, applying parameter replacements, and returning a populated TemplateInitInfo object."}], "methods": [{"name": "'ProjectType' from_string(cls, value: str)", "description": "Converts a string to a ProjectType enum member.", "scope": "ProjectType", "scopeKind": "class"}, {"name": "Dict[str,str] get_replaceable_parameters(self)", "description": "Returns a dictionary of parameters that can be used to replace placeholders in templates.", "scope": "ProjectConfig", "scopeKind": "class"}, {"name": "str replace_parameters(self, content: str)", "description": "Replaces placeholders in a given content string with actual configuration values.", "scope": "ProjectConfig", "scopeKind": "class"}, {"name": "TemplateInitInfo get_init_info(self)", "description": "Reads the YAML configuration file and constructs the TemplateInitInfo object with all setup details.", "scope": "TemplateConfigProvider", "scopeKind": "class"}, {"name": "__init__(self, template_path: Path, config: ProjectConfig)", "scope": "TemplateConfigProvider", "scopeKind": "class", "description": "unavailable"}, {"name": "str _get_default_db_user(self)", "scope": "ProjectConfig", "scopeKind": "class", "description": "unavailable"}], "calls": ["yaml.safe_load"], "search-terms": ["ProjectType", "TemplateInitInfo", "yaml.safe_load", "replace_parameters", "ConfigurationFile", "template", "project_config", "build_cmd", "install_dependencies", "env", "openapi_generation"], "state": 2, "file_id": 341, "knowledge_revision": 1374, "git_revision": "1aee8ed1eca8330cc765b711c43546e90b04ff39", "ctags": [{"_type": "tag", "name": "ANDROID", "path": "/home/kavia/workspace/code-generation/universalinit/src/universalinit/templateconfig.py", "pattern": "/^    ANDROID = \"android\"$/", "language": "Python", "kind": "variable", "scope": "ProjectType", "scopeKind": "class"}, {"_type": "tag", "name": "ANGULAR", "path": "/home/kavia/workspace/code-generation/universalinit/src/universalinit/templateconfig.py", "pattern": "/^    ANGULAR = \"angular\"$/", "language": "Python", "kind": "variable", "scope": "ProjectType", "scopeKind": "class"}, {"_type": "tag", "name": "ASTRO", "path": "/home/kavia/workspace/code-generation/universalinit/src/universalinit/templateconfig.py", "pattern": "/^    ASTRO = \"astro\"$/", "language": "Python", "kind": "variable", "scope": "ProjectType", "scopeKind": "class"}, {"_type": "tag", "name": "BuildCommand", "path": "/home/kavia/workspace/code-generation/universalinit/src/universalinit/templateconfig.py", "pattern": "/^class BuildCommand:$/", "language": "Python", "kind": "class"}, {"_type": "tag", "name": "ConfigureEnvironment", "path": "/home/kavia/workspace/code-generation/universalinit/src/universalinit/templateconfig.py", "pattern": "/^class ConfigureEnvironment:$/", "language": "Python", "kind": "class"}, {"_type": "tag", "name": "DJANGO", "path": "/home/kavia/workspace/code-generation/universalinit/src/universalinit/templateconfig.py", "pattern": "/^    DJANGO = \"django\"$/", "language": "Python", "kind": "variable", "scope": "ProjectType", "scopeKind": "class"}, {"_type": "tag", "name": "EXPRESS", "path": "/home/kavia/workspace/code-generation/universalinit/src/universalinit/templateconfig.py", "pattern": "/^    EXPRESS = \"express\"$/", "language": "Python", "kind": "variable", "scope": "ProjectType", "scopeKind": "class"}, {"_type": "tag", "name": "EnvironmentConfig", "path": "/home/kavia/workspace/code-generation/universalinit/src/universalinit/templateconfig.py", "pattern": "/^class EnvironmentConfig:$/", "language": "Python", "kind": "class"}, {"_type": "tag", "name": "FASTAPI", "path": "/home/kavia/workspace/code-generation/universalinit/src/universalinit/templateconfig.py", "pattern": "/^    FASTAPI = \"fastapi\"$/", "language": "Python", "kind": "variable", "scope": "ProjectType", "scopeKind": "class"}, {"_type": "tag", "name": "FLASK", "path": "/home/kavia/workspace/code-generation/universalinit/src/universalinit/templateconfig.py", "pattern": "/^    FLASK = \"flask\"$/", "language": "Python", "kind": "variable", "scope": "ProjectType", "scopeKind": "class"}, {"_type": "tag", "name": "FLUTTER", "path": "/home/kavia/workspace/code-generation/universalinit/src/universalinit/templateconfig.py", "pattern": "/^    FLUTTER = \"flutter\"$/", "language": "Python", "kind": "variable", "scope": "ProjectType", "scopeKind": "class"}, {"_type": "tag", "name": "IOS", "path": "/home/kavia/workspace/code-generation/universalinit/src/universalinit/templateconfig.py", "pattern": "/^    IOS = \"ios\"$/", "language": "Python", "kind": "variable", "scope": "ProjectType", "scopeKind": "class"}, {"_type": "tag", "name": "InstallDependenciesCommand", "path": "/home/kavia/workspace/code-generation/universalinit/src/universalinit/templateconfig.py", "pattern": "/^class InstallDependenciesCommand:$/", "language": "Python", "kind": "class"}, {"_type": "tag", "name": "KOTLIN", "path": "/home/kavia/workspace/code-generation/universalinit/src/universalinit/templateconfig.py", "pattern": "/^    KOTLIN = \"kotlin\"$/", "language": "Python", "kind": "variable", "scope": "ProjectType", "scopeKind": "class"}, {"_type": "tag", "name": "LIGHTNINGJS", "path": "/home/kavia/workspace/code-generation/universalinit/src/universalinit/templateconfig.py", "pattern": "/^    LIGHTNINGJS = \"lightningjs\"$/", "language": "Python", "kind": "variable", "scope": "ProjectType", "scopeKind": "class"}, {"_type": "tag", "name": "MONGODB", "path": "/home/kavia/workspace/code-generation/universalinit/src/universalinit/templateconfig.py", "pattern": "/^    MONGODB = \"mongodb\"$/", "language": "Python", "kind": "variable", "scope": "ProjectType", "scopeKind": "class"}, {"_type": "tag", "name": "MYSQL", "path": "/home/kavia/workspace/code-generation/universalinit/src/universalinit/templateconfig.py", "pattern": "/^    MYSQL = \"mysql\"$/", "language": "Python", "kind": "variable", "scope": "ProjectType", "scopeKind": "class"}, {"_type": "tag", "name": "NATIVESCRIPT", "path": "/home/kavia/workspace/code-generation/universalinit/src/universalinit/templateconfig.py", "pattern": "/^    NATIVESCRIPT = \"nativescript\"$/", "language": "Python", "kind": "variable", "scope": "ProjectType", "scopeKind": "class"}, {"_type": "tag", "name": "NEXTJS", "path": "/home/kavia/workspace/code-generation/universalinit/src/universalinit/templateconfig.py", "pattern": "/^    NEXTJS = \"nextjs\"$/", "language": "Python", "kind": "variable", "scope": "ProjectType", "scopeKind": "class"}, {"_type": "tag", "name": "NODE", "path": "/home/kavia/workspace/code-generation/universalinit/src/universalinit/templateconfig.py", "pattern": "/^    NODE = \"node\"$/", "language": "Python", "kind": "variable", "scope": "ProjectType", "scopeKind": "class"}, {"_type": "tag", "name": "NUXT", "path": "/home/kavia/workspace/code-generation/universalinit/src/universalinit/templateconfig.py", "pattern": "/^    NUXT = \"nuxt\"$/", "language": "Python", "kind": "variable", "scope": "ProjectType", "scopeKind": "class"}, {"_type": "tag", "name": "OpenapiGenerationTool", "path": "/home/kavia/workspace/code-generation/universalinit/src/universalinit/templateconfig.py", "pattern": "/^class OpenapiGenerationTool:$/", "language": "Python", "kind": "class"}, {"_type": "tag", "name": "POSTGRESQL", "path": "/home/kavia/workspace/code-generation/universalinit/src/universalinit/templateconfig.py", "pattern": "/^    POSTGRESQL = \"postgresql\"$/", "language": "Python", "kind": "variable", "scope": "ProjectType", "scopeKind": "class"}, {"_type": "tag", "name": "PYTHON", "path": "/home/kavia/workspace/code-generation/universalinit/src/universalinit/templateconfig.py", "pattern": "/^    PYTHON = \"python\"$/", "language": "Python", "kind": "variable", "scope": "ProjectType", "scopeKind": "class"}, {"_type": "tag", "name": "ProcessingScript", "path": "/home/kavia/workspace/code-generation/universalinit/src/universalinit/templateconfig.py", "pattern": "/^class ProcessingScript:$/", "language": "Python", "kind": "class"}, {"_type": "tag", "name": "ProjectConfig", "path": "/home/kavia/workspace/code-generation/universalinit/src/universalinit/templateconfig.py", "pattern": "/^class ProjectConfig:$/", "language": "Python", "kind": "class"}, {"_type": "tag", "name": "ProjectType", "path": "/home/kavia/workspace/code-generation/universalinit/src/universalinit/templateconfig.py", "pattern": "/^class ProjectType(Enum):$/", "language": "Python", "kind": "class"}, {"_type": "tag", "name": "QWIK", "path": "/home/kavia/workspace/code-generation/universalinit/src/universalinit/templateconfig.py", "pattern": "/^    QWIK = \"qwik\"$/", "language": "Python", "kind": "variable", "scope": "ProjectType", "scopeKind": "class"}, {"_type": "tag", "name": "REACT", "path": "/home/kavia/workspace/code-generation/universalinit/src/universalinit/templateconfig.py", "pattern": "/^    REACT = \"react\"$/", "language": "Python", "kind": "variable", "scope": "ProjectType", "scopeKind": "class"}, {"_type": "tag", "name": "REMIX", "path": "/home/kavia/workspace/code-generation/universalinit/src/universalinit/templateconfig.py", "pattern": "/^    REMIX = \"remix\"$/", "language": "Python", "kind": "variable", "scope": "ProjectType", "scopeKind": "class"}, {"_type": "tag", "name": "REMOTION", "path": "/home/kavia/workspace/code-generation/universalinit/src/universalinit/templateconfig.py", "pattern": "/^    REMOTION = \"remotion\"$/", "language": "Python", "kind": "variable", "scope": "ProjectType", "scopeKind": "class"}, {"_type": "tag", "name": "RunTool", "path": "/home/kavia/workspace/code-generation/universalinit/src/universalinit/templateconfig.py", "pattern": "/^class RunTool:$/", "language": "Python", "kind": "class"}, {"_type": "tag", "name": "SLIDEV", "path": "/home/kavia/workspace/code-generation/universalinit/src/universalinit/templateconfig.py", "pattern": "/^    SLIDEV = \"slidev\"$/", "language": "Python", "kind": "variable", "scope": "ProjectType", "scopeKind": "class"}, {"_type": "tag", "name": "SQLITE", "path": "/home/kavia/workspace/code-generation/universalinit/src/universalinit/templateconfig.py", "pattern": "/^    SQLITE = \"sqlite\"$/", "language": "Python", "kind": "variable", "scope": "ProjectType", "scopeKind": "class"}, {"_type": "tag", "name": "SVELTE", "path": "/home/kavia/workspace/code-generation/universalinit/src/universalinit/templateconfig.py", "pattern": "/^    SVELTE = \"svelte\"$/", "language": "Python", "kind": "variable", "scope": "ProjectType", "scopeKind": "class"}, {"_type": "tag", "name": "TYPESCRIPT", "path": "/home/kavia/workspace/code-generation/universalinit/src/universalinit/templateconfig.py", "pattern": "/^    TYPESCRIPT = \"typescript\"$/", "language": "Python", "kind": "variable", "scope": "ProjectType", "scopeKind": "class"}, {"_type": "tag", "name": "TemplateConfigProvider", "path": "/home/kavia/workspace/code-generation/universalinit/src/universalinit/templateconfig.py", "pattern": "/^class TemplateConfigProvider:$/", "language": "Python", "kind": "class"}, {"_type": "tag", "name": "TemplateInitInfo", "path": "/home/kavia/workspace/code-generation/universalinit/src/universalinit/templateconfig.py", "pattern": "/^class TemplateInitInfo:$/", "language": "Python", "kind": "class"}, {"_type": "tag", "name": "TestTool", "path": "/home/kavia/workspace/code-generation/universalinit/src/universalinit/templateconfig.py", "pattern": "/^class TestTool:$/", "language": "Python", "kind": "class"}, {"_type": "tag", "name": "VITE", "path": "/home/kavia/workspace/code-generation/universalinit/src/universalinit/templateconfig.py", "pattern": "/^    VITE = \"vite\"$/", "language": "Python", "kind": "variable", "scope": "ProjectType", "scopeKind": "class"}, {"_type": "tag", "name": "VUE", "path": "/home/kavia/workspace/code-generation/universalinit/src/universalinit/templateconfig.py", "pattern": "/^    VUE = \"vue\"$/", "language": "Python", "kind": "variable", "scope": "ProjectType", "scopeKind": "class"}, {"_type": "tag", "name": "__init__", "path": "/home/kavia/workspace/code-generation/universalinit/src/universalinit/templateconfig.py", "pattern": "/^    def __init__(self, template_path: Path, config: ProjectConfig):$/", "language": "Python", "kind": "member", "signature": "(self, template_path: Path, config: ProjectConfig)", "scope": "TemplateConfigProvider", "scopeKind": "class"}, {"_type": "tag", "name": "_get_default_db_user", "path": "/home/kavia/workspace/code-generation/universalinit/src/universalinit/templateconfig.py", "pattern": "/^    def _get_default_db_user(self) -> str:$/", "language": "Python", "typeref": "typename:str", "kind": "member", "signature": "(self)", "scope": "ProjectConfig", "scopeKind": "class"}, {"_type": "tag", "name": "android_sdk_version", "path": "/home/kavia/workspace/code-generation/universalinit/src/universalinit/templateconfig.py", "pattern": "/^    android_sdk_version: str = \"\"$/", "language": "Python", "typeref": "typename:str", "kind": "variable", "scope": "EnvironmentConfig", "scopeKind": "class"}, {"_type": "tag", "name": "configure_environment", "path": "/home/kavia/workspace/code-generation/universalinit/src/universalinit/templateconfig.py", "pattern": "/^    configure_environment: Optional[ConfigureEnvironment] = None$/", "language": "Python", "typeref": "typename:Optional[ConfigureEnvironment]", "kind": "variable", "scope": "TemplateInitInfo", "scopeKind": "class"}, {"_type": "tag", "name": "dart_version", "path": "/home/kavia/workspace/code-generation/universalinit/src/universalinit/templateconfig.py", "pattern": "/^    dart_version: str = \"\"$/", "language": "Python", "typeref": "typename:str", "kind": "variable", "scope": "EnvironmentConfig", "scopeKind": "class"}, {"_type": "tag", "name": "entry_point_url", "path": "/home/kavia/workspace/code-generation/universalinit/src/universalinit/templateconfig.py", "pattern": "/^    entry_point_url: Optional[str] = None$/", "language": "Python", "typeref": "typename:Optional[str]", "kind": "variable", "scope": "TemplateInitInfo", "scopeKind": "class"}, {"_type": "tag", "name": "flutter_version", "path": "/home/kavia/workspace/code-generation/universalinit/src/universalinit/templateconfig.py", "pattern": "/^    flutter_version: str = \"\"$/", "language": "Python", "typeref": "typename:str", "kind": "variable", "scope": "EnvironmentConfig", "scopeKind": "class"}, {"_type": "tag", "name": "from_string", "path": "/home/kavia/workspace/code-generation/universalinit/src/universalinit/templateconfig.py", "pattern": "/^    def from_string(cls, value: str) -> 'ProjectType':$/", "language": "Python", "typeref": "typename:'ProjectType'", "kind": "member", "signature": "(cls, value: str)", "scope": "ProjectType", "scopeKind": "class"}, {"_type": "tag", "name": "get_init_info", "path": "/home/kavia/workspace/code-generation/universalinit/src/universalinit/templateconfig.py", "pattern": "/^    def get_init_info(self) -> TemplateInitInfo:$/", "language": "Python", "typeref": "typename:TemplateInitInfo", "kind": "member", "signature": "(self)", "scope": "TemplateConfigProvider", "scopeKind": "class"}, {"_type": "tag", "name": "get_replaceable_parameters", "path": "/home/kavia/workspace/code-generation/universalinit/src/universalinit/templateconfig.py", "pattern": "/^    def get_replaceable_parameters(self) -> Dict[str, str]:$/", "language": "Python", "typeref": "typename:Dict[str,str]", "kind": "member", "signature": "(self)", "scope": "ProjectConfig", "scopeKind": "class"}, {"_type": "tag", "name": "gradle_version", "path": "/home/kavia/workspace/code-generation/universalinit/src/universalinit/templateconfig.py", "pattern": "/^    gradle_version: str = \"\"$/", "language": "Python", "typeref": "typename:str", "kind": "variable", "scope": "EnvironmentConfig", "scopeKind": "class"}, {"_type": "tag", "name": "java_version", "path": "/home/kavia/workspace/code-generation/universalinit/src/universalinit/templateconfig.py", "pattern": "/^    java_version: str = \"\"$/", "language": "Python", "typeref": "typename:str", "kind": "variable", "scope": "EnvironmentConfig", "scopeKind": "class"}, {"_type": "tag", "name": "node_version", "path": "/home/kavia/workspace/code-generation/universalinit/src/universalinit/templateconfig.py", "pattern": "/^    node_version: str = \"\"$/", "language": "Python", "typeref": "typename:str", "kind": "variable", "scope": "EnvironmentConfig", "scopeKind": "class"}, {"_type": "tag", "name": "npm_version", "path": "/home/kavia/workspace/code-generation/universalinit/src/universalinit/templateconfig.py", "pattern": "/^    npm_version: str = \"\"$/", "language": "Python", "typeref": "typename:str", "kind": "variable", "scope": "EnvironmentConfig", "scopeKind": "class"}, {"_type": "tag", "name": "openapi_generation", "path": "/home/kavia/workspace/code-generation/universalinit/src/universalinit/templateconfig.py", "pattern": "/^    openapi_generation: Optional[OpenapiGenerationTool] = None$/", "language": "Python", "typeref": "typename:Optional[OpenapiGenerationTool]", "kind": "variable", "scope": "TemplateInitInfo", "scopeKind": "class"}, {"_type": "tag", "name": "replace_parameters", "path": "/home/kavia/workspace/code-generation/universalinit/src/universalinit/templateconfig.py", "pattern": "/^    def replace_parameters(self, content: str) -> str:$/", "language": "Python", "typeref": "typename:str", "kind": "member", "signature": "(self, content: str)", "scope": "ProjectConfig", "scopeKind": "class"}], "hash": "f02d7731219efabc41c493382d79b254", "format-version": 4, "code-base-name": "universalinit", "filename": "src/universalinit/templateconfig.py", "fields": [{"name": "ANDROID = \"android\"", "scope": "ProjectType", "scopeKind": "class", "description": "unavailable"}, {"name": "ANGULAR = \"angular\"", "scope": "ProjectType", "scopeKind": "class", "description": "unavailable"}, {"name": "ASTRO = \"astro\"", "scope": "ProjectType", "scopeKind": "class", "description": "unavailable"}, {"name": "DJANGO = \"django\"", "scope": "ProjectType", "scopeKind": "class", "description": "unavailable"}, {"name": "EXPRESS = \"express\"", "scope": "ProjectType", "scopeKind": "class", "description": "unavailable"}, {"name": "FASTAPI = \"fastapi\"", "scope": "ProjectType", "scopeKind": "class", "description": "unavailable"}, {"name": "FLASK = \"flask\"", "scope": "ProjectType", "scopeKind": "class", "description": "unavailable"}, {"name": "FLUTTER = \"flutter\"", "scope": "ProjectType", "scopeKind": "class", "description": "unavailable"}, {"name": "IOS = \"ios\"", "scope": "ProjectType", "scopeKind": "class", "description": "unavailable"}, {"name": "KOTLIN = \"kotlin\"", "scope": "ProjectType", "scopeKind": "class", "description": "unavailable"}, {"name": "LIGHTNINGJS = \"lightningjs\"", "scope": "ProjectType", "scopeKind": "class", "description": "unavailable"}, {"name": "MONGODB = \"mongodb\"", "scope": "ProjectType", "scopeKind": "class", "description": "unavailable"}, {"name": "MYSQL = \"mysql\"", "scope": "ProjectType", "scopeKind": "class", "description": "unavailable"}, {"name": "NATIVESCRIPT = \"nativescript\"", "scope": "ProjectType", "scopeKind": "class", "description": "unavailable"}, {"name": "NEXTJS = \"nextjs\"", "scope": "ProjectType", "scopeKind": "class", "description": "unavailable"}, {"name": "NODE = \"node\"", "scope": "ProjectType", "scopeKind": "class", "description": "unavailable"}, {"name": "NUXT = \"nuxt\"", "scope": "ProjectType", "scopeKind": "class", "description": "unavailable"}, {"name": "POSTGRESQL = \"postgresql\"", "scope": "ProjectType", "scopeKind": "class", "description": "unavailable"}, {"name": "PYTHON = \"python\"", "scope": "ProjectType", "scopeKind": "class", "description": "unavailable"}, {"name": "QWIK = \"qwik\"", "scope": "ProjectType", "scopeKind": "class", "description": "unavailable"}, {"name": "REACT = \"react\"", "scope": "ProjectType", "scopeKind": "class", "description": "unavailable"}, {"name": "REMIX = \"remix\"", "scope": "ProjectType", "scopeKind": "class", "description": "unavailable"}, {"name": "REMOTION = \"remotion\"", "scope": "ProjectType", "scopeKind": "class", "description": "unavailable"}, {"name": "SLIDEV = \"slidev\"", "scope": "ProjectType", "scopeKind": "class", "description": "unavailable"}, {"name": "SQLITE = \"sqlite\"", "scope": "ProjectType", "scopeKind": "class", "description": "unavailable"}, {"name": "SVELTE = \"svelte\"", "scope": "ProjectType", "scopeKind": "class", "description": "unavailable"}, {"name": "TYPESCRIPT = \"typescript\"", "scope": "ProjectType", "scopeKind": "class", "description": "unavailable"}, {"name": "VITE = \"vite\"", "scope": "ProjectType", "scopeKind": "class", "description": "unavailable"}, {"name": "VUE = \"vue\"", "scope": "ProjectType", "scopeKind": "class", "description": "unavailable"}, {"name": "str android_sdk_version", "scope": "EnvironmentConfig", "scopeKind": "class", "description": "unavailable"}, {"name": "Optional[ConfigureEnvironment] configure_environment", "scope": "TemplateInitInfo", "scopeKind": "class", "description": "unavailable"}, {"name": "str dart_version", "scope": "EnvironmentConfig", "scopeKind": "class", "description": "unavailable"}, {"name": "Optional[str] entry_point_url", "scope": "TemplateInitInfo", "scopeKind": "class", "description": "unavailable"}, {"name": "str flutter_version", "scope": "EnvironmentConfig", "scopeKind": "class", "description": "unavailable"}, {"name": "str gradle_version", "scope": "EnvironmentConfig", "scopeKind": "class", "description": "unavailable"}, {"name": "str java_version", "scope": "EnvironmentConfig", "scopeKind": "class", "description": "unavailable"}, {"name": "str node_version", "scope": "EnvironmentConfig", "scopeKind": "class", "description": "unavailable"}, {"name": "str npm_version", "scope": "EnvironmentConfig", "scopeKind": "class", "description": "unavailable"}, {"name": "Optional[OpenapiGenerationTool] openapi_generation", "scope": "TemplateInitInfo", "scopeKind": "class", "description": "unavailable"}], "revision_history": [{"1374": "1aee8ed1eca8330cc765b711c43546e90b04ff39"}]}