{"is_source_file": true, "format": "JavaScript", "description": "This file defines a module that exports an event handler function 'onNavigatingTo' which sets up the binding context of a page using the 'HomeViewModel'.", "external_files": ["./home-view-model"], "external_methods": [], "published": [], "classes": [], "methods": [{"name": "onNavigatingTo(args)", "description": "Event handler for the navigation event that assigns a new HomeViewModel instance to the page's binding context.", "scope": "", "scopeKind": ""}], "calls": ["HomeViewModel()"], "search-terms": ["HomeViewModel", "onNavigatingTo", "bindingContext", "home-page.js", "NativeScript", "page"], "state": 2, "file_id": 636, "knowledge_revision": 1666, "git_revision": "1aee8ed1eca8330cc765b711c43546e90b04ff39", "ctags": [{"_type": "tag", "name": "onNavigatingTo", "path": "/home/kavia/workspace/code-generation/universalinit/src/universalinit/templates/nativescript/app/home/home-page.js", "pattern": "/^export function onNavigatingTo(args) {$/", "language": "JavaScript", "kind": "function", "signature": "(args)"}], "hash": "c73fa2a2554cc1c125b9f2ab5a64132c", "format-version": 4, "code-base-name": "universalinit", "filename": "src/universalinit/templates/nativescript/app/home/home-page.js", "revision_history": [{"1666": "1aee8ed1eca8330cc765b711c43546e90b04ff39"}]}