{"is_source_file": true, "format": "Python", "description": "This is a Django manage.py script used for executing administrative tasks related to a Django project.", "external_files": ["django.core.management"], "external_methods": ["django.core.management.execute_from_command_line"], "published": [], "classes": [], "methods": [{"name": "main()", "description": "Defines the main entry point for executing Django administrative commands.", "scope": "", "scopeKind": ""}], "calls": ["django.core.management.execute_from_command_line"], "search-terms": ["manage.py", "Django", "administrative tasks", "execute_from_command_line", "DJANGO_SETTINGS_MODULE"], "state": 2, "file_id": 433, "knowledge_revision": 1457, "git_revision": "2028ea7a4a4843e6263708f2139ded60b9650606", "ctags": [{"_type": "tag", "name": "main", "path": "/home/kavia/workspace/code-generation/universalinit/src/universalinit/templates/django/manage.py", "pattern": "/^def main():$/", "language": "Python", "kind": "function", "signature": "()"}], "hash": "09ce28f22db4398409f377833475117f", "format-version": 4, "code-base-name": "universalinit", "filename": "src/universalinit/templates/django/manage.py", "revision_history": [{"1457": "2028ea7a4a4843e6263708f2139ded60b9650606"}]}