{"is_source_file": true, "format": "TypeScript/TSX", "description": "A React component written in TSX for rendering an informational box with customizable title and content using slots, styled with imported CSS modules.", "external_files": ["./infobox.module.css"], "external_methods": ["component$", "Slot"], "published": ["default export (the component)"], "classes": [], "methods": [{"name": "component$", "description": "A higher-order function from Qwik to define a reactive component."}, {"name": "Slot", "description": "A Qwik component used to render dynamic content within slots with optional names."}], "calls": ["component$", "Slot"], "search-terms": ["Qwik infobox component", "TSX slot content", "Qwik styled component", "components/starter/infobox"], "state": 2, "file_id": 519, "knowledge_revision": 1540, "git_revision": "1aee8ed1eca8330cc765b711c43546e90b04ff39", "ctags": [], "hash": "e550dea120857ece5cc0d3ded5ee4bdd", "format-version": 4, "code-base-name": "universalinit", "filename": "src/universalinit/templates/qwik/src/components/starter/infobox/infobox.tsx", "revision_history": [{"1540": "1aee8ed1eca8330cc765b711c43546e90b04ff39"}]}