{"is_source_file": true, "format": "TypeScript", "description": "This file sets configuration parameters for a SvelteKit route, specifically indicating that the route should be client-side rendered in development and prerendered as a static asset in production.", "external_files": ["$app/environment"], "external_methods": [], "published": ["csr", "prerender"], "classes": [], "methods": [], "calls": ["dev"], "search-terms": ["SvelteKit", "csr", "prerender", "about page", "route configuration", "TypeScript", "src/routes/about/+page.ts"], "state": 2, "file_id": 599, "knowledge_revision": 1620, "git_revision": "1aee8ed1eca8330cc765b711c43546e90b04ff39", "ctags": [{"_type": "tag", "name": "csr", "path": "/home/kavia/workspace/code-generation/universalinit/src/universalinit/templates/svelte/src/routes/about/+page.ts", "pattern": "/^export const csr = dev;$/", "language": "TypeScript", "kind": "constant"}, {"_type": "tag", "name": "prerender", "path": "/home/kavia/workspace/code-generation/universalinit/src/universalinit/templates/svelte/src/routes/about/+page.ts", "pattern": "/^export const prerender = true;$/", "language": "TypeScript", "kind": "constant"}], "hash": "758500614a714f43a32f7a3169886b42", "format-version": 4, "code-base-name": "universalinit", "filename": "src/universalinit/templates/svelte/src/routes/about/+page.ts", "revision_history": [{"1620": "1aee8ed1eca8330cc765b711c43546e90b04ff39"}]}