{"is_source_file": true, "format": "TypeScript (TSX)", "description": "This file defines a React functional component 'Arc' that renders an animated elliptical arc SVG element with gradient stroke, parameterized by progress, rotation, and colors, used within the Remotion video rendering framework.", "external_files": ["react", "remotion"], "external_methods": ["useState", "useVideoConfig", "random"], "published": ["Arc"], "classes": [], "methods": [{"name": "getCircumferenceOfArc", "description": "Calculates the circumference of an elliptical arc based on its radii rx and ry."}], "calls": ["useState", "useVideoConfig", "random"], "search-terms": ["Arc", "react", "remotion", "SVG", "ellipse", "gradient", "strokeDasharray", "strokeDashoffset"], "state": 2, "file_id": 669, "knowledge_revision": 1690, "git_revision": "1aee8ed1eca8330cc765b711c43546e90b04ff39", "ctags": [], "hash": "81c9128f01c7b242ea106b7d86496df5", "format-version": 4, "code-base-name": "universalinit", "filename": "src/universalinit/templates/remotion/src/HelloWorld/Arc.tsx", "revision_history": [{"1690": "1aee8ed1eca8330cc765b711c43546e90b04ff39"}]}