{"is_source_file": true, "format": "Python", "description": "This file initializes a Flask application, configures CORS, sets API metadata, and registers a blueprint for health routes.", "external_files": ["flask", "flask_cors", ".routes.health", "flask_smorest"], "external_methods": ["Flask", "CORS", "Api", "app.url_map.strict_slashes", "app.config"], "published": [], "classes": [], "methods": [{"name": "Flask", "description": "Creates a new Flask application instance."}, {"name": "CORS", "description": "Enables Cross-Origin Resource Sharing on the Flask app."}, {"name": "Api", "description": "Creates an API object to wrap the Flask app for REST API support."}], "calls": ["Flask(__name__)", "CORS(app, resources={r\"/*\": {\"origins\": \"*\"}})", "Api(app)", "api.register_blueprint(blp)"], "search-terms": ["flask_app_init", "CORS_configuration", "API_config", "swagger_ui", "blueprint_registration"], "state": 2, "file_id": 345, "knowledge_revision": 1359, "git_revision": "1aee8ed1eca8330cc765b711c43546e90b04ff39", "ctags": [{"_type": "tag", "name": "api", "path": "/home/kavia/workspace/code-generation/universalinit/src/universalinit/templates/flask/app/__init__.py", "pattern": "/^api = Api(app)$/", "language": "Python", "kind": "variable"}, {"_type": "tag", "name": "app", "path": "/home/kavia/workspace/code-generation/universalinit/src/universalinit/templates/flask/app/__init__.py", "pattern": "/^app = Flask(__name__)$/", "language": "Python", "kind": "variable"}], "hash": "da3fd8f5753305c3dde1f2a956741543", "format-version": 4, "code-base-name": "universalinit", "filename": "src/universalinit/templates/flask/app/__init__.py", "fields": [{"name": "api = Api(app)", "scope": "", "scopeKind": "", "description": "unavailable"}, {"name": "app = Flask(__name__)", "scope": "", "scopeKind": "", "description": "unavailable"}], "revision_history": [{"1359": "1aee8ed1eca8330cc765b711c43546e90b04ff39"}]}