{"is_source_file": true, "format": "TypeScript/TSX", "description": "This file defines a React-like functional component named RouterHead that manages and renders the contents of the document's <head> element, pulling in document head information via hooks from the @builder.io/qwik-city library.", "external_files": ["@builder.io/qwik", "@builder.io/qwik-city"], "external_methods": ["useDocumentHead", "useLocation", "component$"], "published": ["RouterHead"], "classes": [], "methods": [{"name": "RouterHead", "description": "A functional component that renders various head elements such as title, meta tags, links, styles, and scripts based on the document head state."}], "calls": ["useDocumentHead", "useLocation", "component$"], "search-terms": ["RouterHead", "useDocumentHead", "useLocation", "Qwik", "Head component"], "state": 2, "file_id": 146, "knowledge_revision": 553, "git_revision": "bf8e83a03386cc13b14f840fc39dc9004aad1478", "ctags": [], "hash": "822ca7bb4d7b877473e28386699dbe73", "format-version": 4, "code-base-name": "universalinit", "filename": "src/universalinit/templates/qwik/src/components/router-head/router-head.tsx", "revision_history": [{"553": "bf8e83a03386cc13b14f840fc39dc9004aad1478"}]}