{"is_source_file": false, "format": "", "description": "", "external_files": [], "external_methods": [], "published": [], "classes": [], "methods": [], "calls": [], "search-terms": [], "state": 2, "file_id": 620, "knowledge_revision": 1633, "git_revision": "1aee8ed1eca8330cc765b711c43546e90b04ff39", "hash": "1ec14992e41df73077a34bc4366156c1", "format-version": 4, "code-base-name": "universalinit", "filename": "src/universalinit/templates/svelte/config.yml", "revision_history": [{"1633": "1aee8ed1eca8330cc765b711c43546e90b04ff39"}]}