{"is_source_file": true, "format": "TypeScript (TSX)", "description": "React component for footer section in a Qwik framework project, displaying a link and server time.", "external_files": ["../../../routes/layout", "./footer.module.css", "@builder.io/qwik"], "external_methods": ["useServerTimeLoader"], "published": [], "classes": [], "methods": [{"name": "component$", "description": "Creates a Qwik component that renders a footer with server time."}], "calls": ["useServerTimeLoader"], "search-terms": ["footer", "Qwik", "component$", "serverTime", "footer.module.css"], "state": 2, "file_id": 400, "knowledge_revision": 1420, "git_revision": "1aee8ed1eca8330cc765b711c43546e90b04ff39", "ctags": [], "hash": "5e83eb5470cf84aff350a45599f1b87a", "format-version": 4, "code-base-name": "universalinit", "filename": "src/universalinit/templates/qwik/src/components/starter/footer/footer.tsx", "revision_history": [{"1420": "1aee8ed1eca8330cc765b711c43546e90b04ff39"}]}