{"is_source_file": true, "format": "TypeScript React (TSX)", "description": "This file is a Next.js page component that renders a static homepage with images, links, and layout styling using Tailwind CSS classes.", "external_files": ["next/image"], "external_methods": ["Image"], "published": ["Home"], "classes": [], "methods": [{"name": "Home", "description": "React functional component rendering the homepage layout and content."}], "calls": ["Image", "Image", "Image", "Image", "Image", "Image"], "search-terms": ["Next.js", "React functional component", "Tailwind CSS", "page.tsx", "Image import"], "state": 2, "file_id": 491, "knowledge_revision": 1519, "git_revision": "1aee8ed1eca8330cc765b711c43546e90b04ff39", "ctags": [], "hash": "1717a2c38b856d93284b673ec27c8cf8", "format-version": 4, "code-base-name": "universalinit", "filename": "src/universalinit/templates/nextjs/src/app/page.tsx", "revision_history": [{"1519": "1aee8ed1eca8330cc765b711c43546e90b04ff39"}]}