{"is_source_file": true, "format": "TypeScript declaration file (.d.ts)", "description": "This file defines global interfaces within the App namespace for a SvelteKit project, but contains no concrete class, method, or variable implementations, functioning mainly as a type declaration and configuration file.", "external_files": [], "external_methods": [], "published": [], "classes": [], "methods": [], "calls": [], "search-terms": ["app.d.ts", "TypeScript declaration", "SvelteKit", "global interfaces", "App namespace"], "state": 2, "file_id": 651, "knowledge_revision": 1673, "git_revision": "1aee8ed1eca8330cc765b711c43546e90b04ff39", "ctags": [{"_type": "tag", "name": "App", "path": "/home/kavia/workspace/code-generation/universalinit/src/universalinit/templates/svelte/src/app.d.ts", "pattern": "/^\tnamespace App {$/", "language": "TypeScript", "kind": "namespace"}], "hash": "78b56494b3f78d7f9bacda13678f159e", "format-version": 4, "code-base-name": "universalinit", "filename": "src/universalinit/templates/svelte/src/app.d.ts", "revision_history": [{"1673": "1aee8ed1eca8330cc765b711c43546e90b04ff39"}]}