{"is_source_file": true, "format": "TypeScript", "description": "This file appears to be a main entry point for a web application built with Vite and TypeScript. It sets the innerHTML of a DOM element to render logos, headings, and a button, and calls a setup function for a counter.", "external_files": ["./style.css", "./typescript.svg", "/vite.svg", "./counter.ts"], "external_methods": ["setupCounter"], "published": [], "classes": [], "methods": [{"name": "setupCounter", "description": "Initializes a counter UI element, presumably attaching event listeners to the button."}], "calls": ["document.querySelector", "setupCounter"], "search-terms": ["main.ts", "Vite", "TypeScript", "setupCounter", "counter", "DOM manipulation"], "state": 2, "file_id": 489, "knowledge_revision": 1507, "git_revision": "1aee8ed1eca8330cc765b711c43546e90b04ff39", "ctags": [], "hash": "9ae7fb6d204e0434b836ab83915f60d0", "format-version": 4, "code-base-name": "universalinit", "filename": "src/universalinit/templates/typescript/src/main.ts", "revision_history": [{"1507": "1aee8ed1eca8330cc765b711c43546e90b04ff39"}]}