{"is_source_file": true, "format": "TypeScript", "description": "This file defines a Vue.js store using Pinia, implementing a counter with reactive state and a computed property.", "external_files": ["vue", "pinia"], "external_methods": ["ref", "computed", "defineStore"], "published": ["useCounterStore"], "classes": [], "methods": ["increment"], "calls": ["ref(0)", "computed(() => count.value * 2)", "count.value++"], "search-terms": ["counter", "store", "Pinia", "Vue", "reactive state"], "state": 2, "file_id": 668, "knowledge_revision": 1688, "git_revision": "1aee8ed1eca8330cc765b711c43546e90b04ff39", "ctags": [{"_type": "tag", "name": "useCounterStore", "path": "/home/kavia/workspace/code-generation/universalinit/src/universalinit/templates/vue/src/stores/counter.ts", "pattern": "/^export const useCounterStore = defineStore('counter', () => {$/", "language": "TypeScript", "kind": "constant"}], "hash": "d59fe2308d4bf67b9997286fa5adedde", "format-version": 4, "code-base-name": "universalinit", "filename": "src/universalinit/templates/vue/src/stores/counter.ts", "revision_history": [{"1688": "1aee8ed1eca8330cc765b711c43546e90b04ff39"}]}