{"is_source_file": true, "format": "TypeScript", "description": "This file configures Remotion project settings such as video image format and output options using the '@remotion/cli/config' API.", "external_files": ["@remotion/cli/config"], "external_methods": ["Config.setVideoImageFormat", "Config.setOverwriteOutput"], "published": [], "classes": [], "methods": ["Config.setVideoImageFormat", "Config.setOverwriteOutput"], "calls": ["Config.setVideoImageFormat", "Config.setOverwriteOutput"], "search-terms": ["remotion", "config", "setVideoImageFormat", "setOverwriteOutput", "remotion.config.ts"], "state": 2, "file_id": 74, "knowledge_revision": 468, "git_revision": "00438360e968053c52368fc30f636a3745488237", "ctags": [], "hash": "59c56da67f1bfdb377d7df8bd4fadc25", "format-version": 4, "code-base-name": "universalinit", "filename": "src/universalinit/templates/remotion/remotion.config.ts", "revision_history": [{"468": "00438360e968053c52368fc30f636a3745488237"}]}