{"is_source_file": true, "format": "TypeScript/TSX", "description": "Client entry point for a Remix application, responsible for hydrating the app on the client side using React. It sets up hydration with React's startTransition and hydrateRoot functions, and renders RemixBrowser within StrictMode.", "external_files": ["@remix-run/react", "react", "react-dom/client"], "external_methods": ["startTransition", "hydrateRoot"], "published": [], "classes": [], "methods": [{"name": "startTransition", "description": "React's concurrent mode function used to schedule state updates without blocking the browser."}, {"name": "hydrateRoot", "description": "React DOM method to hydrate a server-rendered React tree on the client."}], "calls": ["startTransition", "hydrateRoot"], "search-terms": ["remix", "hydrate", "entry.client", "RemixBrowser", "react-dom", "client-side hydration"], "state": 2, "file_id": 595, "knowledge_revision": 1612, "git_revision": "1aee8ed1eca8330cc765b711c43546e90b04ff39", "ctags": [], "hash": "5d53ef36a3075b464b930b7d096d41a0", "format-version": 4, "code-base-name": "universalinit", "filename": "src/universalinit/templates/remix/app/entry.client.tsx", "revision_history": [{"1612": "1aee8ed1eca8330cc765b711c43546e90b04ff39"}]}