{"is_source_file": true, "format": "TypeScript/TSX", "description": "This file is a React component for a Remix app, defining the main layout and import configurations, including external styles and meta tags.", "external_files": ["@remix-run/react", "@remix-run/node", "./tailwind.css"], "external_methods": ["LinksFunction", "Meta", "Outlet", "Scripts", "ScrollRestoration"], "published": ["links", "Layout", "App"], "classes": [], "methods": [{"name": "links", "description": "Defines external link tags, such as preconnect and stylesheet links for fonts."}, {"name": "Layout", "description": "Main layout component rendering HTML structure and including meta, links, children, and scripts."}, {"name": "App", "description": "Root component rendering the outlet for route content."}], "calls": ["Meta", "Links", "ScrollRestoration", "Scripts", "Outlet"], "search-terms": ["remix", "react", "tailwind", "layout", "app root"], "state": 2, "file_id": 585, "knowledge_revision": 1607, "git_revision": "1aee8ed1eca8330cc765b711c43546e90b04ff39", "ctags": [], "hash": "ecb43bd0ae9b4e549b896a93f472a193", "format-version": 4, "code-base-name": "universalinit", "filename": "src/universalinit/templates/remix/app/root.tsx", "revision_history": [{"1607": "1aee8ed1eca8330cc765b711c43546e90b04ff39"}]}