{"is_source_file": true, "format": "JavaScript", "description": "This file sets up custom testing matchers for Jest DOM testing library, extending Jest's assertions with DOM-specific methods. It's used for configuring the testing environment for React components.", "external_files": ["@testing-library/jest-dom"], "external_methods": [], "published": [], "classes": [], "methods": [], "calls": ["import '@testing-library/jest-dom'"], "search-terms": ["setupTests.js", "Jest DOM matchers", "React testing", "jest-dom"], "state": 2, "file_id": 519, "knowledge_revision": 1543, "git_revision": "1aee8ed1eca8330cc765b711c43546e90b04ff39", "ctags": [], "hash": "1a77571e1a8cf36018a41bcedf60db75", "format-version": 4, "code-base-name": "universalinit", "filename": "src/universalinit/templates/react/src/setupTests.js", "revision_history": [{"1543": "1aee8ed1eca8330cc765b711c43546e90b04ff39"}]}