{"is_source_file": true, "format": "JavaScript", "description": "This file defines a UI component named 'Button' using LightningJS framework, including its template, state, and input handler.", "external_files": ["@lightningjs/blits"], "external_methods": [], "published": ["Button"], "classes": [], "methods": [{"name": "template", "description": "Defines the HTML structure of the Button component, with dynamic content based on component state."}, {"name": "state", "description": "Initializes the component state with variables isFavorited, favoriteText, and unfavoriteText."}, {"name": "input", "description": "Defines input handlers, specifically toggling 'isFavorited' on 'enter' event."}], "calls": ["Blits.Component"], "search-terms": ["LightningJS", "Button component", "JSX", "template", "state", "input handler"], "state": 2, "file_id": 425, "knowledge_revision": 1443, "git_revision": "1aee8ed1eca8330cc765b711c43546e90b04ff39", "ctags": [], "hash": "937bfe439a9c9f493682f4dc71047929", "format-version": 4, "code-base-name": "universalinit", "filename": "src/universalinit/templates/lightningjs/src/components/Button.js", "revision_history": [{"1443": "1aee8ed1eca8330cc765b711c43546e90b04ff39"}]}