{"is_source_file": true, "format": "JavaScript", "description": "This file is a JavaScript source file for a NativeScript application that initializes and runs the app.", "external_files": ["@nativescript/core"], "external_methods": ["Application.run"], "published": [], "classes": [], "methods": [{"name": "Application.run", "description": "Starts the NativeScript application with the specified module."}], "calls": ["Application.run"], "search-terms": ["nativescript", "Application", "app.js", "app-root", "native mobile"], "state": 2, "file_id": 597, "knowledge_revision": 1619, "git_revision": "1aee8ed1eca8330cc765b711c43546e90b04ff39", "ctags": [], "hash": "651c6580578790950f7163c3c93eae5c", "format-version": 4, "code-base-name": "universalinit", "filename": "src/universalinit/templates/nativescript/app/app.js", "revision_history": [{"1619": "1aee8ed1eca8330cc765b711c43546e90b04ff39"}]}