{"is_source_file": true, "format": "Python", "description": "This is the main CLI script for a project initializer tool. It handles command-line argument parsing, project configuration creation, and interacts with templates to initialize various project types with specific configurations. The script also provides help messages, example usage, and integrates with a template factory to generate initialization info and output success or failure messages.", "external_files": ["universalinit.templateconfig", "universalinit.universalinit"], "external_methods": ["TemplateInitInfo", "ProjectConfig", "ProjectType.from_string", "ProjectInitializer", "ProjectInitializer().initialize_project", "ProjectInitializer().template_factory.create_template"], "published": ["main", "parse_parameters", "create_project_config", "make_path_absolute", "template_init_info_to_dict", "output_json"], "classes": [{"name": "ProjectConfig", "description": "Represents the configuration settings for the project to be initialized, including name, version, description, author, type, output path, and parameters."}, {"name": "ProjectType", "description": "Handles the project type enumeration and provides the from_string method to parse string into enum."}, {"name": "TemplateInitInfo", "description": "Contains the initialization instructions and environment settings for the project template."}], "methods": [{"name": "Dict[str,Any] parse_parameters(params_str: str)", "description": "Parses a comma-separated string of key=value pairs into a dictionary with appropriate types (bool, int, float, str).", "scope": "", "scopeKind": ""}, {"name": "ProjectConfig create_project_config(args)", "description": "Generates a ProjectConfig object from CLI arguments.", "scope": "", "scopeKind": ""}, {"name": "str make_path_absolute(path: str, base_path: Path)", "description": "Converts a relative path to an absolute path based on the project directory.", "scope": "", "scopeKind": ""}, {"name": "dict template_init_info_to_dict(init_info: TemplateInitInfo, project_path: Path)", "description": "Converts a TemplateInitInfo object into a dictionary with absolute paths for use in JSON output.", "scope": "", "scopeKind": ""}, {"name": "output_json(success: bool, message: str, template_info: TemplateInitInfo = None, project_path: Path = None)", "description": "Prints a formatted JSON result indicating success or failure, including message and template configuration.", "scope": "", "scopeKind": ""}, {"name": "main()", "description": "Entry point for executing command-line argument parsing, project initialization, and outputting results.", "scope": "", "scopeKind": ""}], "calls": ["argparse.ArgumentParser", "args = parser.parse_args", "initializer.template_factory.create_template", "template.get_init_info", "initializer.initialize_project", "output_json"], "search-terms": ["universalinit", "cli", "project configuration", "template initialization", "project type parsing", "command-line interface", "project initializer"], "state": 2, "file_id": 337, "knowledge_revision": 1372, "git_revision": "1aee8ed1eca8330cc765b711c43546e90b04ff39", "ctags": [{"_type": "tag", "name": "create_project_config", "path": "/home/kavia/workspace/code-generation/universalinit/src/universalinit/cli.py", "pattern": "/^def create_project_config(args) -> ProjectConfig:$/", "language": "Python", "typeref": "typename:ProjectConfig", "kind": "function", "signature": "(args)"}, {"_type": "tag", "name": "main", "path": "/home/kavia/workspace/code-generation/universalinit/src/universalinit/cli.py", "pattern": "/^def main():$/", "language": "Python", "kind": "function", "signature": "()"}, {"_type": "tag", "name": "make_path_absolute", "path": "/home/kavia/workspace/code-generation/universalinit/src/universalinit/cli.py", "pattern": "/^def make_path_absolute(path: str, base_path: Path) -> str:$/", "language": "Python", "typeref": "typename:str", "kind": "function", "signature": "(path: str, base_path: Path)"}, {"_type": "tag", "name": "output_json", "path": "/home/kavia/workspace/code-generation/universalinit/src/universalinit/cli.py", "pattern": "/^def output_json(success: bool, message: str, template_info: TemplateInitInfo = None, project_pat/", "language": "Python", "kind": "function", "signature": "(success: bool, message: str, template_info: TemplateInitInfo = None, project_path: Path = None)"}, {"_type": "tag", "name": "parse_parameters", "path": "/home/kavia/workspace/code-generation/universalinit/src/universalinit/cli.py", "pattern": "/^def parse_parameters(params_str: str) -> Dict[str, Any]:$/", "language": "Python", "typeref": "typename:Dict[str,Any]", "kind": "function", "signature": "(params_str: str)"}, {"_type": "tag", "name": "template_init_info_to_dict", "path": "/home/kavia/workspace/code-generation/universalinit/src/universalinit/cli.py", "pattern": "/^def template_init_info_to_dict(init_info: TemplateInitInfo, project_path: Path) -> dict:$/", "language": "Python", "typeref": "typename:dict", "kind": "function", "signature": "(init_info: TemplateInitInfo, project_path: Path)"}], "hash": "757b2e18b385e1a9f5ec0b4e7fc257e0", "format-version": 4, "code-base-name": "universalinit", "filename": "src/universalinit/cli.py", "revision_history": [{"1372": "1aee8ed1eca8330cc765b711c43546e90b04ff39"}]}