{"is_source_file": true, "format": "JavaScript Module (ESM) / ECMAScript module", "description": "This is an ESLint configuration file written in JavaScript, specifically configuring linting rules and settings for a TypeScript project using '@typescript-eslint'. It imports external ESLint configurations and plugins, and exports an array of configuration objects specifying ignore patterns, file-specific rules, parser options, and globals.", "external_files": ["@eslint/js", "@typescript-eslint/eslint-plugin", "@typescript-eslint/parser"], "external_methods": [], "published": [], "classes": [], "methods": [{"name": "default export", "description": "Exports an array of ESLint configurations that set up recommended rules, ignore patterns, TypeScript-specific parser options, plugins, and global variables."}], "calls": ["js.configs.recommended", "tseslint", "tsParser"], "search-terms": ["eslint", "typescript", "eslint.config.mjs", "typescript-eslint", "eslint plugin", "ignore patterns", "ESM configuration"], "state": 2, "file_id": 372, "knowledge_revision": 1383, "git_revision": "1aee8ed1eca8330cc765b711c43546e90b04ff39", "hash": "e07c5093c78842a4ba4667fc4b86ccee", "format-version": 4, "code-base-name": "universalinit", "filename": "src/universalinit/templates/vite/eslint.config.mjs", "revision_history": [{"1383": "1aee8ed1eca8330cc765b711c43546e90b04ff39"}]}