{"is_source_file": true, "format": "TypeScript / TSX", "description": "This file defines the React component 'RemotionRoot' that sets up multiple 'Composition' entries in a Remotion project, referencing imported components and schemas for video rendering.", "external_files": ["./HelloWorld", "./HelloWorld/Logo"], "external_methods": ["Composition"], "published": [], "classes": [], "methods": [{"name": "RemotionRoot", "description": "React functional component that returns Composition components for rendering videos."}], "calls": ["React.FC", "Composition", "HelloWorld", "Logo"], "search-terms": ["RemotionRoot", "Composition", "HelloWorld", "Logo", "React.FC", "tsx", "video composition"], "state": 2, "file_id": 543, "knowledge_revision": 1561, "git_revision": "1aee8ed1eca8330cc765b711c43546e90b04ff39", "ctags": [], "hash": "e7dd365e19e3e2c921953e942d5e0cad", "format-version": 4, "code-base-name": "universalinit", "filename": "src/universalinit/templates/remotion/src/Root.tsx", "revision_history": [{"1561": "1aee8ed1eca8330cc765b711c43546e90b04ff39"}]}