{"is_source_file": true, "format": "TypeScript", "description": "This file defines server-side application configuration for an Angular project using Angular's core and platform-server modules. It imports configuration utilities, creates a server-specific config object with providers for server rendering, and merges it with the existing application configuration.", "external_files": ["@angular/core", "@angular/platform-server", "./app.config"], "external_methods": ["mergeApplicationConfig", "provideServerRendering"], "published": ["config"], "classes": [], "methods": [{"name": "mergeApplicationConfig", "description": "Merges two ApplicationConfig objects into a single combined configuration."}, {"name": "provideServerRendering", "description": "Provides server rendering capabilities in the application configuration."}], "calls": ["provideServerRendering()", "mergeApplicationConfig(appConfig, serverConfig)"], "search-terms": ["Angular server config", "app.config.server", "ApplicationConfig", "mergeApplicationConfig", "provideServerRendering"], "state": 2, "file_id": 623, "knowledge_revision": 1651, "git_revision": "1aee8ed1eca8330cc765b711c43546e90b04ff39", "ctags": [{"_type": "tag", "name": "config", "path": "/home/kavia/workspace/code-generation/universalinit/src/universalinit/templates/angular/src/app/app.config.server.ts", "pattern": "/^export const config = mergeApplicationConfig(appConfig, serverConfig);$/", "language": "TypeScript", "kind": "constant"}, {"_type": "tag", "name": "serverConfig", "path": "/home/kavia/workspace/code-generation/universalinit/src/universalinit/templates/angular/src/app/app.config.server.ts", "pattern": "/^const serverConfig: ApplicationConfig = {$/", "language": "TypeScript", "kind": "constant"}], "hash": "9fcafd12104018b7fb74bad3e42a1977", "format-version": 4, "code-base-name": "universalinit", "filename": "src/universalinit/templates/angular/src/app/app.config.server.ts", "revision_history": [{"1651": "1aee8ed1eca8330cc765b711c43546e90b04ff39"}]}