{"is_source_file": true, "format": "JavaScript (Vite config)", "description": "Configuration script for Vite build tool tailored for a LightningJS project, defining build settings, plugins, server options, and worker configuration.", "external_files": ["@lightningjs/blits/vite"], "external_methods": ["defineConfig"], "published": [], "classes": [], "methods": [{"name": "defineConfig", "description": "Main function to define Vite configuration, accepting a function with command, mode, and ssrBuild parameters."}], "calls": ["defineConfig"], "search-terms": ["vite", "lightningjs", "universalinit", "vite.config.js", "build configuration", "plugins", "server setup", "worker format"], "state": 2, "file_id": 434, "knowledge_revision": 1451, "git_revision": "1aee8ed1eca8330cc765b711c43546e90b04ff39", "ctags": [], "hash": "8acdac9175269e76719fddf670b22d2f", "format-version": 4, "code-base-name": "universalinit", "filename": "src/universalinit/templates/lightningjs/vite.config.js", "revision_history": [{"1451": "1aee8ed1eca8330cc765b711c43546e90b04ff39"}]}