{"is_source_file": true, "format": "TypeScript / JSX", "description": "A Qwik component implementing a counter interface with increment and decrement buttons, using signals for state management.", "external_files": ["../gauge", "./counter.module.css"], "external_methods": ["component$", "useSignal", "$"], "published": [], "classes": [], "methods": [{"name": "setCount", "description": "Function to update the counter value with boundary checks."}], "calls": ["component$", "useSignal", "$", "Gauge"], "search-terms": ["Qwik component", "Counter", "useSignal", "increment decrement", "counter wrapper", "counter.tsx"], "state": 2, "file_id": 592, "knowledge_revision": 1613, "git_revision": "1aee8ed1eca8330cc765b711c43546e90b04ff39", "ctags": [], "hash": "9cb6f3c1705c3f86967978f57dd2d308", "format-version": 4, "code-base-name": "universalinit", "filename": "src/universalinit/templates/qwik/src/components/starter/counter/counter.tsx", "revision_history": [{"1613": "1aee8ed1eca8330cc765b711c43546e90b04ff39"}]}