{"is_source_file": false, "format": "", "description": "", "external_files": [], "external_methods": [], "published": [], "classes": [], "methods": [], "calls": [], "search-terms": [], "state": 2, "file_id": 420, "knowledge_revision": 1434, "git_revision": "1aee8ed1eca8330cc765b711c43546e90b04ff39", "hash": "f3763571c97a5a9168b17e220e24ca4a", "format-version": 4, "code-base-name": "universalinit", "filename": "src/universalinit/templates/lightningjs/package.json", "revision_history": [{"1434": "1aee8ed1eca8330cc765b711c43546e90b04ff39"}]}