{"is_source_file": true, "format": "Python", "description": "This Python script defines a Django management command that generates an OpenAPI schema using drf_yasg and saves it to a JSON file.", "external_files": ["json", "os", "django.core.management.base.BaseCommand", "django.test.RequestFactory", "drf_yasg.openapi", "drf_yasg.views.get_schema_view", "rest_framework.permissions.AllowAny"], "external_methods": ["get_schema_view", "RequestFactory.get", "response.render", "json.loads", "json.dump", "os.makedirs", "os.path.join"], "published": [], "classes": [{"name": "Command", "description": "A Django management command that generates and saves an OpenAPI schema."}], "methods": [{"name": "handle(self, *args, **options)", "description": "Generates the OpenAPI schema using drf_yasg, renders the response, parses the schema, and saves it as a JSON file.", "scope": "Command", "scopeKind": "class"}], "calls": ["RequestFactory()", "factory.get('/api/?format=openapi')", "get_schema_view(...)", "schema_view.without_ui(cache_timeout=0)(django_request)", "response.render()", "json.loads(response.content.decode())", "os.makedirs(output_dir, exist_ok=True)", "json.dump(openapi_schema, f, indent=2)"], "search-terms": ["generate_openapi", "drf_yasg", "schema_view", "OpenAPI schema", "Django management command"], "state": 2, "file_id": 441, "knowledge_revision": 1463, "git_revision": "1aee8ed1eca8330cc765b711c43546e90b04ff39", "ctags": [{"_type": "tag", "name": "Command", "path": "/home/kavia/workspace/code-generation/universalinit/src/universalinit/templates/django/api/management/commands/generate_openapi.py", "pattern": "/^class Command(BaseCommand):$/", "language": "Python", "kind": "class"}, {"_type": "tag", "name": "handle", "path": "/home/kavia/workspace/code-generation/universalinit/src/universalinit/templates/django/api/management/commands/generate_openapi.py", "pattern": "/^    def handle(self, *args, **options):$/", "language": "Python", "kind": "member", "signature": "(self, *args, **options)", "scope": "Command", "scopeKind": "class"}], "hash": "ecbef1ab975654f383ec74e3c38d3bd0", "format-version": 4, "code-base-name": "universalinit", "filename": "src/universalinit/templates/django/api/management/commands/generate_openapi.py", "revision_history": [{"1463": "1aee8ed1eca8330cc765b711c43546e90b04ff39"}]}