{"is_source_file": true, "format": "TypeScript (TSX)", "description": "This file defines a layout component for a web application using the Qwik framework. It includes imports, a server-side cache control handler, a server data loader, and a component that renders a header, footer, and slot for nested content.", "external_files": ["../components/starter/header/header", "../components/starter/footer/footer", "./styles.css"], "external_methods": ["cacheControl", "routeLoader$", "component$", "useStyles$"], "published": ["onGet", "useServerTimeLoader"], "classes": [], "methods": [{"name": "onGet", "description": "Handles GET requests, setting cache control headers for performance optimization."}, {"name": "useServerTimeLoader", "description": "Loads the current server time, formatted as ISO string, for use in the component."}], "calls": ["cacheControl", "routeLoader$", "component$", "useStyles$"], "search-terms": ["Qwik layout component", "cache control handler", "server loader", "TSX React-like component", "Qwik server-side rendering"], "state": 2, "file_id": 515, "knowledge_revision": 1534, "git_revision": "1aee8ed1eca8330cc765b711c43546e90b04ff39", "ctags": [], "hash": "a2a9cade445a753cf96a48b1a0f2cd34", "format-version": 4, "code-base-name": "universalinit", "filename": "src/universalinit/templates/qwik/src/routes/layout.tsx", "revision_history": [{"1534": "1aee8ed1eca8330cc765b711c43546e90b04ff39"}]}