{"is_source_file": true, "format": "TypeScript/TSX", "description": "This file defines a React-like functional component using Qwik framework to render a gauge widget with visual and value display.", "external_files": ["@builder.io/qwik", "./gauge.module.css"], "external_methods": ["component$"], "published": [], "classes": [], "methods": [{"name": "default", "description": "A Qwik component that displays a gauge with a value, rendering SVG graphics and styling."}], "calls": ["component$"], "search-terms": ["Gauge", "Qwik", "component$", "svg", "linearGradient", "stroke-dasharray", "template", "gauge visualization"], "state": 2, "file_id": 568, "knowledge_revision": 1590, "git_revision": "1aee8ed1eca8330cc765b711c43546e90b04ff39", "ctags": [], "hash": "27f4579126cf32b622a56b0aff87aafc", "format-version": 4, "code-base-name": "universalinit", "filename": "src/universalinit/templates/qwik/src/components/starter/gauge/index.tsx", "revision_history": [{"1590": "1aee8ed1eca8330cc765b711c43546e90b04ff39"}]}