{"is_source_file": false, "format": "", "description": "", "external_files": [], "external_methods": [], "published": [], "classes": [], "methods": [], "calls": [], "search-terms": [], "state": 2, "file_id": 473, "knowledge_revision": 1486, "git_revision": "1aee8ed1eca8330cc765b711c43546e90b04ff39", "hash": "e6692c25853b80b6ebb8a113b5470a5b", "format-version": 4, "code-base-name": "universalinit", "filename": "src/universalinit/templates/nextjs/package.json", "revision_history": [{"1486": "1aee8ed1eca8330cc765b711c43546e90b04ff39"}]}