{"is_source_file": false, "format": null, "description": "", "external_files": [], "external_methods": [], "published": [], "classes": [], "methods": [], "calls": [], "search-terms": [], "state": 2, "file_id": 478, "knowledge_revision": 1494, "git_revision": "1aee8ed1eca8330cc765b711c43546e90b04ff39", "hash": "7a460527355730b4a42d2a426e660db7", "format-version": 4, "code-base-name": "universalinit", "filename": "src/universalinit/templates/nativescript/App_Resources/Android/src/main/res/values-v21/colors.xml", "revision_history": [{"1494": "1aee8ed1eca8330cc765b711c43546e90b04ff39"}]}