{"is_source_file": true, "format": "JavaScript", "description": "This file sets up testing configurations for a React application, including importing custom jest matchers from the '@testing-library/jest-dom' library.", "external_files": ["@testing-library/jest-dom"], "external_methods": [], "published": [], "classes": [], "methods": [], "calls": ["import '@testing-library/jest-dom'"], "search-terms": ["setupTests.js", "jest-dom", "testing-library", "React", "test"], "state": 2, "file_id": 431, "knowledge_revision": 1450, "git_revision": "1aee8ed1eca8330cc765b711c43546e90b04ff39", "ctags": [], "hash": "1a77571e1a8cf36018a41bcedf60db75", "format-version": 4, "code-base-name": "universalinit", "filename": "src/universalinit/templates/react/src/setupTests.js", "revision_history": [{"1450": "1aee8ed1eca8330cc765b711c43546e90b04ff39"}]}