{"is_source_file": false, "format": "", "description": "", "external_files": [], "external_methods": [], "published": [], "classes": [], "methods": [], "calls": [], "search-terms": ["Component State", "Blits.Component", "state()", "component state", "template", "accessing state"], "state": 2, "file_id": 399, "knowledge_revision": 1414, "git_revision": "1aee8ed1eca8330cc765b711c43546e90b04ff39", "hash": "c6ae627564e79470228b3563a56bc33e", "format-version": 4, "code-base-name": "universalinit", "filename": "src/universalinit/templates/lightningjs/docs/components_component_state.md", "revision_history": [{"1414": "1aee8ed1eca8330cc765b711c43546e90b04ff39"}]}