{"is_source_file": false, "format": null, "description": "", "external_files": [], "external_methods": [], "published": [], "classes": [], "methods": [], "calls": [], "search-terms": [], "state": 2, "file_id": 380, "knowledge_revision": 1391, "git_revision": "1aee8ed1eca8330cc765b711c43546e90b04ff39", "hash": "ebece526bc2eadd78ddd787a76c56607", "format-version": 4, "code-base-name": "universalinit", "filename": "src/universalinit/templates/react/README.md", "revision_history": [{"1391": "1aee8ed1eca8330cc765b711c43546e90b04ff39"}]}