{"is_source_file": true, "file_id": 78, "git_revision": "2028ea7a4a4843e6263708f2139ded60b9650606", "state": 2, "description": "", "external_files": [], "external_methods": [], "published": [], "classes": [], "methods": [], "calls": [], "search-terms": [], "ctags": [], "hash": null, "format-version": 4, "code-base-name": "universalinit", "filename": "src/universalinit/templates/django/config/__init__.py", "knowledge_revision": 470, "revision_history": [{"470": "2028ea7a4a4843e6263708f2139ded60b9650606"}]}