{"is_source_file": true, "file_id": 586, "git_revision": "1aee8ed1eca8330cc765b711c43546e90b04ff39", "state": 1, "description": "", "external_files": [], "external_methods": [], "published": [], "classes": [], "methods": [], "calls": [], "search-terms": [], "ctags": [{"_type": "tag", "name": "app", "path": "/home/kavia/workspace/code-generation/universalinit/src/universalinit/templates/vue/src/main.ts", "pattern": "/^const app = createApp(App)$/", "language": "TypeScript", "kind": "constant"}], "format": "TypeScript", "hash": "787582f2e0c8ceb362a78df92c25daaa", "format-version": 4, "code-base-name": "universalinit", "filename": "src/universalinit/templates/vue/src/main.ts", "knowledge_revision": 1259}