{"is_source_file": true, "format": "JavaScript (ES Module, .mjs)", "description": "This file configures ESLint, a static code analysis tool, for a project that uses JavaScript and TypeScript. It imports recommended ESLint configurations, specifies files to ignore, and includes specific rules and parser options for JavaScript and TypeScript files.", "external_files": ["@eslint/js", "globals", "typescript-eslint"], "external_methods": ["js.configs.recommended", "tseslint.configs.recommended", "tseslint.parser"], "published": [], "classes": [], "methods": [], "calls": ["js.configs.recommended", "tseslint.configs.recommended", "tseslint.parser"], "search-terms": ["eslint", "eslint.config.mjs", "TypeScript", "rules", "config", "ignores", "parserOptions", "recommended"], "state": 2, "file_id": 662, "knowledge_revision": 1677, "git_revision": "1aee8ed1eca8330cc765b711c43546e90b04ff39", "hash": "6bbf88a99fa9b1a0d3b508e69c6e2f4f", "format-version": 4, "code-base-name": "universalinit", "filename": "src/universalinit/templates/nuxt/eslint.config.mjs", "revision_history": [{"1677": "1aee8ed1eca8330cc765b711c43546e90b04ff39"}]}