{"is_source_file": false, "format": "", "description": "", "external_files": [], "external_methods": [], "published": [], "classes": [], "methods": [], "calls": [], "search-terms": ["Blits.Component", "Component configuration object", "props", "hooks", "input", "template", "state", "methods", "Lightningjs", "components"], "state": 2, "file_id": 420, "knowledge_revision": 1435, "git_revision": "1aee8ed1eca8330cc765b711c43546e90b04ff39", "hash": "0151f8d718a770d23098101db89dc2d0", "format-version": 4, "code-base-name": "universalinit", "filename": "src/universalinit/templates/lightningjs/docs/essentials_components.md", "revision_history": [{"1435": "1aee8ed1eca8330cc765b711c43546e90b04ff39"}]}