{"is_source_file": true, "format": "TypeScript", "description": "Configuration file for NativeScript application, exporting default settings such as app identifiers, paths, and Android-specific configurations.", "external_files": ["@nativescript/core"], "external_methods": [], "published": ["default"], "classes": [], "methods": [], "calls": ["Object.assign", "Object as NativeScriptConfig"], "search-terms": ["nativescript.config", "NativeScriptConfig", "appPath", "appResourcesPath", "android", "v8Flags", "markingMode"], "state": 2, "file_id": 627, "knowledge_revision": 1648, "git_revision": "1aee8ed1eca8330cc765b711c43546e90b04ff39", "ctags": [], "hash": "1fbf0bfa12419a9e75771b468121e14c", "format-version": 4, "code-base-name": "universalinit", "filename": "src/universalinit/templates/nativescript/nativescript.config.ts", "revision_history": [{"1648": "1aee8ed1eca8330cc765b711c43546e90b04ff39"}]}