{"is_source_file": true, "format": "TypeScript with JSX (Qwik Framework)", "description": "This file is a source code file for a Qwik framework-based web application. It defines the root component that sets up the app's provider, head elements, and routing outlet.", "external_files": ["@builder.io/qwik", "@builder.io/qwik", "@builder.io/qwik-city", "./components/router-head/router-head"], "external_methods": ["component$", "isDev"], "published": [], "classes": [], "methods": [{"name": "<anonymous>", "description": "The default exported component that renders the app's root structure."}], "calls": ["component$", "isDev", "QwikCityProvider", "RouterHead", "ServiceWorkerRegister", "RouterOutlet"], "search-terms": ["QwikCityProvider", "src/root.tsx", "component$", "router-head", "service worker", "global.css", "manifest.json"], "state": 2, "file_id": 608, "knowledge_revision": 1634, "git_revision": "1aee8ed1eca8330cc765b711c43546e90b04ff39", "ctags": [], "hash": "9bbf0df29be90ef336ed559eb7c371c7", "format-version": 4, "code-base-name": "universalinit", "filename": "src/universalinit/templates/qwik/src/root.tsx", "revision_history": [{"1634": "1aee8ed1eca8330cc765b711c43546e90b04ff39"}]}