{"is_source_file": false, "format": "", "description": "", "external_files": [], "external_methods": [], "published": [], "classes": [], "methods": [], "calls": [], "search-terms": [], "state": 2, "file_id": 456, "knowledge_revision": 1466, "git_revision": "1aee8ed1eca8330cc765b711c43546e90b04ff39", "hash": "5f6ac400254ae78f846c01e589ea110c", "format-version": 4, "code-base-name": "universalinit", "filename": "src/universalinit/templates/vue/src/assets/main.css", "revision_history": [{"1466": "1aee8ed1eca8330cc765b711c43546e90b04ff39"}]}