{"is_source_file": false, "format": "", "description": "", "external_files": [], "external_methods": [], "published": [], "classes": [], "methods": [], "calls": [], "search-terms": [], "state": 2, "file_id": 638, "knowledge_revision": 1650, "git_revision": "1aee8ed1eca8330cc765b711c43546e90b04ff39", "hash": "e3bfb18bbecba47fce727969b11fa6d4", "format-version": 4, "code-base-name": "universalinit", "filename": "src/universalinit/templates/mysql/config.yml", "revision_history": [{"1650": "1aee8ed1eca8330cc765b711c43546e90b04ff39"}]}