{"is_source_file": true, "format": "TypeScript/TSX", "description": "A React functional component that renders a subtitle with animated opacity based on the current frame, used within a remotion video rendering context.", "external_files": ["./constants"], "external_methods": ["useCurrentFrame()", "interpolate()"], "published": ["Subtitle"], "classes": [], "methods": [], "calls": ["useCurrentFrame", "interpolate"], "search-terms": ["Subtitle", "remotion", "React.FC", "animation", "frame", "opacity", "subtitle"], "state": 2, "file_id": 64, "knowledge_revision": 458, "git_revision": "94781c9538a488e1e0d0eedb4c9b28700e40616c", "ctags": [], "hash": "a4a6f5bec7582a30b3d43db862a5acf7", "format-version": 4, "code-base-name": "universalinit", "filename": "src/universalinit/templates/remotion/src/HelloWorld/Subtitle.tsx", "revision_history": [{"458": "94781c9538a488e1e0d0eedb4c9b28700e40616c"}]}