{"is_source_file": false, "format": "", "description": "", "external_files": [], "external_methods": [], "published": [], "classes": [], "methods": [], "calls": [], "search-terms": [], "state": 2, "file_id": 521, "knowledge_revision": 1534, "git_revision": "1aee8ed1eca8330cc765b711c43546e90b04ff39", "hash": "20552b4b0f91d72bbf19051b78b2aff5", "format-version": 4, "code-base-name": "universalinit", "filename": "src/universalinit/templates/nextjs/src/app/globals.css", "revision_history": [{"1534": "1aee8ed1eca8330cc765b711c43546e90b04ff39"}]}