{"is_source_file": true, "format": "bash shell script", "description": "A startup script for initializing and managing a PostgreSQL server instance, including database and user setup, permissions, and verification.", "external_files": ["/usr/lib/postgresql/{version}/bin/pg_isready", "/usr/lib/postgresql/{version}/bin/initdb", "/usr/lib/postgresql/{version}/bin/postgres", "/usr/lib/postgresql/{version}/bin/psql", "/usr/lib/postgresql/{version}/bin/createdb"], "external_methods": ["ls", "sleep", "pgrep", "cat"], "published": ["db_connection.txt", "db_visualizer/postgres.env"], "classes": [], "methods": [], "calls": ["ls", "head", "sudo", "pg_isready", "psql", "initdb", "postgres", "createdb", "cat", "sleep", "pgrep", "echo", "sed"], "search-terms": ["PostgreSQL startup", "database initialization script", "PostgreSQL permission setup", "database connection string", "pg_isready check"], "state": 2, "file_id": 385, "knowledge_revision": 1399, "git_revision": "1aee8ed1eca8330cc765b711c43546e90b04ff39", "hash": "3664b8e1a9d0acb09ef2cd72feece193", "format-version": 4, "code-base-name": "universalinit", "filename": "src/universalinit/templates/postgresql/startup.sh", "revision_history": [{"1399": "1aee8ed1eca8330cc765b711c43546e90b04ff39"}]}