{"is_source_file": false, "format": "", "description": "", "external_files": [], "external_methods": [], "published": [], "classes": [], "methods": [], "calls": [], "search-terms": [], "state": 2, "file_id": 492, "knowledge_revision": 1505, "git_revision": "1aee8ed1eca8330cc765b711c43546e90b04ff39", "hash": "534e71f8307352f3890608acfaaf74bc", "format-version": 4, "code-base-name": "universalinit", "filename": "src/universalinit/templates/remotion/package.json", "revision_history": [{"1505": "1aee8ed1eca8330cc765b711c43546e90b04ff39"}]}