{"is_source_file": false, "format": "", "description": "", "external_files": [], "external_methods": [], "published": [], "classes": [], "methods": [], "calls": [], "search-terms": ["Transitions", "transitions_animations_transitions.md", "lightningjs", "transition", "reactive", "animation", "smoothed", "transition object", "transition events", "transition customization", "CSS-like transitions", "animations", "tutorial", "API"], "state": 2, "file_id": 373, "knowledge_revision": 1390, "git_revision": "1aee8ed1eca8330cc765b711c43546e90b04ff39", "hash": "c0714a9935b24e3978d24c313505ee08", "format-version": 4, "code-base-name": "universalinit", "filename": "src/universalinit/templates/lightningjs/docs/transitions_animations_transitions.md", "revision_history": [{"1390": "1aee8ed1eca8330cc765b711c43546e90b04ff39"}]}