{"is_source_file": false, "format": "", "description": "", "external_files": [], "external_methods": [], "published": [], "classes": [], "methods": [], "calls": [], "search-terms": [], "state": 2, "file_id": 511, "knowledge_revision": 1519, "git_revision": "1aee8ed1eca8330cc765b711c43546e90b04ff39", "hash": "c76de7be62176ad59b1c94c9d58e6e55", "format-version": 4, "code-base-name": "universalinit", "filename": "src/universalinit/templates/remix/README.md", "revision_history": [{"1519": "1aee8ed1eca8330cc765b711c43546e90b04ff39"}]}