{"is_source_file": false, "format": "", "description": "", "external_files": [], "external_methods": [], "published": [], "classes": [], "methods": [], "calls": [], "search-terms": [], "state": 2, "file_id": 478, "knowledge_revision": 1492, "git_revision": "1aee8ed1eca8330cc765b711c43546e90b04ff39", "hash": "df655eb460551faf2825b56a9dbf49be", "format-version": 4, "code-base-name": "universalinit", "filename": "src/universalinit/templates/vue/index.html", "revision_history": [{"1492": "1aee8ed1eca8330cc765b711c43546e90b04ff39"}]}