{"is_source_file": false, "format": "", "description": "", "external_files": [], "external_methods": [], "published": [], "classes": [], "methods": [], "calls": [], "search-terms": [], "state": 2, "file_id": 376, "knowledge_revision": 1386, "git_revision": "1aee8ed1eca8330cc765b711c43546e90b04ff39", "hash": "1f995973cb33665ea38f391149cec898", "format-version": 4, "code-base-name": "universalinit", "filename": "src/universalinit/templates/lightningjs/docs/built-in_layout.md", "revision_history": [{"1386": "1aee8ed1eca8330cc765b711c43546e90b04ff39"}]}