{"is_source_file": false, "format": "", "description": "", "external_files": [], "external_methods": [], "published": [], "classes": [], "methods": [], "calls": [], "search-terms": [], "state": 2, "file_id": 160, "knowledge_revision": 547, "git_revision": "7e388975b683da092b6a8eca5dacdb60fc48c074", "hash": "836b747d13f9ed5951c42ca4f7b3ba76", "format-version": 4, "code-base-name": "universalinit", "filename": "src/universalinit/templates/android/init_script.sh", "revision_history": [{"547": "7e388975b683da092b6a8eca5dacdb60fc48c074"}]}