{"is_source_file": true, "format": "TypeScript declaration file (.d.ts)", "description": "TypeScript declaration file for SvelteKit application, defining global namespace interfaces for the App namespace.", "external_files": [], "external_methods": [], "published": ["App"], "classes": [], "methods": [], "calls": [], "search-terms": ["app.d.ts", "TypeScript", "SvelteKit", "global namespace", "interface App"], "state": 2, "file_id": 421, "knowledge_revision": 1447, "git_revision": "1aee8ed1eca8330cc765b711c43546e90b04ff39", "ctags": [{"_type": "tag", "name": "App", "path": "/home/kavia/workspace/code-generation/universalinit/src/universalinit/templates/svelte/src/app.d.ts", "pattern": "/^\tnamespace App {$/", "language": "TypeScript", "kind": "namespace"}], "hash": "78b56494b3f78d7f9bacda13678f159e", "format-version": 4, "code-base-name": "universalinit", "filename": "src/universalinit/templates/svelte/src/app.d.ts", "revision_history": [{"1447": "1aee8ed1eca8330cc765b711c43546e90b04ff39"}]}