{"is_source_file": true, "format": "JavaScript module (ESM)", "description": "ESLint configuration file that specifies linter rules and settings for TypeScript and JavaScript files in the project.", "external_files": ["@typescript-eslint/eslint-plugin", "@typescript-eslint/parser"], "external_methods": [], "published": [], "classes": [], "methods": [], "calls": ["import typescript from '@typescript-eslint/eslint-plugin'", "import tsParser from '@typescript-eslint/parser'"], "search-terms": ["eslint", "eslint.config.mjs", "typescript-eslint", "eslint rules", "plugin configuration", "typeScript", "JavaScript", "ES6 modules"], "state": 2, "file_id": 372, "knowledge_revision": 1387, "git_revision": "1aee8ed1eca8330cc765b711c43546e90b04ff39", "hash": "02cd7331bca35b47f30dcc5eb38213b4", "format-version": 4, "code-base-name": "universalinit", "filename": "src/universalinit/templates/remotion/eslint.config.mjs", "revision_history": [{"1387": "1aee8ed1eca8330cc765b711c43546e90b04ff39"}]}