{"is_source_file": true, "format": "TypeScript (TSX)", "description": "This file defines the main route component for a Qwik-based web application, containing imported components and JSX markup that structures the homepage content, including hero, counter, infoboxes, and navigation links.", "external_files": ["../components/starter/counter/counter", "../components/starter/hero/hero", "../components/starter/infobox/infobox", "../components/starter/next-steps/next-steps", "@builder.io/qwik", "@builder.io/qwik-city"], "external_methods": ["component$"], "published": ["head"], "classes": [], "methods": [{"name": "default", "description": "Default component$ function rendering the homepage content."}, {"name": "head", "description": "Defines the document head data such as title and meta tags."}], "calls": ["component$", "Counter", "Hero", "Infobox", "head"], "search-terms": ["Qwik route component", "index.tsx", "homepage layout", "Counter component", "Infobox usage", "Qwik Hero component", "head metadata"], "state": 2, "file_id": 598, "knowledge_revision": 1622, "git_revision": "1aee8ed1eca8330cc765b711c43546e90b04ff39", "ctags": [], "hash": "393ef3f8baffb6f954dc12583ec00959", "format-version": 4, "code-base-name": "universalinit", "filename": "src/universalinit/templates/qwik/src/routes/index.tsx", "revision_history": [{"1622": "1aee8ed1eca8330cc765b711c43546e90b04ff39"}]}