{"is_source_file": true, "format": "JavaScript", "description": "This source file defines a function for initializing the 'Home' page in a NativeScript application, setting up the view model during navigation.", "external_files": ["./home-view-model"], "external_methods": ["HomeViewModel"], "published": [], "classes": [], "methods": [{"name": "onNavigatingTo(args)", "description": "Event handler called when navigating to the page; sets up the binding context with a new HomeViewModel instance.", "scope": "", "scopeKind": ""}], "calls": ["new HomeViewModel"], "search-terms": ["nativescript", "home-page", "navigation", "viewmodel", "bindingContext", "onNavigatingTo", "home-view-model"], "state": 2, "file_id": 533, "knowledge_revision": 1557, "git_revision": "1aee8ed1eca8330cc765b711c43546e90b04ff39", "ctags": [{"_type": "tag", "name": "onNavigatingTo", "path": "/home/kavia/workspace/code-generation/universalinit/src/universalinit/templates/nativescript/app/home/home-page.js", "pattern": "/^export function onNavigatingTo(args) {$/", "language": "JavaScript", "kind": "function", "signature": "(args)"}], "hash": "c73fa2a2554cc1c125b9f2ab5a64132c", "format-version": 4, "code-base-name": "universalinit", "filename": "src/universalinit/templates/nativescript/app/home/home-page.js", "revision_history": [{"1557": "1aee8ed1eca8330cc765b711c43546e90b04ff39"}]}