{"is_source_file": false, "format": "", "description": "", "external_files": [], "external_methods": [], "published": [], "classes": [], "methods": [], "calls": [], "search-terms": ["router_transitions", "pageTransition", "transition", "route", "out", "in", "before", "properties", "animation", "page transition"], "state": 2, "file_id": 543, "knowledge_revision": 1561, "git_revision": "1aee8ed1eca8330cc765b711c43546e90b04ff39", "hash": "ad660910aeee4eb9590f53a9b9247342", "format-version": 4, "code-base-name": "universalinit", "filename": "src/universalinit/templates/lightningjs/docs/router_transitions.md", "revision_history": [{"1561": "1aee8ed1eca8330cc765b711c43546e90b04ff39"}]}