{"is_source_file": true, "format": "TypeScript/TSX", "description": "A React-like Qwik component for a hero section with styling, image, and a celebration button with confetti effect.", "external_files": ["./hero.module.css", "../../../media/thunder.png?jsx", "https://cdn.jsdelivr.net/npm/canvas-confetti@1.5.1/dist/confetti.browser.min.js"], "external_methods": ["component$"], "published": [], "classes": [], "methods": [{"name": "shoot", "description": "Triggers multiple confetti bursts with specified defaults."}], "calls": ["component$", "document.createElement", "document.head.appendChild", "script.onload", "script.onerror", "setTimeout", "(globalThis as any).confetti"], "search-terms": ["Qwik component", "confetti", "hero section", "celebration button", "lazy-loaded external script"], "state": 2, "file_id": 396, "knowledge_revision": 1422, "git_revision": "1aee8ed1eca8330cc765b711c43546e90b04ff39", "ctags": [], "hash": "42d45447efa998ad31a8bf6cd455b5c1", "format-version": 4, "code-base-name": "universalinit", "filename": "src/universalinit/templates/qwik/src/components/starter/hero/hero.tsx", "revision_history": [{"1422": "1aee8ed1eca8330cc765b711c43546e90b04ff39"}]}