{"is_source_file": true, "format": "Python", "description": "Django URL configuration for the API endpoints, defining the URL pattern for the health check.", "external_files": ["django.urls", ".views"], "external_methods": ["django.urls.path", "health"], "published": [], "classes": [], "methods": [{"name": "health", "description": "View function handling the 'health/' URL endpoint, indicating application's health status."}], "calls": ["django.urls.path", ".views.health"], "search-terms": ["django", "urls", "api", "health", "path"], "state": 2, "file_id": 380, "knowledge_revision": 1395, "git_revision": "1aee8ed1eca8330cc765b711c43546e90b04ff39", "ctags": [{"_type": "tag", "name": "urlpatterns", "path": "/home/kavia/workspace/code-generation/universalinit/src/universalinit/templates/django/api/urls.py", "pattern": "/^urlpatterns = [$/", "language": "Python", "kind": "variable"}], "hash": "b0c92d4c1f622aa361c1fb5a0594d5d6", "format-version": 4, "code-base-name": "universalinit", "filename": "src/universalinit/templates/django/api/urls.py", "fields": [{"name": "urlpatterns = [", "scope": "", "scopeKind": "", "description": "unavailable"}], "revision_history": [{"1395": "1aee8ed1eca8330cc765b711c43546e90b04ff39"}]}