{"is_source_file": true, "format": "JavaScript", "description": "This file is an entry point for a frontend web application using Vite. It imports styles, images, and a setup function, then populates the page with HTML content and initializes a counter.", "external_files": ["./style.css", "./javascript.svg", "/vite.svg", "./counter.js"], "external_methods": ["setupCounter"], "published": [], "classes": [], "methods": [{"name": "setupCounter", "description": "Initializes a counter button element, likely attaching event listeners for incrementing the counter."}], "calls": ["setupCounter(document.querySelector('#counter'))"], "search-terms": ["Vite", "main.js", "counter", "import", "DOM manipulation", "JavaScript entry point", "frontend", "initialization"], "state": 2, "file_id": 543, "knowledge_revision": 1566, "git_revision": "1aee8ed1eca8330cc765b711c43546e90b04ff39", "ctags": [], "hash": "de692c7004bd5381710c3a0b68a7bb3e", "format-version": 4, "code-base-name": "universalinit", "filename": "src/universalinit/templates/vite/src/main.js", "revision_history": [{"1566": "1aee8ed1eca8330cc765b711c43546e90b04ff39"}]}