{"is_source_file": true, "format": "bash/shell script", "description": "This script automates the creation of an Android project scaffold, including directory structure, build files, manifest, main activity, layout, and resources. It handles parameter parsing for SDK versions and Gradle version, sets up placeholders, and prepares the project for development.", "external_files": ["gradle/wrapper/gradle-wrapper.jar", "gradle/wrapper/gradle-wrapper.properties", "settings.gradle", "build.gradle", "app/build.gradle", "app/src/main/AndroidManifest.xml", "app/src/main/java/<package_path>/MainActivity.java", "app/src/main/res/layout/activity_main.xml", "app/src/main/res/values/strings.xml", "gradle.properties", "gradlew"], "external_methods": ["curl"], "published": ["PROJECT_NAME", "PACKAGE_NAME", "MIN_SDK", "TARGET_SDK", "COMPILE_SDK", "GRADLE_VERSION"], "classes": [], "methods": [], "calls": ["echo", "mkdir", "sed", "tr", "base64", "cp", "chmod", "curl"], "search-terms": ["android project scaffold", "bash project setup", "gradle wrapper setup", "project parameter parsing", "initial Android project template"], "state": 2, "file_id": 616, "knowledge_revision": 1636, "git_revision": "1aee8ed1eca8330cc765b711c43546e90b04ff39", "hash": "3410249d4a47a7d965dc785659513c62", "format-version": 4, "code-base-name": "universalinit", "filename": "src/universalinit/templates/android/init_script.sh", "revision_history": [{"1636": "1aee8ed1eca8330cc765b711c43546e90b04ff39"}]}