{"is_source_file": true, "format": "TypeScript (TSX)", "description": "This file defines a root layout component for a Next.js application, including metadata and structure for the webpage.", "external_files": ["./globals.css", "./providers"], "external_methods": ["Providers"], "published": ["metadata"], "classes": [], "methods": [{"name": "RootLayout", "description": "A React component that provides the overall layout for the application, wrapping children components with HTML structure and Providers."}], "calls": ["Providers", "React.createElement"], "search-terms": ["Next.js layout", "React component", "metadata configuration", "global styles", "Providers component"], "state": 2, "file_id": 121, "knowledge_revision": 520, "git_revision": "50d19eceaba55063bd806c62fcb2c72f124c01d2", "ctags": [], "hash": "4dda51c2c9d6d2b7325296586e6151ad", "format-version": 4, "code-base-name": "universalinit", "filename": "src/universalinit/templates/solananextjs/src/app/layout.tsx", "revision_history": [{"520": "50d19eceaba55063bd806c62fcb2c72f124c01d2"}]}