{"is_source_file": true, "format": "Markdown", "description": "The file is a Markdown documentation file describing the concept of computed properties in a JavaScript component framework, including how to define computed properties, their reactivity, and usage examples.", "external_files": ["./component_state.html", "./props.html", "./watchers.html"], "external_methods": ["Blits.Component"], "published": [], "classes": [], "methods": [], "calls": ["Math.max()", "str.toUpperCase()", "Blits.Component"], "search-terms": ["computed properties", "reactivity", "JavaScript component", "template", "computed: {}", "reactive calculation", "component configuration"], "state": 2, "file_id": 564, "knowledge_revision": 1582, "git_revision": "1aee8ed1eca8330cc765b711c43546e90b04ff39", "hash": "187c598508a32826535261f1933a4cce", "format-version": 4, "code-base-name": "universalinit", "filename": "src/universalinit/templates/lightningjs/docs/components_computed_properties.md", "revision_history": [{"1582": "1aee8ed1eca8330cc765b711c43546e90b04ff39"}]}