{"is_source_file": false, "format": "", "description": "", "external_files": [], "external_methods": [], "published": [], "classes": [], "methods": [], "calls": [], "search-terms": [], "state": 2, "file_id": 383, "knowledge_revision": 1395, "git_revision": "1aee8ed1eca8330cc765b711c43546e90b04ff39", "hash": "607a1ca3628be2139eb28475eaa24a49", "format-version": 4, "code-base-name": "universalinit", "filename": "src/universalinit/templates/vue/config.yml", "revision_history": [{"1395": "1aee8ed1eca8330cc765b711c43546e90b04ff39"}]}