{"is_source_file": true, "format": "JavaScript", "description": "This file defines a single exported function 'setupCounter' that initializes a counter on a DOM element, updates its display on click, and manages counter state internally.", "external_files": [], "external_methods": [], "published": ["setupCounter"], "classes": [], "methods": [{"name": "setupCounter(element)", "description": "Initializes a click-driven counter on a specified DOM element, updating its innerHTML to reflect the counter value.", "scope": "", "scopeKind": ""}], "calls": ["element.addEventListener", "setCounter"], "search-terms": ["setupCounter", "counter.js", "DOM event handling", "JavaScript component", "counter setup"], "state": 2, "file_id": 485, "knowledge_revision": 1512, "git_revision": "1aee8ed1eca8330cc765b711c43546e90b04ff39", "ctags": [{"_type": "tag", "name": "setupCounter", "path": "/home/kavia/workspace/code-generation/universalinit/src/universalinit/templates/vite/src/counter.js", "pattern": "/^export function setupCounter(element) {$/", "language": "JavaScript", "kind": "function", "signature": "(element)"}], "hash": "2ac86fab0c68ff8890db658663b5b7f5", "format-version": 4, "code-base-name": "universalinit", "filename": "src/universalinit/templates/vite/src/counter.js", "revision_history": [{"1512": "1aee8ed1eca8330cc765b711c43546e90b04ff39"}]}