{"is_source_file": true, "format": "JavaScript", "description": "This file defines a HealthService class with a method to retrieve the health status of the service, and exports an instance of this class.", "external_files": [], "external_methods": ["Date.prototype.toISOString", "process.env.NODE_ENV"], "published": ["new HealthService()"], "classes": [{"name": "HealthService", "description": "A service class to provide health check status information."}], "methods": [{"name": "getStatus()", "description": "Returns the current health status of the service, including status message, timestamp, and environment.", "scope": "HealthService", "scopeKind": "class"}], "calls": ["new Date()", "Date.prototype.toISOString()", "process.env.NODE_ENV"], "search-terms": ["HealthService", "getStatus", "health check", "status", "service health", "express", "health.js"], "state": 2, "file_id": 585, "knowledge_revision": 1606, "git_revision": "1aee8ed1eca8330cc765b711c43546e90b04ff39", "ctags": [{"_type": "tag", "name": "HealthService", "path": "/home/kavia/workspace/code-generation/universalinit/src/universalinit/templates/express/src/services/health.js", "pattern": "/^class HealthService {$/", "language": "JavaScript", "kind": "class"}, {"_type": "tag", "name": "exports", "path": "/home/kavia/workspace/code-generation/universalinit/src/universalinit/templates/express/src/services/health.js", "pattern": "/^module.exports = new HealthService();$/", "language": "JavaScript", "kind": "variable", "scope": "module", "scopeKind": "class"}, {"_type": "tag", "name": "getStatus", "path": "/home/kavia/workspace/code-generation/universalinit/src/universalinit/templates/express/src/services/health.js", "pattern": "/^    getStatus() {$/", "language": "JavaScript", "kind": "method", "signature": "()", "scope": "HealthService", "scopeKind": "class"}], "hash": "dcfa21416da8734d1481f1ce9d7ffe4c", "format-version": 4, "code-base-name": "universalinit", "filename": "src/universalinit/templates/express/src/services/health.js", "fields": [{"name": "module.exports = new HealthService();", "scope": "module", "scopeKind": "class", "description": "unavailable"}], "revision_history": [{"1606": "1aee8ed1eca8330cc765b711c43546e90b04ff39"}]}