{"is_source_file": true, "format": "TypeScript", "description": "This file is a configuration file for ESLint tailored for a Vue.js project using TypeScript. It defines ESLint configurations including plugin integrations, file inclusion and exclusion patterns, and specific project settings.", "external_files": ["eslint-plugin-vue", "@vue/eslint-config-typescript", "@vitest/eslint-plugin", "@vue/eslint-config-prettier/skip-formatting"], "external_methods": [], "published": ["defineConfigWithVueTs"], "classes": [], "methods": [{"name": "defineConfigWithVueTs", "description": "A function that defines and exports an ESLint configuration with Vue and TypeScript support, combining multiple configuration objects."}], "calls": ["defineConfigWithVueTs"], "search-terms": ["eslint-config", "vue-ts-config", "eslint-plugin-vue", "vitest", "eslint-config-prettier", "eslint", "eslint configuration", "vue eslint"], "state": 2, "file_id": 370, "knowledge_revision": 1390, "git_revision": "1aee8ed1eca8330cc765b711c43546e90b04ff39", "ctags": [], "hash": "e25c340ceed14d09bdaf1f13a69b34bc", "format-version": 4, "code-base-name": "universalinit", "filename": "src/universalinit/templates/vue/eslint.config.ts", "revision_history": [{"1390": "1aee8ed1eca8330cc765b711c43546e90b04ff39"}]}