{"is_source_file": true, "format": "JavaScript", "description": "This file generates an OpenAPI specification JSON file by writing the contents of a swaggerSpec object to a file in a specified directory.", "external_files": ["./swagger"], "external_methods": ["require('fs')", "require('path')", "path.join()", "fs.existsSync()", "fs.mkdirSync()", "fs.writeFileSync()"], "published": ["outputDir", "outputPath"], "classes": [], "methods": [{"name": "none", "description": "This script does not define functions or classes; it performs file operations directly in the script body."}], "calls": ["require('fs')", "require('path')", "path.join()", "fs.existsSync()", "fs.mkdirSync()", "fs.writeFileSync()"], "search-terms": ["generate_openapi.js", "swaggerSpec", "openapi.json", "swagger", "file generation", "OpenAPI"], "state": 2, "file_id": 352, "knowledge_revision": 1380, "git_revision": "1aee8ed1eca8330cc765b711c43546e90b04ff39", "ctags": [{"_type": "tag", "name": "fs", "path": "/home/kavia/workspace/code-generation/universalinit/src/universalinit/templates/express/generate_openapi.js", "pattern": "/^const fs = require('fs');$/", "language": "JavaScript", "kind": "constant"}, {"_type": "tag", "name": "outputDir", "path": "/home/kavia/workspace/code-generation/universalinit/src/universalinit/templates/express/generate_openapi.js", "pattern": "/^const outputDir = path.join(__dirname, 'interfaces');$/", "language": "JavaScript", "kind": "constant"}, {"_type": "tag", "name": "outputPath", "path": "/home/kavia/workspace/code-generation/universalinit/src/universalinit/templates/express/generate_openapi.js", "pattern": "/^const outputPath = path.join(outputDir, 'openapi.json');$/", "language": "JavaScript", "kind": "constant"}, {"_type": "tag", "name": "path", "path": "/home/kavia/workspace/code-generation/universalinit/src/universalinit/templates/express/generate_openapi.js", "pattern": "/^const path = require('path');$/", "language": "JavaScript", "kind": "constant"}, {"_type": "tag", "name": "swaggerSpec", "path": "/home/kavia/workspace/code-generation/universalinit/src/universalinit/templates/express/generate_openapi.js", "pattern": "/^const swaggerSpec = require('.\\/swagger');$/", "language": "JavaScript", "kind": "constant"}], "hash": "55a8452439ff8971a692025b12dc20dc", "format-version": 4, "code-base-name": "universalinit", "filename": "src/universalinit/templates/express/generate_openapi.js", "revision_history": [{"1380": "1aee8ed1eca8330cc765b711c43546e90b04ff39"}]}