{"is_source_file": true, "format": "TypeScript (React JSX/TSX)", "description": "This file is the client entry point for a Remix application, responsible for hydrating the app on the client side using React.", "external_files": ["@remix-run/react", "react", "react-dom/client"], "external_methods": ["RemixBrowser", "startTransition", "hydrateRoot"], "published": ["default"], "classes": [], "methods": [{"name": "startTransition", "description": "React method to schedule updates for concurrent rendering."}, {"name": "hydrateRoot", "description": "React DOM method to hydrate the app into the existing DOM."}], "calls": ["startTransition", "hydrateRoot"], "search-terms": ["RemixBrowser", "hydrateRoot", "client hydration", "entry.client.tsx", "Remix React"], "state": 2, "file_id": 588, "knowledge_revision": 1609, "git_revision": "1aee8ed1eca8330cc765b711c43546e90b04ff39", "ctags": [], "hash": "5d53ef36a3075b464b930b7d096d41a0", "format-version": 4, "code-base-name": "universalinit", "filename": "src/universalinit/templates/remix/app/entry.client.tsx", "revision_history": [{"1609": "1aee8ed1eca8330cc765b711c43546e90b04ff39"}]}