{"is_source_file": true, "format": "TypeScript/TSX", "description": "This file is a server-side entry point for a Remix application, handling HTTP requests, differentiating between bot and browser clients, and streaming server-side rendered React components as responses.", "external_files": ["@remix-run/node", "@remix-run/react", "isbot", "react-dom/server"], "external_methods": ["createReadableStreamFromReadable", "renderToPipeableStream", "PassThrough"], "published": ["handleRequest"], "classes": [], "methods": [{"name": "handleRequest", "description": "Main exported function handling incoming HTTP requests, setting CORS headers, routing to bot or browser handlers based on user-agent."}, {"name": "handleBotRequest", "description": "Handles server-side rendering for bot user agents by streaming the rendered React app."}, {"name": "handleBrowserRequest", "description": "Handles server-side rendering for browser user agents by streaming the React app."}], "calls": ["renderToPipeableStream", "createReadableStreamFromReadable", "PassThrough", "responseHeaders.set", "new Response", "pipe", "setTimeout", "console.error"], "search-terms": ["remix entry.server", "renderToPipeableStream", "isbot", "server-side streaming", "React SSR Remix"], "state": 2, "file_id": 549, "knowledge_revision": 1573, "git_revision": "1aee8ed1eca8330cc765b711c43546e90b04ff39", "ctags": [], "hash": "ea3fdec8a39ab86ca67d22f9ecc48c65", "format-version": 4, "code-base-name": "universalinit", "filename": "src/universalinit/templates/remix/app/entry.server.tsx", "revision_history": [{"1573": "1aee8ed1eca8330cc765b711c43546e90b04ff39"}]}