{"is_source_file": true, "format": "Python", "description": "Source file defining a Flask application route for health checking. It creates a Blueprint and a class-based view for a health endpoint.", "external_files": ["flask_smorest", "flask.views"], "external_methods": ["Blueprint", "MethodView"], "published": [], "classes": [{"name": "HealthCheck", "description": "A Flask MethodView handling GET requests for health status."}], "methods": [{"name": "get(self)", "description": "Handles HTTP GET requests, returning a JSON indicating health status.", "scope": "HealthCheck", "scopeKind": "class"}], "calls": ["blp.route"], "search-terms": ["health route", "flask smorest", "MethodView", "Blueprint", "health check endpoint"], "state": 2, "file_id": 522, "knowledge_revision": 1553, "git_revision": "1aee8ed1eca8330cc765b711c43546e90b04ff39", "ctags": [{"_type": "tag", "name": "HealthCheck", "path": "/home/kavia/workspace/code-generation/universalinit/src/universalinit/templates/flask/app/routes/health.py", "pattern": "/^class HealthCheck(MethodView):$/", "language": "Python", "kind": "class"}, {"_type": "tag", "name": "blp", "path": "/home/kavia/workspace/code-generation/universalinit/src/universalinit/templates/flask/app/routes/health.py", "pattern": "/^blp = Blueprint(\"Healt Check\", \"health check\", url_prefix=\"\\/\", description=\"Health check route\"/", "language": "Python", "kind": "variable"}, {"_type": "tag", "name": "get", "path": "/home/kavia/workspace/code-generation/universalinit/src/universalinit/templates/flask/app/routes/health.py", "pattern": "/^    def get(self):$/", "language": "Python", "kind": "member", "signature": "(self)", "scope": "HealthCheck", "scopeKind": "class"}], "hash": "5ccb26207c10cfd25878b9712bbd6409", "format-version": 4, "code-base-name": "universalinit", "filename": "src/universalinit/templates/flask/app/routes/health.py", "fields": [{"name": "blp = Blueprint(\"Healt Check\", \"health check\", url_prefix=\"\\/\", description=\"Health check route\"/", "scope": "", "scopeKind": "", "description": "unavailable"}], "revision_history": [{"1553": "1aee8ed1eca8330cc765b711c43546e90b04ff39"}]}