{"is_source_file": true, "format": "TypeScript", "description": "This file sets up and manages a service worker for a Qwik application, primarily handling prefetching and lifecycle events to improve site performance.", "external_files": ["@builder.io/qwik-city/service-worker"], "external_methods": ["setupServiceWorker"], "published": [], "classes": [], "methods": [{"name": "setupServiceWorker", "description": "Initializes the service worker functionalities for the Qwik application."}], "calls": ["setupServiceWorker()", "self.skipWaiting()", "self.clients.claim()"], "search-terms": ["service-worker", "prefetching", "Qwik", "skipWaiting", "clients.claim", "install event", "activate event"], "state": 2, "file_id": 382, "knowledge_revision": 1400, "git_revision": "1aee8ed1eca8330cc765b711c43546e90b04ff39", "ctags": [{"_type": "tag", "name": "self", "path": "/home/kavia/workspace/code-generation/universalinit/src/universalinit/templates/qwik/src/routes/service-worker.ts", "pattern": "/^declare const self: ServiceWorkerGlobalScope;$/", "language": "TypeScript", "kind": "constant"}], "hash": "4691e997442ba9f8be7690530ed1ce95", "format-version": 4, "code-base-name": "universalinit", "filename": "src/universalinit/templates/qwik/src/routes/service-worker.ts", "revision_history": [{"1400": "1aee8ed1eca8330cc765b711c43546e90b04ff39"}]}