{"is_source_file": true, "format": "TypeScript (TSX)", "description": "This file is a React component for the Remix app's main index route, rendering a welcome page with navigation links and resources for getting started with Remix.", "external_files": ["@remix-run/node"], "external_methods": ["MetaFunction"], "published": ["meta"], "classes": [], "methods": [{"name": "Index", "description": "React component function that renders the index page with header, image logos, and resource links."}], "calls": ["meta", "resources.map"], "search-terms": ["Remix Index", "MetaFunction", "React component", "resources array", "remix.run", "navigation links", "_index.tsx"], "state": 2, "file_id": 511, "knowledge_revision": 1531, "git_revision": "1aee8ed1eca8330cc765b711c43546e90b04ff39", "ctags": [], "hash": "6d28052a030fa0277aebc7c4bb572511", "format-version": 4, "code-base-name": "universalinit", "filename": "src/universalinit/templates/remix/app/routes/_index.tsx", "revision_history": [{"1531": "1aee8ed1eca8330cc765b711c43546e90b04ff39"}]}