{"is_source_file": true, "format": "bash script (init/setup script for Kotlin Android project)", "description": "This file is a bash script that automates the creation of a Kotlin Android project, including setting up directory structure, generating configuration files, build scripts, resource files, and downloading the Gradle wrapper. It uses command-line arguments to customize SDK versions, project name, and other parameters, facilitating rapid project initialization.", "external_files": ["gradle/wrapper/gradle-wrapper.jar"], "external_methods": ["curl", "wget", "base64"], "published": [], "classes": [], "methods": [], "calls": ["echo", "mkdir", "cat", "chmod", "command -v curl", "command -v wget", "curl", "wget", "base64"], "search-terms": ["init_script.sh", "bash", "project creation", "Android project setup", "Gradle wrapper download", "Kotlin Android", "directory structure", "automation"], "state": 2, "file_id": 391, "knowledge_revision": 1409, "git_revision": "1aee8ed1eca8330cc765b711c43546e90b04ff39", "hash": "8a68f05b97405edde091c7cc776d6ef3", "format-version": 4, "code-base-name": "universalinit", "filename": "src/universalinit/templates/kotlin/init_script.sh", "revision_history": [{"1409": "1aee8ed1eca8330cc765b711c43546e90b04ff39"}]}