{"is_source_file": true, "format": "TypeScript/TSX", "description": "This file serves as the bundle entry point for the 'npm run preview' command in a Qwik application, configuring server middleware for development preview.", "external_files": ["@builder.io/qwik-city/middleware/node", "@qwik-city-plan", "./entry.ssr"], "external_methods": ["createQwikCity"], "published": ["default"], "classes": [], "methods": [{"name": "createQwikCity", "description": "Creates a QwikCity middleware adapter for use in server environment, configured with render and plan."}], "calls": ["createQwikCity"], "search-terms": ["Qwik", "entry point", "preview", "middleware", "vite", "server configuration", "QwikCity"], "state": 2, "file_id": 583, "knowledge_revision": 1605, "git_revision": "1aee8ed1eca8330cc765b711c43546e90b04ff39", "ctags": [], "hash": "99b0e5826d078e301743c08edc15c060", "format-version": 4, "code-base-name": "universalinit", "filename": "src/universalinit/templates/qwik/src/entry.preview.tsx", "revision_history": [{"1605": "1aee8ed1eca8330cc765b711c43546e90b04ff39"}]}