{"is_source_file": true, "format": "JavaScript", "description": "This file initializes an Express.js server, sets up middleware such as CORS and Swagger UI, configures routing, and includes error handling.", "external_files": ["./routes", "../swagger"], "external_methods": ["swaggerUi.serve", "swaggerUi.setup"], "published": ["app"], "classes": [], "methods": [{"name": "app.use", "description": "Configures middleware for CORS, Swagger UI documentation, JSON parsing, routing, and error handling."}, {"name": "module.exports", "description": "Exports the Express app instance for use in other modules."}], "calls": ["cors()", "express()", "routes", "swaggerUi.serve", "swaggerUi.setup", "req.get", "req.protocol", "req.socket.localPort", "res.status", "res.json", "console.error"], "search-terms": ["Express server initialization", "Swagger UI setup", "CORS configuration", "routes mounting", "error handling middleware"], "state": 2, "file_id": 443, "knowledge_revision": 1457, "git_revision": "1aee8ed1eca8330cc765b711c43546e90b04ff39", "ctags": [{"_type": "tag", "name": "app", "path": "/home/kavia/workspace/code-generation/universalinit/src/universalinit/templates/express/src/app.js", "pattern": "/^const app = express();$/", "language": "JavaScript", "kind": "constant"}, {"_type": "tag", "name": "cors", "path": "/home/kavia/workspace/code-generation/universalinit/src/universalinit/templates/express/src/app.js", "pattern": "/^const cors = require('cors');$/", "language": "JavaScript", "kind": "constant"}, {"_type": "tag", "name": "express", "path": "/home/kavia/workspace/code-generation/universalinit/src/universalinit/templates/express/src/app.js", "pattern": "/^const express = require('express');$/", "language": "JavaScript", "kind": "constant"}, {"_type": "tag", "name": "routes", "path": "/home/kavia/workspace/code-generation/universalinit/src/universalinit/templates/express/src/app.js", "pattern": "/^const routes = require('.\\/routes');$/", "language": "JavaScript", "kind": "constant"}, {"_type": "tag", "name": "swaggerSpec", "path": "/home/kavia/workspace/code-generation/universalinit/src/universalinit/templates/express/src/app.js", "pattern": "/^const swaggerSpec = require('..\\/swagger');$/", "language": "JavaScript", "kind": "constant"}, {"_type": "tag", "name": "swaggerUi", "path": "/home/kavia/workspace/code-generation/universalinit/src/universalinit/templates/express/src/app.js", "pattern": "/^const swaggerUi = require('swagger-ui-express');$/", "language": "JavaScript", "kind": "constant"}], "hash": "5df3172f6e958a99d255956f667b1de4", "format-version": 4, "code-base-name": "universalinit", "filename": "src/universalinit/templates/express/src/app.js", "revision_history": [{"1457": "1aee8ed1eca8330cc765b711c43546e90b04ff39"}]}