{"is_source_file": true, "format": "JavaScript", "description": "This source file initializes a NativeScript application by importing the Application module and running the app with a specified module name.", "external_files": ["@nativescript/core"], "external_methods": ["Application.run"], "published": [], "classes": [], "methods": [{"name": "Application.run", "description": "Starts the NativeScript application with the given configuration object."}], "calls": ["Application.run"], "search-terms": ["NativeScript", "Application", "app-root", "run", "app.js"], "state": 2, "file_id": 627, "knowledge_revision": 1653, "git_revision": "1aee8ed1eca8330cc765b711c43546e90b04ff39", "ctags": [], "hash": "651c6580578790950f7163c3c93eae5c", "format-version": 4, "code-base-name": "universalinit", "filename": "src/universalinit/templates/nativescript/app/app.js", "revision_history": [{"1653": "1aee8ed1eca8330cc765b711c43546e90b04ff39"}]}