{"is_source_file": true, "format": "JavaScript (React JSX)", "description": "This file serves as the entry point for a React application, setting up the root rendering and including core imports.", "external_files": ["react", "react-dom/client", "./index.css", "./App"], "external_methods": ["ReactDOM.createRoot", "root.render"], "published": ["index.js"], "classes": [], "methods": [{"name": "ReactDOM.createRoot", "description": "Creates a React root for rendering components into the DOM."}, {"name": "root.render", "description": "Renders React elements into the specified root."}], "calls": ["ReactDOM.createRoot", "root.render", "<React.StrictMode>", "<App />"], "search-terms": ["index.js", "ReactDOM", "React.StrictMode", "App component", "React rendering"], "state": 2, "file_id": 503, "knowledge_revision": 1528, "git_revision": "1aee8ed1eca8330cc765b711c43546e90b04ff39", "ctags": [{"_type": "tag", "name": "root", "path": "/home/kavia/workspace/code-generation/universalinit/src/universalinit/templates/react/src/index.js", "pattern": "/^const root = ReactDOM.createRoot(document.getElementById('root'));$/", "language": "JavaScript", "kind": "constant"}], "hash": "9fc5841375336fc175b49f8767a11383", "format-version": 4, "code-base-name": "universalinit", "filename": "src/universalinit/templates/react/src/index.js", "revision_history": [{"1528": "1aee8ed1eca8330cc765b711c43546e90b04ff39"}]}