{"is_source_file": true, "format": "TypeScript", "description": "Vite configuration file for a Vue.js project, setting up plugins, server options, and path resolutions.", "external_files": ["node:url", "@vitejs/plugin-vue", "@vitejs/plugin-vue-jsx", "vite-plugin-vue-devtools"], "external_methods": ["fileURLToPath", "URL", "defineConfig", "vue", "vueJsx", "vueDevTools"], "published": ["default"], "classes": [], "methods": [{"name": "defineConfig", "description": "Defines and exports the configuration object for Vite."}], "calls": ["vue()", "vueJsx()", "vueDevTools()", "fileURLToPath", "new URL"], "search-terms": ["vite.config.ts", "Vue", "Vite plugins", "server configuration", "path alias"], "state": 2, "file_id": 423, "knowledge_revision": 1453, "git_revision": "1aee8ed1eca8330cc765b711c43546e90b04ff39", "ctags": [], "hash": "651273496df370ea0757c4c61a2c9ee4", "format-version": 4, "code-base-name": "universalinit", "filename": "src/universalinit/templates/vue/vite.config.ts", "revision_history": [{"1453": "1aee8ed1eca8330cc765b711c43546e90b04ff39"}]}