{"is_source_file": false, "format": "", "description": "", "external_files": [], "external_methods": [], "published": [], "classes": [], "methods": [], "calls": [], "search-terms": [], "state": 2, "file_id": 139, "knowledge_revision": 528, "git_revision": "900a0dcdc720ec8e2eb5d4b75c036f9c2abef7a3", "hash": "75703668b8eb07258a00adf84f450abf", "format-version": 4, "code-base-name": "universalinit", "filename": "src/universalinit/templates/qwik/config.yml", "revision_history": [{"528": "900a0dcdc720ec8e2eb5d4b75c036f9c2abef7a3"}]}