{"is_source_file": true, "format": "JavaScript", "description": "This is the main entry point for a React application. It initializes the React app by creating a root and rendering the App component inside React.StrictMode.", "external_files": ["react", "react-dom/client", "./index.css", "./App"], "external_methods": ["ReactDOM.createRoot", "root.render"], "published": [], "classes": [], "methods": [{"name": "render", "description": "Renders the React application into the DOM at the 'root' element."}], "calls": ["ReactDOM.createRoot", "root.render"], "search-terms": ["React entry point", "ReactDOM.createRoot", "main index.js"], "state": 2, "file_id": 564, "knowledge_revision": 1589, "git_revision": "1aee8ed1eca8330cc765b711c43546e90b04ff39", "ctags": [{"_type": "tag", "name": "root", "path": "/home/kavia/workspace/code-generation/universalinit/src/universalinit/templates/react/src/index.js", "pattern": "/^const root = ReactDOM.createRoot(document.getElementById('root'));$/", "language": "JavaScript", "kind": "constant"}], "hash": "9fc5841375336fc175b49f8767a11383", "format-version": 4, "code-base-name": "universalinit", "filename": "src/universalinit/templates/react/src/index.js", "revision_history": [{"1589": "1aee8ed1eca8330cc765b711c43546e90b04ff39"}]}