{"is_source_file": true, "format": "TypeScript", "description": "This file defines a Next.js configuration object for a project, specifically setting the output mode to 'export'.", "external_files": ["next"], "external_methods": [], "published": ["nextConfig"], "classes": [], "methods": [], "calls": ["NextConfig"], "search-terms": ["next.config.ts", "NextConfig", "Next.js", "export", "output"], "state": 2, "file_id": 487, "knowledge_revision": 1500, "git_revision": "1aee8ed1eca8330cc765b711c43546e90b04ff39", "ctags": [{"_type": "tag", "name": "nextConfig", "path": "/home/kavia/workspace/code-generation/universalinit/src/universalinit/templates/nextjs/next.config.ts", "pattern": "/^const nextConfig: NextConfig = {$/", "language": "TypeScript", "kind": "constant"}], "hash": "d2e8cb2378dd8f1f25150e4609f18db6", "format-version": 4, "code-base-name": "universalinit", "filename": "src/universalinit/templates/nextjs/next.config.ts", "revision_history": [{"1500": "1aee8ed1eca8330cc765b711c43546e90b04ff39"}]}