{"is_source_file": true, "format": "TypeScript (TSX)", "description": "A Qwik component implementing a step-by-step guide with interactive UI elements, including instructions, hints, and navigation buttons.", "external_files": ["@builder.io/qwik", "./next-steps.module.css"], "external_methods": ["component$", "$", "useOnWindow", "useSignal"], "published": ["GETTING_STARTED_STEPS"], "classes": [], "methods": [{"name": "default", "description": "The default exported Qwik component implementing the interactive guide."}], "calls": ["component$", "$", "useOnWindow", "useSignal"], "search-terms": ["Qwik", "next-steps", "component$", "useOnWindow", "useSignal", "step-by-step", "interactive UI", "guidance", "keyboard event"], "state": 2, "file_id": 414, "knowledge_revision": 1432, "git_revision": "1aee8ed1eca8330cc765b711c43546e90b04ff39", "ctags": [], "hash": "634019ff1005824a1bf8998a0c2b3fb0", "format-version": 4, "code-base-name": "universalinit", "filename": "src/universalinit/templates/qwik/src/components/starter/next-steps/next-steps.tsx", "revision_history": [{"1432": "1aee8ed1eca8330cc765b711c43546e90b04ff39"}]}