{"is_source_file": true, "format": "TypeScript/TSX", "description": "This file handles server-side rendering and request handling for a Remix application. It manages different responses depending on whether the request is from a bot or a browser, sets CORS headers, and utilizes React server-side streaming.", "external_files": ["@remix-run/node", "@remix-run/react", "isbot", "react-dom/server"], "external_methods": ["createReadableStreamFromReadable", "renderToPipeableStream"], "published": [], "classes": [], "methods": [{"name": "handleRequest", "description": "Main exported function to handle incoming HTTP requests, configure headers, and delegate to specific handlers based on user-agent."}, {"name": "handleBotRequest", "description": "Handles server-side rendering for bot requests utilizing React's streaming SSR."}, {"name": "handleBrowserRequest", "description": "Handles server responses for browser requests with streaming SSR."}], "calls": ["isbot", "renderToPipeableStream", "createReadableStreamFromReadable"], "search-terms": ["remix entry.server.tsx", "React streaming SSR", "isbot detection", "remix server request handling", "server-side rendering React"], "state": 2, "file_id": 526, "knowledge_revision": 1547, "git_revision": "1aee8ed1eca8330cc765b711c43546e90b04ff39", "ctags": [], "hash": "ea3fdec8a39ab86ca67d22f9ecc48c65", "format-version": 4, "code-base-name": "universalinit", "filename": "src/universalinit/templates/remix/app/entry.server.tsx", "revision_history": [{"1547": "1aee8ed1eca8330cc765b711c43546e90b04ff39"}]}