{"is_source_file": true, "format": "TypeScript/TSX", "description": "This file defines a Qwik component for a website header, including logo and navigation links.", "external_files": ["@builder.io/qwik", "../icons/qwik", "./header.module.css"], "external_methods": ["component$"], "published": [], "classes": [], "methods": [{"name": "default", "description": "Functional component returning the header JSX structure."}], "calls": ["component$", "QwikLogo"], "search-terms": ["QwikLogo", "header", "component$", "tsx", "header.module.css"], "state": 2, "file_id": 463, "knowledge_revision": 1479, "git_revision": "1aee8ed1eca8330cc765b711c43546e90b04ff39", "ctags": [], "hash": "0330aa1892b548cb916c9b3db77a3e9c", "format-version": 4, "code-base-name": "universalinit", "filename": "src/universalinit/templates/qwik/src/components/starter/header/header.tsx", "revision_history": [{"1479": "1aee8ed1eca8330cc765b711c43546e90b04ff39"}]}