{"is_source_file": true, "format": "TypeScript (TSX)", "description": "This file is a Next.js page component written in TypeScript with JSX syntax. It defines a React component that renders a homepage with static content, images, and links, primarily serving as a template example.", "external_files": ["next/image"], "external_methods": ["Image"], "published": ["default"], "classes": [], "methods": [{"name": "Home", "description": "React functional component representing the homepage layout and content."}], "calls": ["Image"], "search-terms": ["Next.js", "React component", "page.tsx", "Home component", "Next.js images"], "state": 2, "file_id": 384, "knowledge_revision": 1408, "git_revision": "1aee8ed1eca8330cc765b711c43546e90b04ff39", "ctags": [], "hash": "1717a2c38b856d93284b673ec27c8cf8", "format-version": 4, "code-base-name": "universalinit", "filename": "src/universalinit/templates/nextjs/src/app/page.tsx", "revision_history": [{"1408": "1aee8ed1eca8330cc765b711c43546e90b04ff39"}]}