{"is_source_file": true, "format": "bash", "description": "This script automates the setup of an Android project, including directory structure, build configurations, dependencies, and initial files such as manifest, activity, layouts, and build scripts. It takes project parameters as input and generates a complete Android project scaffolding.", "external_files": ["gradle/wrapper/gradle-wrapper.jar", "gradle/wrapper/gradle-wrapper.properties", "gradlew", "settings.gradle", "build.gradle", "app/build.gradle", "app/src/main/AndroidManifest.xml", "app/src/main/res/layout/activity_main.xml", "app/src/main/res/values/strings.xml"], "external_methods": ["echo", "mkdir", "base64", "sed", "curl", "chmod", "tr"], "published": ["PROJECT_NAME", "PACKAGE_NAME", "MIN_SDK", "TARGET_SDK", "COMPILE_SDK", "GRADLE_VERSION"], "classes": [], "methods": [], "calls": ["echo", "mkdir", "base64", "sed", "curl", "chmod", "tr"], "search-terms": ["android project setup script", "project scaffolding", "gradle setup", "project directory creation", "initial Android project code", "automatic project creation"], "state": 2, "file_id": 497, "knowledge_revision": 1521, "git_revision": "1aee8ed1eca8330cc765b711c43546e90b04ff39", "hash": "3410249d4a47a7d965dc785659513c62", "format-version": 4, "code-base-name": "universalinit", "filename": "src/universalinit/templates/android/init_script.sh", "revision_history": [{"1521": "1aee8ed1eca8330cc765b711c43546e90b04ff39"}]}