{"is_source_file": false, "format": "", "description": "", "external_files": [], "external_methods": [], "published": [], "classes": [], "methods": [], "calls": [], "search-terms": ["LightningJS", "Blits", "lightningjs", "README.md", "Getting started", "VS-code extension", "npm install", "npm run dev", "npm run build", "dist folder", "Vite", "Hot Reloading"], "state": 2, "file_id": 400, "knowledge_revision": 1413, "git_revision": "1aee8ed1eca8330cc765b711c43546e90b04ff39", "hash": "1878e60180f0a4edd2fedae5059ce912", "format-version": 4, "code-base-name": "universalinit", "filename": "src/universalinit/templates/lightningjs/README.md", "revision_history": [{"1413": "1aee8ed1eca8330cc765b711c43546e90b04ff39"}]}