{"is_source_file": true, "format": "JavaScript", "description": "This file initializes and configures an Express.js web application, setting up middleware for CORS, Swagger API documentation, JSON parsing, route mounting, and error handling.", "external_files": ["./routes", "../swagger", "swagger-ui-express"], "external_methods": ["swaggerUi.serve", "swaggerUi.setup"], "published": ["module.exports"], "classes": [], "methods": [{"name": "app.use", "description": "Middlewares and route handlers for CORS, Swagger UI, JSON parsing, routes, and error handling."}], "calls": ["cors", "require", "swaggerUi.serve", "swaggerUi.setup", "express.json", "routes", "console.error"], "search-terms": ["Express app initialization", "Swagger UI integration", "CORS middleware", "Error handling middleware", "Route mounting", "app.js", "Express.js server setup"], "state": 2, "file_id": 521, "knowledge_revision": 1542, "git_revision": "1aee8ed1eca8330cc765b711c43546e90b04ff39", "ctags": [{"_type": "tag", "name": "app", "path": "/home/kavia/workspace/code-generation/universalinit/src/universalinit/templates/express/src/app.js", "pattern": "/^const app = express();$/", "language": "JavaScript", "kind": "constant"}, {"_type": "tag", "name": "cors", "path": "/home/kavia/workspace/code-generation/universalinit/src/universalinit/templates/express/src/app.js", "pattern": "/^const cors = require('cors');$/", "language": "JavaScript", "kind": "constant"}, {"_type": "tag", "name": "express", "path": "/home/kavia/workspace/code-generation/universalinit/src/universalinit/templates/express/src/app.js", "pattern": "/^const express = require('express');$/", "language": "JavaScript", "kind": "constant"}, {"_type": "tag", "name": "routes", "path": "/home/kavia/workspace/code-generation/universalinit/src/universalinit/templates/express/src/app.js", "pattern": "/^const routes = require('.\\/routes');$/", "language": "JavaScript", "kind": "constant"}, {"_type": "tag", "name": "swaggerSpec", "path": "/home/kavia/workspace/code-generation/universalinit/src/universalinit/templates/express/src/app.js", "pattern": "/^const swaggerSpec = require('..\\/swagger');$/", "language": "JavaScript", "kind": "constant"}, {"_type": "tag", "name": "swaggerUi", "path": "/home/kavia/workspace/code-generation/universalinit/src/universalinit/templates/express/src/app.js", "pattern": "/^const swaggerUi = require('swagger-ui-express');$/", "language": "JavaScript", "kind": "constant"}], "hash": "5df3172f6e958a99d255956f667b1de4", "format-version": 4, "code-base-name": "universalinit", "filename": "src/universalinit/templates/express/src/app.js", "revision_history": [{"1542": "1aee8ed1eca8330cc765b711c43546e90b04ff39"}]}