{"is_source_file": true, "format": "Python", "description": "This file is a WSGI configuration script for a Django project, setting up the application callable for deployment.", "external_files": ["django.core.wsgi", "config.settings"], "external_methods": ["django.core.wsgi.get_wsgi_application"], "published": ["application"], "classes": [], "methods": [{"name": "get_wsgi_application", "description": "Returns the WSGI application callable for the Django project."}], "calls": ["django.core.wsgi.get_wsgi_application()"], "search-terms": ["WSGI", "Django", "application", "wsgi.py", "config.settings", "get_wsgi_application"], "state": 2, "file_id": 564, "knowledge_revision": 1579, "git_revision": "1aee8ed1eca8330cc765b711c43546e90b04ff39", "ctags": [{"_type": "tag", "name": "application", "path": "/home/kavia/workspace/code-generation/universalinit/src/universalinit/templates/django/config/wsgi.py", "pattern": "/^application = get_wsgi_application()$/", "language": "Python", "kind": "variable"}], "hash": "412e3606d946f0fb4dbc98443c4cf8bb", "format-version": 4, "code-base-name": "universalinit", "filename": "src/universalinit/templates/django/config/wsgi.py", "fields": [{"name": "application = get_wsgi_application()", "scope": "", "scopeKind": "", "description": "unavailable"}], "revision_history": [{"1579": "1aee8ed1eca8330cc765b711c43546e90b04ff39"}]}