{"is_source_file": true, "format": "TypeScript", "description": "This file defines an Angular component 'AppComponent' which serves as the root component of the application. It imports Angular core functionalities and router outlet, and sets up the component metadata including selector, imports, template URL, and style URL.", "external_files": ["./app.component.html", "./app.component.css"], "external_methods": [], "published": ["AppComponent"], "classes": [{"name": "AppComponent", "description": "The root Angular component defining the main application structure with a title property."}], "methods": [{"name": "AppComponent", "description": "Class constructor (default, implicit)."}], "calls": ["Component", "RouterOutlet"], "search-terms": ["Angular", "app.component", "Component decorator", "router outlet", "TypeScript Angular component"], "state": 2, "file_id": 535, "knowledge_revision": 1563, "git_revision": "1aee8ed1eca8330cc765b711c43546e90b04ff39", "ctags": [{"_type": "tag", "name": "AppComponent", "path": "/home/kavia/workspace/code-generation/universalinit/src/universalinit/templates/angular/src/app/app.component.ts", "pattern": "/^export class AppComponent {$/", "language": "TypeScript", "kind": "class"}, {"_type": "tag", "name": "title", "path": "/home/kavia/workspace/code-generation/universalinit/src/universalinit/templates/angular/src/app/app.component.ts", "pattern": "/^  title = 'angular';$/", "language": "TypeScript", "kind": "property", "scope": "AppComponent", "scopeKind": "class"}], "hash": "2a17ec2457a7ef8b5deb107dd7a74f59", "format-version": 4, "code-base-name": "universalinit", "filename": "src/universalinit/templates/angular/src/app/app.component.ts", "fields": [{"name": "title = 'angular';", "scope": "AppComponent", "scopeKind": "class", "description": "unavailable"}], "revision_history": [{"1563": "1aee8ed1eca8330cc765b711c43546e90b04ff39"}]}