{"is_source_file": true, "format": "bash (shell script)", "description": "This file is a shell script designed to initialize a Kotlin Android project by creating directory structures, configuration files, and placeholder resources. It automates setting up a standard Android project with specified SDK versions and dependencies.", "external_files": ["gradle/wrapper/gradle-wrapper.jar"], "external_methods": ["curl", "wget", "base64", "chmod", "echo"], "published": ["PROJECT_NAME", "PACKAGE_NAME", "MIN_SDK", "TARGET_SDK", "COMPILE_SDK", "GRADLE_VERSION", "KOTLIN_VERSION"], "classes": [], "methods": [], "calls": ["mkdir", "echo", "base64 -d", "chmod", "curl", "wget"], "search-terms": ["init_script.sh", "android project setup", "kotlin project initialization", "gradle wrapper setup", "project directory creation", "bash project bootstrap", "automated Android project"], "state": 2, "file_id": 413, "knowledge_revision": 1426, "git_revision": "1aee8ed1eca8330cc765b711c43546e90b04ff39", "hash": "8a68f05b97405edde091c7cc776d6ef3", "format-version": 4, "code-base-name": "universalinit", "filename": "src/universalinit/templates/kotlin/init_script.sh", "revision_history": [{"1426": "1aee8ed1eca8330cc765b711c43546e90b04ff39"}]}