{"is_source_file": true, "format": "Python", "description": "This file configures URL routing for a Django web application. It defines URL patterns directing to admin, API endpoints, and API documentation views (Swagger, Redoc). It also includes settings for schema view generation and dynamic schema generation based on the request.", "external_files": ["django.contrib.admin", "django.urls", "rest_framework.permissions", "drf_yasg.views", "drf_yasg.openapi", "django.views.decorators.csrf", "api.urls"], "external_methods": ["permissions.AllowAny", "get_schema_view", "openapi.Info", "get_full_url", "view.with_ui", "view.without_ui"], "published": [], "classes": [{"name": "get_schema_view", "description": "Function that generates schema view objects for API documentation."}], "methods": [{"name": "get_full_url(request)", "description": "Utility function that constructs the full URL (including scheme and host) based on the incoming request, considering possible forwarded ports.", "scope": "", "scopeKind": ""}, {"name": "dynamic_schema_view(request, *args, **kwargs)", "description": "View function that dynamically generates OpenAPI schema views with a URL based on the request, supporting Swagger UI.", "scope": "", "scopeKind": ""}], "calls": ["get_schema_view", "permissions.AllowAny", "openapi.Info", "get_full_url", "view.with_ui", "view.without_ui", "re_path"], "search-terms": ["django URL configuration", "schema view", "Swagger UI", "Redoc", "dynamic schema", "API docs", "re_path"], "state": 2, "file_id": 570, "knowledge_revision": 1596, "git_revision": "1aee8ed1eca8330cc765b711c43546e90b04ff39", "ctags": [{"_type": "tag", "name": "dynamic_schema_view", "path": "/home/kavia/workspace/code-generation/universalinit/src/universalinit/templates/django/config/urls.py", "pattern": "/^def dynamic_schema_view(request, *args, **kwargs):$/", "language": "Python", "kind": "function", "signature": "(request, *args, **kwargs)"}, {"_type": "tag", "name": "get_full_url", "path": "/home/kavia/workspace/code-generation/universalinit/src/universalinit/templates/django/config/urls.py", "pattern": "/^def get_full_url(request):$/", "language": "Python", "kind": "function", "signature": "(request)"}, {"_type": "tag", "name": "schema_view", "path": "/home/kavia/workspace/code-generation/universalinit/src/universalinit/templates/django/config/urls.py", "pattern": "/^schema_view = get_schema_view($/", "language": "Python", "kind": "variable"}, {"_type": "tag", "name": "urlpatterns", "path": "/home/kavia/workspace/code-generation/universalinit/src/universalinit/templates/django/config/urls.py", "pattern": "/^urlpatterns = [$/", "language": "Python", "kind": "variable"}], "hash": "482cd4ea609c28e217819d5339030112", "format-version": 4, "code-base-name": "universalinit", "filename": "src/universalinit/templates/django/config/urls.py", "fields": [{"name": "schema_view = get_schema_view(", "scope": "", "scopeKind": "", "description": "unavailable"}, {"name": "urlpatterns = [", "scope": "", "scopeKind": "", "description": "unavailable"}], "revision_history": [{"1596": "1aee8ed1eca8330cc765b711c43546e90b04ff39"}]}