{"is_source_file": true, "format": "JavaScript", "description": "Configuration file for Vite build tool tailored for a LightningJS project, exporting build settings including base path, plugins, resolve options, server configuration, and worker format.", "external_files": ["@lightningjs/blits/vite"], "external_methods": ["defineConfig"], "published": [], "classes": [], "methods": [{"name": "defineConfig", "description": "A function used to define Vite configuration settings, accepting a callback that returns the configuration object."}], "calls": ["defineConfig"], "search-terms": ["vite.config.js", "LightningJS", "Vite", "build configuration", "plugins", "resolve", "server settings", "worker format"], "state": 2, "file_id": 253, "knowledge_revision": 657, "git_revision": "5b8f33f8784107e2b06ceaa8f13a613b4503a570", "ctags": [], "hash": "8acdac9175269e76719fddf670b22d2f", "format-version": 4, "code-base-name": "universalinit", "filename": "src/universalinit/templates/lightningjs/vite.config.js", "revision_history": [{"657": "5b8f33f8784107e2b06ceaa8f13a613b4503a570"}]}