{"is_source_file": true, "format": "TypeScript", "description": "This file sets up testing environment for Svelte components using Vitest, including custom mocks for browser APIs like matchMedia.", "external_files": ["@testing-library/jest-dom/vitest", "vitest"], "external_methods": ["vi.fn()", "Object.defineProperty"], "published": [], "classes": [], "methods": [{"name": "Object.defineProperty", "description": "Defines a new property directly on an object, or modifies an existing property on an object, in this case on window."}], "calls": ["import '@testing-library/jest-dom/vitest'", "import { vi } from 'vitest'", "Object.defineProperty(window, 'matchMedia', { ... })"], "search-terms": ["vitest-setup", "matchMedia mock", "Jest DOM custom matchers", "Svelte testing setup", "typescript test environment"], "state": 2, "file_id": 395, "knowledge_revision": 1419, "git_revision": "1aee8ed1eca8330cc765b711c43546e90b04ff39", "ctags": [], "hash": "b7bf9deeb7ba165ebe85a32fe6ac036e", "format-version": 4, "code-base-name": "universalinit", "filename": "src/universalinit/templates/svelte/vitest-setup-client.ts", "revision_history": [{"1419": "1aee8ed1eca8330cc765b711c43546e90b04ff39"}]}