{"is_source_file": true, "format": "TypeScript/TSX", "description": "This file defines a Qwik React-style component for a tutorial or onboarding step sequence, with interactive elements and instructions related to the Qwik framework.", "external_files": ["./next-steps.module.css"], "external_methods": ["useOnWindow", "component$", "$", "useSignal"], "published": ["GETTING_STARTED_STEPS"], "classes": [], "methods": [{"name": "default", "description": "Main Qwik component that manages the steps and user interactions for the tutorial sequence."}], "calls": ["useOnWindow", "component$", "$", "useSignal"], "search-terms": ["Qwik", "next-steps", "tutorial", "useOnWindow", "component$", "GETTING_STARTED_STEPS", "dangerouslySetInnerHTML"], "state": 2, "file_id": 580, "knowledge_revision": 1600, "git_revision": "1aee8ed1eca8330cc765b711c43546e90b04ff39", "ctags": [], "hash": "634019ff1005824a1bf8998a0c2b3fb0", "format-version": 4, "code-base-name": "universalinit", "filename": "src/universalinit/templates/qwik/src/components/starter/next-steps/next-steps.tsx", "revision_history": [{"1600": "1aee8ed1eca8330cc765b711c43546e90b04ff39"}]}