{"is_source_file": true, "format": "JavaScript", "description": "Configuration file for Prettier code formatter, specifying formatting options.", "external_files": [], "external_methods": [], "published": [], "classes": [], "methods": [], "calls": [], "search-terms": ["prettierrc", "semi", "singleQuote", "tabWidth", "printWidth", "trailingComma", "arrowParens", "endOfLine", "formatter", "configuration"], "state": 2, "file_id": 459, "knowledge_revision": 1486, "git_revision": "1aee8ed1eca8330cc765b711c43546e90b04ff39", "ctags": [{"_type": "tag", "name": "arrowParens", "path": "/home/kavia/workspace/code-generation/universalinit/src/universalinit/templates/slidev/prettierrc.js", "pattern": "/^  arrowParens: \"avoid\",$/", "language": "JavaScript", "kind": "property", "scope": "module.exports", "scopeKind": "class"}, {"_type": "tag", "name": "endOfLine", "path": "/home/kavia/workspace/code-generation/universalinit/src/universalinit/templates/slidev/prettierrc.js", "pattern": "/^  endOfLine: \"lf\",$/", "language": "JavaScript", "kind": "property", "scope": "module.exports", "scopeKind": "class"}, {"_type": "tag", "name": "exports", "path": "/home/kavia/workspace/code-generation/universalinit/src/universalinit/templates/slidev/prettierrc.js", "pattern": "/^module.exports = {$/", "language": "JavaScript", "kind": "class", "scope": "module", "scopeKind": "class"}, {"_type": "tag", "name": "printWidth", "path": "/home/kavia/workspace/code-generation/universalinit/src/universalinit/templates/slidev/prettierrc.js", "pattern": "/^  printWidth: 100,$/", "language": "JavaScript", "kind": "property", "scope": "module.exports", "scopeKind": "class"}, {"_type": "tag", "name": "semi", "path": "/home/kavia/workspace/code-generation/universalinit/src/universalinit/templates/slidev/prettierrc.js", "pattern": "/^  semi: true,$/", "language": "JavaScript", "kind": "property", "scope": "module.exports", "scopeKind": "class"}, {"_type": "tag", "name": "singleQuote", "path": "/home/kavia/workspace/code-generation/universalinit/src/universalinit/templates/slidev/prettierrc.js", "pattern": "/^  singleQuote: true,$/", "language": "JavaScript", "kind": "property", "scope": "module.exports", "scopeKind": "class"}, {"_type": "tag", "name": "tabWidth", "path": "/home/kavia/workspace/code-generation/universalinit/src/universalinit/templates/slidev/prettierrc.js", "pattern": "/^  tabWidth: 2,$/", "language": "JavaScript", "kind": "property", "scope": "module.exports", "scopeKind": "class"}, {"_type": "tag", "name": "trailingComma", "path": "/home/kavia/workspace/code-generation/universalinit/src/universalinit/templates/slidev/prettierrc.js", "pattern": "/^  trailingComma: \"es5\",$/", "language": "JavaScript", "kind": "property", "scope": "module.exports", "scopeKind": "class"}], "hash": "d02567d4909015eb9a337a6cb489cc67", "format-version": 4, "code-base-name": "universalinit", "filename": "src/universalinit/templates/slidev/prettierrc.js", "fields": [{"name": "arrowParens: \"avoid\",", "scope": "module.exports", "scopeKind": "class", "description": "unavailable"}, {"name": "endOfLine: \"lf\",", "scope": "module.exports", "scopeKind": "class", "description": "unavailable"}, {"name": "printWidth: 100,", "scope": "module.exports", "scopeKind": "class", "description": "unavailable"}, {"name": "semi: true,", "scope": "module.exports", "scopeKind": "class", "description": "unavailable"}, {"name": "singleQuote: true,", "scope": "module.exports", "scopeKind": "class", "description": "unavailable"}, {"name": "tabWidth: 2,", "scope": "module.exports", "scopeKind": "class", "description": "unavailable"}, {"name": "trailingComma: \"es5\",", "scope": "module.exports", "scopeKind": "class", "description": "unavailable"}], "revision_history": [{"1486": "1aee8ed1eca8330cc765b711c43546e90b04ff39"}]}