{"is_source_file": true, "format": "TypeScript/TSX", "description": "This file defines a React functional component 'Arc' that renders an animated elliptical arc using SVG. It includes computations for arc circumference and uses React hooks for generating unique gradient IDs.", "external_files": ["react", "remotion"], "external_methods": ["useState", "random", "useVideoConfig"], "published": ["Arc"], "classes": [], "methods": [{"name": "getCircumferenceOfArc", "description": "Calculates the circumference of an elliptical arc based on its radii."}], "calls": ["useState", "random", "useVideoConfig"], "search-terms": ["Arc", "SVG ellipse", "react component", "strokeDasharray", "remotion", "animation"], "state": 2, "file_id": 571, "knowledge_revision": 1589, "git_revision": "1aee8ed1eca8330cc765b711c43546e90b04ff39", "ctags": [], "hash": "81c9128f01c7b242ea106b7d86496df5", "format-version": 4, "code-base-name": "universalinit", "filename": "src/universalinit/templates/remotion/src/HelloWorld/Arc.tsx", "revision_history": [{"1589": "1aee8ed1eca8330cc765b711c43546e90b04ff39"}]}