{"is_source_file": true, "format": "TypeScript (TSX)", "description": "This file defines a React functional component 'HelloWorld' using the Remotion library for video composition. It includes schema validation with zod, imports other React components, and implements animations using Remotion hooks such as spring and interpolate. The component arranges animated logo, title, and subtitle sequences within a full-screen layout.", "external_files": ["./HelloWorld/Logo", "./HelloWorld/Subtitle", "./HelloWorld/Title", "@remotion/zod-types"], "external_methods": ["spring", "interpolate", "useCurrentFrame", "useVideoConfig"], "published": [], "classes": [{"name": "HelloWorld", "description": "A React functional component that renders animated logo, title, and subtitle sequences for a Remotion video composition."}], "methods": [{"name": "HelloWorld", "description": "React component that displays animated logo, title, and subtitle with motion effects based on video frame counts."}], "calls": ["spring", "interpolate", "useCurrentFrame", "useVideoConfig", "Logo", "Title", "Subtitle"], "search-terms": ["remotion", "animation", "React.FC", "zod", "Logo", "Subtitle", "Title", "spring", "interpolate", "useVideoConfig"], "state": 2, "file_id": 466, "knowledge_revision": 1485, "git_revision": "1aee8ed1eca8330cc765b711c43546e90b04ff39", "ctags": [], "hash": "006d9934bc460c136cdc7a9889c54c41", "format-version": 4, "code-base-name": "universalinit", "filename": "src/universalinit/templates/remotion/src/HelloWorld.tsx", "revision_history": [{"1485": "1aee8ed1eca8330cc765b711c43546e90b04ff39"}]}