{"is_source_file": true, "format": "JavaScript", "description": "This file is an ESLint configuration script for a Svelte project, importing various plugins and configurations to enforce linting rules on Svelte files and related scripts.", "external_files": ["@eslint/js", "@eslint/compat", "eslint-plugin-svelte", "globals", "node:url", "typescript-eslint", "./svelte.config.js"], "external_methods": ["fileURLToPath", "new URL", "ts.config"], "published": ["default"], "classes": [], "methods": [{"name": "default", "description": "Exports the ESLint configuration object, combining recommended settings from various plugins and applying custom overrides."}], "calls": ["ts.config"], "search-terms": ["eslint", "svelte", "typescript-eslint", "eslint-plugin-svelte", "eslint.config.js", "svelte.config.js", "eslint ignore", "linting configuration"], "state": 2, "file_id": 629, "knowledge_revision": 1650, "git_revision": "1aee8ed1eca8330cc765b711c43546e90b04ff39", "ctags": [{"_type": "tag", "name": "gitignorePath", "path": "/home/kavia/workspace/code-generation/universalinit/src/universalinit/templates/svelte/eslint.config.js", "pattern": "/^const gitignorePath = fileURLToPath(new URL(\".\\/.gitignore\", import.meta.url));$/", "language": "JavaScript", "kind": "constant"}], "hash": "a81d06efe1486ab8e93e8c96a9bdf6b8", "format-version": 4, "code-base-name": "universalinit", "filename": "src/universalinit/templates/svelte/eslint.config.js", "revision_history": [{"1650": "1aee8ed1eca8330cc765b711c43546e90b04ff39"}]}