{"is_source_file": true, "format": "TypeScript (TSX)", "description": "This is a React component source file for a Next.js application, defining the main homepage layout with images, links, and structured content.", "external_files": ["next/image"], "external_methods": ["Image (from 'next/image')"], "published": [], "classes": [], "methods": [{"name": "Home", "description": "React functional component rendering the homepage layout with images, links, and content."}], "calls": ["Image (from 'next/image')"], "search-terms": ["Next.js page component", "React functional component", "Next Image import", "homepage layout"], "state": 2, "file_id": 349, "knowledge_revision": 1374, "git_revision": "1aee8ed1eca8330cc765b711c43546e90b04ff39", "ctags": [], "hash": "1717a2c38b856d93284b673ec27c8cf8", "format-version": 4, "code-base-name": "universalinit", "filename": "src/universalinit/templates/nextjs/src/app/page.tsx", "revision_history": [{"1374": "1aee8ed1eca8330cc765b711c43546e90b04ff39"}]}