{"is_source_file": false, "format": "", "description": "", "external_files": [], "external_methods": [], "published": [], "classes": [], "methods": [], "calls": [], "search-terms": [], "state": 2, "file_id": 549, "knowledge_revision": 1560, "git_revision": "1aee8ed1eca8330cc765b711c43546e90b04ff39", "hash": "059da2d8407d22687bdb86fa1367e5ad", "format-version": 4, "code-base-name": "universalinit", "filename": "src/universalinit/templates/typescript/src/style.css", "revision_history": [{"1560": "1aee8ed1eca8330cc765b711c43546e90b04ff39"}]}