{"is_source_file": true, "format": "JavaScript", "description": "This file defines a function that creates and returns a NativeScript view model object.", "external_files": ["@nativescript/core"], "external_methods": ["fromObject"], "published": ["HomeViewModel"], "classes": [], "methods": [{"name": "HomeViewModel()", "description": "Factory function that creates and returns a NativeScript view model object using fromObject.", "scope": "", "scopeKind": ""}], "calls": ["@nativescript/core.fromObject"], "search-terms": ["HomeViewModel", "native script", "view model", "fromObject"], "state": 2, "file_id": 472, "knowledge_revision": 1493, "git_revision": "1aee8ed1eca8330cc765b711c43546e90b04ff39", "ctags": [{"_type": "tag", "name": "HomeViewModel", "path": "/home/kavia/workspace/code-generation/universalinit/src/universalinit/templates/nativescript/app/home/home-view-model.js", "pattern": "/^export function HomeViewModel() {$/", "language": "JavaScript", "kind": "function", "signature": "()"}], "hash": "b44f1b1314003ce4217d9c1ef7847dee", "format-version": 4, "code-base-name": "universalinit", "filename": "src/universalinit/templates/nativescript/app/home/home-view-model.js", "revision_history": [{"1493": "1aee8ed1eca8330cc765b711c43546e90b04ff39"}]}