{"is_source_file": true, "format": "TypeScript", "description": "This file is a configuration script for Vite, a build tool for frontend projects, setting up server options.", "external_files": ["vite"], "external_methods": ["defineConfig"], "published": [], "classes": [], "methods": [], "calls": ["defineConfig"], "search-terms": ["vite.config.ts", "Vite", "development server", "server configuration", "TypeScript", "build tool"], "state": 2, "file_id": 353, "knowledge_revision": 1371, "git_revision": "1aee8ed1eca8330cc765b711c43546e90b04ff39", "ctags": [], "hash": "aa804215dee9fd8b018893fb255987eb", "format-version": 4, "code-base-name": "universalinit", "filename": "src/universalinit/templates/typescript/vite.config.ts", "revision_history": [{"1371": "1aee8ed1eca8330cc765b711c43546e90b04ff39"}]}