{"is_source_file": true, "format": "TypeScript", "description": "Configuration file for Vite build tool, specifying server settings such as host, port, allowed hosts, and headers.", "external_files": ["vite"], "external_methods": ["defineConfig"], "published": ["default"], "classes": [], "methods": [], "calls": ["defineConfig"], "search-terms": ["vite.config.ts", "Vite", "server configuration", "build tool setup"], "state": 2, "file_id": 352, "knowledge_revision": 1366, "git_revision": "1aee8ed1eca8330cc765b711c43546e90b04ff39", "ctags": [], "hash": "6efeb32d6235067d6bad81a886455a94", "format-version": 4, "code-base-name": "universalinit", "filename": "src/universalinit/templates/slidev/vite.config.ts", "revision_history": [{"1366": "1aee8ed1eca8330cc765b711c43546e90b04ff39"}]}