{"is_source_file": true, "format": "TypeScript", "description": "Main entry point for an Angular application, globally bootstrapping the AppComponent with configuration.", "external_files": ["@angular/platform-browser", "./app/app.config", "./app/app.component"], "external_methods": ["bootstrapApplication"], "published": [], "classes": [], "methods": [{"name": "bootstrapApplication", "description": "Bootstraps an Angular application with the specified root component and configuration."}], "calls": ["bootstrapApplication(AppComponent, appConfig)", "console.error(err)"], "search-terms": ["main.ts", "angular startup", "bootstrapApplication", "AppComponent", "@angular/platform-browser", "appConfig"], "state": 2, "file_id": 586, "knowledge_revision": 1611, "git_revision": "1aee8ed1eca8330cc765b711c43546e90b04ff39", "ctags": [], "hash": "c986c915181c0d91d6ea1af9fc003131", "format-version": 4, "code-base-name": "universalinit", "filename": "src/universalinit/templates/angular/src/main.ts", "revision_history": [{"1611": "1aee8ed1eca8330cc765b711c43546e90b04ff39"}]}