{"is_source_file": true, "format": "TypeScript (Vue.js main.ts)", "description": "Main entry file for a Vue.js application, setting up app initialization, plugins, and mounting.", "external_files": ["./assets/main.css", "./App.vue", "./router"], "external_methods": ["createApp", "use", "mount"], "published": [], "classes": [], "methods": [{"name": "createApp", "description": "Creates a new Vue application instance with the provided root component."}, {"name": "use", "description": "Registers plugins or modules with the Vue application instance."}, {"name": "mount", "description": "Mounts the Vue application to the DOM element with the specified selector."}], "calls": ["createApp", "app.use", "app.mount"], "search-terms": ["main.ts", "Vue.js entry", "app initialization", "createApp", "Pinia", "router"], "state": 2, "file_id": 341, "knowledge_revision": 744, "git_revision": "67e5b3ebfcb2f1a495fbaf77f3efc93a0881a9ab", "ctags": [{"_type": "tag", "name": "app", "path": "/home/kavia/workspace/code-generation/universalinit/src/universalinit/templates/vue/src/main.ts", "pattern": "/^const app = createApp(App)$/", "language": "TypeScript", "kind": "constant"}], "hash": "787582f2e0c8ceb362a78df92c25daaa", "format-version": 4, "code-base-name": "universalinit", "filename": "src/universalinit/templates/vue/src/main.ts", "revision_history": [{"744": "67e5b3ebfcb2f1a495fbaf77f3efc93a0881a9ab"}]}