{"is_source_file": false, "format": "", "description": "", "external_files": [], "external_methods": [], "published": [], "classes": [], "methods": [], "calls": [], "search-terms": ["for loop", "Blits.Component", "template", "Element", "Array", "for-in", "key", "range", "ref", "performance", "performance optimization", "template syntax"], "state": 2, "file_id": 394, "knowledge_revision": 1410, "git_revision": "1aee8ed1eca8330cc765b711c43546e90b04ff39", "hash": "62ad2071437a9c48965a87abeaf924e8", "format-version": 4, "code-base-name": "universalinit", "filename": "src/universalinit/templates/lightningjs/docs/built-in_for-loop.md", "revision_history": [{"1410": "1aee8ed1eca8330cc765b711c43546e90b04ff39"}]}