{"is_source_file": false, "format": "", "description": "", "external_files": [], "external_methods": [], "published": [], "classes": [], "methods": [], "calls": [], "search-terms": [], "state": 2, "file_id": 176, "knowledge_revision": 566, "git_revision": "7a786e794c869a907959867b8b6688a6b0aff98e", "hash": "448c65f2618eac91cb0718540996359a", "format-version": 4, "code-base-name": "universalinit", "filename": "src/universalinit/templates/angular/README.md", "revision_history": [{"566": "7a786e794c869a907959867b8b6688a6b0aff98e"}]}