{"is_source_file": true, "format": "JavaScript Module (.mjs)", "description": "ESLint configuration file for React projects, defining linting rules and plugin configurations tailored for React and JavaScript.", "external_files": ["@eslint/js", "eslint-plugin-react"], "external_methods": ["pluginJs", "pluginReact"], "published": [], "classes": [], "methods": [{"name": "default", "description": "Default exported array configuring ESLint rules, plugins, and parser options for React and JavaScript."}], "calls": ["pluginJs", "pluginReact", "pluginJs.configs.recommended"], "search-terms": ["eslint", "react", "eslint-plugin-react", "eslint-config", "jsx", "parserOptions", "rules", "plugins", "jsx-scope", "no-unused-vars"], "state": 2, "file_id": 438, "knowledge_revision": 1455, "git_revision": "1aee8ed1eca8330cc765b711c43546e90b04ff39", "hash": "be6538e7523bc2e9da0743133d784136", "format-version": 4, "code-base-name": "universalinit", "filename": "src/universalinit/templates/react/eslint.config.mjs", "revision_history": [{"1455": "1aee8ed1eca8330cc765b711c43546e90b04ff39"}]}