{"is_source_file": true, "format": "TypeScript", "description": "This file defines a function setupCounter that initializes a button element to act as a clickable counter, updating its label each time it is clicked.", "external_files": [], "external_methods": [], "published": ["setupCounter"], "classes": [], "methods": [{"name": "export function setupCounter(element: HTMLButtonElement) { setupCounter", "description": "Initializes a button element to act as a counter button, updating its display each time it is clicked.", "scope": "", "scopeKind": ""}], "calls": ["addEventListener", "setCounter"], "search-terms": ["setupCounter", "counter", "HTMLButtonElement", "click event", "TypeScript counter"], "state": 2, "file_id": 502, "knowledge_revision": 1526, "git_revision": "1aee8ed1eca8330cc765b711c43546e90b04ff39", "ctags": [{"_type": "tag", "name": "setCounter", "path": "/home/kavia/workspace/code-generation/universalinit/src/universalinit/templates/typescript/src/counter.ts", "pattern": "/^  const setCounter = (count: number) => {$/", "language": "TypeScript", "kind": "constant", "scope": "setupCounter", "scopeKind": "function"}, {"_type": "tag", "name": "setupCounter", "path": "/home/kavia/workspace/code-generation/universalinit/src/universalinit/templates/typescript/src/counter.ts", "pattern": "/^export function setupCounter(element: HTMLButtonElement) {$/", "language": "TypeScript", "kind": "function"}], "hash": "3de3bb5fb4e9f21d2dd136b8fb2fc629", "format-version": 4, "code-base-name": "universalinit", "filename": "src/universalinit/templates/typescript/src/counter.ts", "revision_history": [{"1526": "1aee8ed1eca8330cc765b711c43546e90b04ff39"}]}