{"is_source_file": true, "format": "JavaScript Module (ESM)", "description": "ESLint configuration file defining linting rules and settings for JavaScript and TypeScript files in the project.", "external_files": ["@eslint/js", "globals", "typescript-eslint"], "external_methods": ["js.configs.recommended", "tseslint.configs.recommended", "tseslint.parser"], "published": [], "classes": [], "methods": [], "calls": ["js.configs.recommended", "...tseslint.configs.recommended", "tseslint.parser"], "search-terms": ["eslint", "eslint.config", "typescript-eslint", "eslint.rules", "config", "typescript"], "state": 2, "file_id": 391, "knowledge_revision": 1410, "git_revision": "1aee8ed1eca8330cc765b711c43546e90b04ff39", "hash": "6eae6a40fd45c831d338e6b184ad821b", "format-version": 4, "code-base-name": "universalinit", "filename": "src/universalinit/templates/astro/eslint.config.mjs", "revision_history": [{"1410": "1aee8ed1eca8330cc765b711c43546e90b04ff39"}]}