{"is_source_file": true, "format": "JavaScript", "description": "This file defines a controller class 'HealthController' for handling health check requests in a web application. It imports a health service, defines a method to get the health status, and exports an instance of the controller.", "external_files": ["../services/health"], "external_methods": ["healthService.getStatus"], "published": ["HealthController"], "classes": [{"name": "HealthController", "description": "Controller class handling health check endpoint, providing a check method to retrieve application health status."}], "methods": [{"name": "check(req, res)", "description": "Handles HTTP requests to perform a health check by calling the health service and returning the status as JSON.", "scope": "HealthController", "scopeKind": "class"}], "calls": ["healthService.getStatus", "res.status", "res.json"], "search-terms": ["HealthController", "healthService", "check", "health status", "health endpoint"], "state": 2, "file_id": 516, "knowledge_revision": 1533, "git_revision": "1aee8ed1eca8330cc765b711c43546e90b04ff39", "ctags": [{"_type": "tag", "name": "HealthController", "path": "/home/kavia/workspace/code-generation/universalinit/src/universalinit/templates/express/src/controllers/health.js", "pattern": "/^class HealthController {$/", "language": "JavaScript", "kind": "class"}, {"_type": "tag", "name": "check", "path": "/home/kavia/workspace/code-generation/universalinit/src/universalinit/templates/express/src/controllers/health.js", "pattern": "/^  check(req, res) {$/", "language": "JavaScript", "kind": "method", "signature": "(req, res)", "scope": "HealthController", "scopeKind": "class"}, {"_type": "tag", "name": "exports", "path": "/home/kavia/workspace/code-generation/universalinit/src/universalinit/templates/express/src/controllers/health.js", "pattern": "/^module.exports = new HealthController();$/", "language": "JavaScript", "kind": "variable", "scope": "module", "scopeKind": "class"}, {"_type": "tag", "name": "healthService", "path": "/home/kavia/workspace/code-generation/universalinit/src/universalinit/templates/express/src/controllers/health.js", "pattern": "/^const healthService = require('..\\/services\\/health');$/", "language": "JavaScript", "kind": "constant"}], "hash": "05c26663041fbc83dd60748f0bc705da", "format-version": 4, "code-base-name": "universalinit", "filename": "src/universalinit/templates/express/src/controllers/health.js", "fields": [{"name": "module.exports = new HealthController();", "scope": "module", "scopeKind": "class", "description": "unavailable"}], "revision_history": [{"1533": "1aee8ed1eca8330cc765b711c43546e90b04ff39"}]}