{"is_source_file": true, "format": "JavaScript (ES module)", "description": "This file is an ESLint configuration module for a Next.js project, setting up compatibility and extending configurations for core web vitals and TypeScript.", "external_files": ["@eslint/eslintrc", "path", "url"], "external_methods": ["FlatCompat.extends", "fileURLToPath", "dirname"], "published": ["eslintConfig"], "classes": [], "methods": [{"name": "extends", "description": "Extends ESLint configurations for Next.js and TypeScript using FlatCompat."}], "calls": ["compat.extends"], "search-terms": ["eslint", "nextjs", "eslint.config.mjs", "FlatCompat", "typescript", "core-web-vitals", "next/typescript"], "state": 2, "file_id": 478, "knowledge_revision": 1492, "git_revision": "1aee8ed1eca8330cc765b711c43546e90b04ff39", "hash": "b43f470c5df5e9ff4c2f5e0bd917a881", "format-version": 4, "code-base-name": "universalinit", "filename": "src/universalinit/templates/nextjs/eslint.config.mjs", "revision_history": [{"1492": "1aee8ed1eca8330cc765b711c43546e90b04ff39"}]}