{"is_source_file": true, "format": "TypeScript", "description": "Tailwind CSS configuration file for the remix project, specifying content paths and theme extensions.", "external_files": ["tailwindcss"], "external_methods": [], "published": [], "classes": [], "methods": [], "calls": ["satisfies"], "search-terms": ["tailwind.config.ts", "remix", "tailwind", "content", "theme", "fontFamily", "extend", "plugins"], "state": 2, "file_id": 469, "knowledge_revision": 1485, "git_revision": "1aee8ed1eca8330cc765b711c43546e90b04ff39", "ctags": [], "hash": "ec9c3bff099c7a629e56845efd338c42", "format-version": 4, "code-base-name": "universalinit", "filename": "src/universalinit/templates/remix/tailwind.config.ts", "revision_history": [{"1485": "1aee8ed1eca8330cc765b711c43546e90b04ff39"}]}