{"is_source_file": true, "format": "TypeScript/TSX", "description": "A Qwik component defining a hero section with a celebratory confetti animation, including image and button elements.", "external_files": ["./hero.module.css", "../../../media/thunder.png?jsx"], "external_methods": ["component$"], "published": [], "classes": [], "methods": [{"name": "loadConfetti", "description": "Dynamically loads the confetti script from a CDN and resolves with the global confetti object."}, {"name": "shoot", "description": "Fires multiple confetti bursts with different parameters for celebration effect."}], "calls": ["component$", "document.createElement", "document.head.appendChild", "script.onload", "script.onerror", "setTimeout"], "search-terms": ["Qwik hero component", "confetti animation", "confetti script loading", "hero.tsx", "celebration button"], "state": 2, "file_id": 405, "knowledge_revision": 1427, "git_revision": "1aee8ed1eca8330cc765b711c43546e90b04ff39", "ctags": [], "hash": "42d45447efa998ad31a8bf6cd455b5c1", "format-version": 4, "code-base-name": "universalinit", "filename": "src/universalinit/templates/qwik/src/components/starter/hero/hero.tsx", "revision_history": [{"1427": "1aee8ed1eca8330cc765b711c43546e90b04ff39"}]}