{"is_source_file": true, "format": "TypeScript (TSX)", "description": "A React-like component for a website footer implemented with Qwik, displaying attribution and server time.", "external_files": ["../../../routes/layout", "./footer.module.css", "@builder.io/qwik"], "external_methods": ["useServerTimeLoader", "component$"], "published": [], "classes": [], "methods": [{"name": "default", "description": "Default component function returning the footer JSX."}], "calls": ["useServerTimeLoader", "component$"], "search-terms": ["footer", "Qwik", "component$", "useServerTimeLoader", "tsx", "footer.module.css", "builder.io"], "state": 2, "file_id": 408, "knowledge_revision": 1430, "git_revision": "1aee8ed1eca8330cc765b711c43546e90b04ff39", "ctags": [], "hash": "5e83eb5470cf84aff350a45599f1b87a", "format-version": 4, "code-base-name": "universalinit", "filename": "src/universalinit/templates/qwik/src/components/starter/footer/footer.tsx", "revision_history": [{"1430": "1aee8ed1eca8330cc765b711c43546e90b04ff39"}]}