{"is_source_file": true, "format": "TypeScript", "description": "This file sets up testing environment for Svelte components with Vitest, including importing testing utilities and mocking browser APIs like matchMedia.", "external_files": ["@testing-library/jest-dom/vitest", "vitest"], "external_methods": ["vi.fn"], "published": [], "classes": [], "methods": [{"name": "Object.defineProperty", "description": "Defines a new property 'matchMedia' on the window object with a mock implementation."}], "calls": ["Object.defineProperty"], "search-terms": ["vitest-setup-client", "matchMedia mock", "Svelte testing setup", "Vitest", "jest-dom"], "state": 2, "file_id": 287, "knowledge_revision": 688, "git_revision": "0ae52866976d9e5d140be46e739b5b8b69611f68", "ctags": [], "hash": "b7bf9deeb7ba165ebe85a32fe6ac036e", "format-version": 4, "code-base-name": "universalinit", "filename": "src/universalinit/templates/svelte/vitest-setup-client.ts", "revision_history": [{"688": "0ae52866976d9e5d140be46e739b5b8b69611f68"}]}