{"is_source_file": true, "file_id": 201, "git_revision": "aa69f66299701fc97267fe090de8289037534011", "state": 3, "description": "", "external_files": [], "external_methods": [], "published": [], "classes": [], "methods": [], "calls": [], "search-terms": [], "hash": "5be7ddce2ded77e31bf239689008eb7b", "format-version": 4, "code-base-name": "universalinit", "filename": "src/universalinit/templates/nativescript/App_Resources/Android/src/main/res/values/ic_launcher_background.xml", "knowledge_revision": 202}