{"is_source_file": true, "format": "TypeScript", "description": "Configuration file for ESLint in a Vue.js project using TypeScript, Vitest, and Prettier. It exports an ESLint configuration object with specific rules, file inclusions, and ignores for certain directories.", "external_files": ["eslint-plugin-vue", "@vue/eslint-config-typescript", "@vitest/eslint-plugin", "@vue/eslint-config-prettier/skip-formatting"], "external_methods": ["defineConfigWithVueTs", "vueTsConfigs.recommended"], "published": ["default"], "classes": [], "methods": [{"name": "defineConfigWithVueTs", "description": "Function to define an ESLint configuration with Vue and TypeScript support."}, {"name": "vueTsConfigs.recommended", "description": "Preset configuration object for recommended Vue TypeScript ESLint rules."}], "calls": ["defineConfigWithVueTs"], "search-terms": ["eslint", "Vue", "TypeScript", "eslint-plugin-vue", "eslint-config-typescript", "vitest", "prettier", "eslint configuration", "Vue ESLint setup"], "state": 2, "file_id": 564, "knowledge_revision": 1588, "git_revision": "1aee8ed1eca8330cc765b711c43546e90b04ff39", "ctags": [], "hash": "e25c340ceed14d09bdaf1f13a69b34bc", "format-version": 4, "code-base-name": "universalinit", "filename": "src/universalinit/templates/vue/eslint.config.ts", "revision_history": [{"1588": "1aee8ed1eca8330cc765b711c43546e90b04ff39"}]}