{"is_source_file": true, "format": "bash", "description": "A bash script to initialize and set up an Android Kotlin project with Gradle; it automates directory creation, configuration file generation, dependency setup, placeholder resources, and wrapper installation.", "external_files": ["gradle/wrapper/gradle-wrapper.jar"], "external_methods": [], "published": ["PROJECT_NAME", "PACKAGE_NAME", "MIN_SDK", "TARGET_SDK", "COMPILE_SDK", "GRADLE_VERSION", "KOTLIN_VERSION"], "classes": [], "methods": [], "calls": ["echo", "mkdir", "base64", "sed", "tr", "chmod", "command -v curl", "command -v wget", "curl", "wget"], "search-terms": ["init_android_kotlin_project", "gradle_wrapper_install", "project_setup_script", "android_project_template", "bash_project_initializer"], "state": 2, "file_id": 401, "knowledge_revision": 1419, "git_revision": "1aee8ed1eca8330cc765b711c43546e90b04ff39", "hash": "8a68f05b97405edde091c7cc776d6ef3", "format-version": 4, "code-base-name": "universalinit", "filename": "src/universalinit/templates/kotlin/init_script.sh", "revision_history": [{"1419": "1aee8ed1eca8330cc765b711c43546e90b04ff39"}]}