{"is_source_file": true, "format": "TypeScript", "description": "This file configures remotion rendering options such as image format and output overwrite settings.", "external_files": ["@remotion/cli/config"], "external_methods": ["Config.setVideoImageFormat", "Config.setOverwriteOutput"], "published": [], "classes": [], "methods": [{"name": "setVideoImageFormat", "description": "Sets the image format for videos"}, {"name": "setOverwriteOutput", "description": "Configures whether to overwrite output files"}], "calls": ["Config.setVideoImageFormat", "Config.setOverwriteOutput"], "search-terms": ["remotion", "config", "video format", "overwrite output", "remotion.config.ts", "remotion"], "state": 2, "file_id": 466, "knowledge_revision": 1483, "git_revision": "1aee8ed1eca8330cc765b711c43546e90b04ff39", "ctags": [], "hash": "59c56da67f1bfdb377d7df8bd4fadc25", "format-version": 4, "code-base-name": "universalinit", "filename": "src/universalinit/templates/remotion/remotion.config.ts", "revision_history": [{"1483": "1aee8ed1eca8330cc765b711c43546e90b04ff39"}]}