{"is_source_file": true, "format": "Python", "description": "This source file defines a mapping between project types and their respective identifiers as strings. It imports a ProjectType enum and creates a dictionary named TEMPLATE_MAP that associates each project type with a string key.", "external_files": ["from .templateconfig import ProjectType"], "external_methods": [], "published": ["TEMPLATE_MAP"], "classes": [], "methods": [], "calls": ["from .templateconfig import ProjectType"], "search_terms": ["TEMPLATE_MAP", "ProjectType", "templateconfig", "mapping", "project types"], "state": 2, "file_id": 393, "knowledge_revision": 783, "git_revision": "5114423a2d68fcfe53a1d73226afd24bce7775ae", "ctags": [{"_type": "tag", "name": "TEMPLATE_MAP", "path": "/home/kavia/workspace/code-generation/universalinit/src/universalinit/templates.py", "pattern": "/^TEMPLATE_MAP = {$/", "language": "Python", "kind": "variable"}], "hash": "18b60557676a0501339c74a68209ff7e", "format-version": 4, "code-base-name": "universalinit", "filename": "src/universalinit/templates.py", "search-terms": [], "fields": [{"name": "TEMPLATE_MAP = {", "scope": "", "scopeKind": "", "description": "unavailable"}], "revision_history": [{"783": "5114423a2d68fcfe53a1d73226afd24bce7775ae"}]}