{"is_source_file": true, "format": "TypeScript", "description": "This file configures server-specific application settings for an Angular project, merging client and server configurations.", "external_files": ["@angular/core", "@angular/platform-server", "./app.config"], "external_methods": ["mergeApplicationConfig", "provideServerRendering"], "published": ["config"], "classes": [], "methods": [{"name": "mergeApplicationConfig", "description": "Merges multiple application configurations into a single configuration object."}, {"name": "provideServerRendering", "description": "Provides server rendering capabilities in the Angular application configuration."}], "calls": ["provideServerRendering()", "mergeApplicationConfig(appConfig, serverConfig)"], "search-terms": ["Angular server config", "app.config.server.ts", "mergeApplicationConfig", "provideServerRendering", "ApplicationConfig", "Angular platform-server"], "state": 2, "file_id": 167, "knowledge_revision": 567, "git_revision": "7a786e794c869a907959867b8b6688a6b0aff98e", "ctags": [{"_type": "tag", "name": "config", "path": "/home/kavia/workspace/code-generation/universalinit/src/universalinit/templates/angular/src/app/app.config.server.ts", "pattern": "/^export const config = mergeApplicationConfig(appConfig, serverConfig);$/", "language": "TypeScript", "kind": "constant"}, {"_type": "tag", "name": "serverConfig", "path": "/home/kavia/workspace/code-generation/universalinit/src/universalinit/templates/angular/src/app/app.config.server.ts", "pattern": "/^const serverConfig: ApplicationConfig = {$/", "language": "TypeScript", "kind": "constant"}], "hash": "9fcafd12104018b7fb74bad3e42a1977", "format-version": 4, "code-base-name": "universalinit", "filename": "src/universalinit/templates/angular/src/app/app.config.server.ts", "revision_history": [{"567": "7a786e794c869a907959867b8b6688a6b0aff98e"}]}