{"is_source_file": true, "format": "JavaScript/ECMAScript Module (.mjs)", "description": "This file configures ESLint for a Next.js project, extending base configurations to include core web vitals and TypeScript settings using the FlatCompat utility.", "external_files": ["@eslint/eslintrc", "path", "url"], "external_methods": ["FlatCompat.extends"], "published": ["eslintConfig"], "classes": [], "methods": [{"name": "FlatCompat", "description": "A class used to extend ESLint configurations for compatibility across different configuration formats."}], "calls": ["FlatCompat.extends"], "search-terms": ["eslint", "nextjs", "eslint.config.mjs", "FlatCompat", "typescript", "next/core-web-vitals"], "state": 2, "file_id": 443, "knowledge_revision": 1458, "git_revision": "1aee8ed1eca8330cc765b711c43546e90b04ff39", "hash": "b43f470c5df5e9ff4c2f5e0bd917a881", "format-version": 4, "code-base-name": "universalinit", "filename": "src/universalinit/templates/nextjs/eslint.config.mjs", "revision_history": [{"1458": "1aee8ed1eca8330cc765b711c43546e90b04ff39"}]}