{"is_source_file": true, "format": "TypeScript declaration (.d.ts)", "description": "This file defines global types and interfaces for a SvelteKit application, primarily serving as a type declaration file with placeholder interfaces within a namespace.", "external_files": ["https://svelte.dev/docs/kit/types#app.d.ts"], "external_methods": [], "published": [], "classes": [], "methods": [], "calls": [], "search-terms": ["global", "TypeScript", "SvelteKit", "app.d.ts", "namespace App", "interface Error", "interface Locals", "interface PageData", "interface PageState", "interface Platform"], "state": 2, "file_id": 481, "knowledge_revision": 1508, "git_revision": "1aee8ed1eca8330cc765b711c43546e90b04ff39", "ctags": [{"_type": "tag", "name": "App", "path": "/home/kavia/workspace/code-generation/universalinit/src/universalinit/templates/svelte/src/app.d.ts", "pattern": "/^\tnamespace App {$/", "language": "TypeScript", "kind": "namespace"}], "hash": "78b56494b3f78d7f9bacda13678f159e", "format-version": 4, "code-base-name": "universalinit", "filename": "src/universalinit/templates/svelte/src/app.d.ts", "revision_history": [{"1508": "1aee8ed1eca8330cc765b711c43546e90b04ff39"}]}