{"is_source_file": false, "format": "", "description": "", "external_files": [], "external_methods": [], "published": [], "classes": [], "methods": [], "calls": [], "search-terms": [], "state": 2, "file_id": 476, "knowledge_revision": 1494, "git_revision": "1aee8ed1eca8330cc765b711c43546e90b04ff39", "hash": "247031946a87269bd52ed64808d26205", "format-version": 4, "code-base-name": "universalinit", "filename": "src/universalinit/templates/nativescript/App_Resources/Android/before-plugins.gradle", "revision_history": [{"1494": "1aee8ed1eca8330cc765b711c43546e90b04ff39"}]}