{"is_source_file": true, "format": "TypeScript/TSX", "description": "Server-side entry point for handling HTTP requests in a Remix application, managing server rendering with streaming and bot detection.", "external_files": ["@remix-run/node", "@remix-run/react", "react-dom/server", "isbot", "node:stream"], "external_methods": ["createReadableStreamFromReadable", "renderToPipeableStream"], "published": ["handleRequest"], "classes": [], "methods": [{"name": "handleRequest", "description": "Main function to handle incoming HTTP requests, setting CORS headers and delegating to bot or browser request handlers."}, {"name": "handleBotRequest", "description": "Handles server-side rendering when the request comes from a bot, streaming the React app's output."}, {"name": "handleBrowserRequest", "description": "Handles server-side rendering for browser requests, streaming the React app's output."}], "calls": ["isbot", "renderToPipeableStream", "createReadableStreamFromReadable"], "search-terms": ["remix entry.server", "server streaming render", "bot detection", "react-dom/server", "RemixServer", "handleRequest"], "state": 2, "file_id": 545, "knowledge_revision": 1575, "git_revision": "1aee8ed1eca8330cc765b711c43546e90b04ff39", "ctags": [], "hash": "ea3fdec8a39ab86ca67d22f9ecc48c65", "format-version": 4, "code-base-name": "universalinit", "filename": "src/universalinit/templates/remix/app/entry.server.tsx", "revision_history": [{"1575": "1aee8ed1eca8330cc765b711c43546e90b04ff39"}]}