{"is_source_file": true, "format": "Python", "description": "This Python script is a command-line interface (CLI) tool for initializing various types of software projects based on user-specified parameters. It handles argument parsing, creates project configurations, interacts with template factories to generate project templates, processes initialization info, and outputs JSON summaries of the process.", "external_files": ["universalinit.templateconfig", "universalinit.universalinit"], "external_methods": ["TemplateInitInfo", "ProjectConfig", "ProjectType.from_string", "ProjectInitializer", "ProjectInitializer().template_factory.create_template", "Template.get_init_info", "initialize_project"], "published": ["parse_parameters", "create_project_config", "make_path_absolute", "template_init_info_to_dict", "output_json", "main"], "classes": [{"name": "ProjectConfig", "description": "Configuration object representing project parameters such as name, version, description, author, project type, output path, and additional parameters."}, {"name": "ProjectType", "description": "Enum or class method to interpret string identifiers as project types."}, {"name": "ProjectInitializer", "description": "Main orchestrator class responsible for creating project templates and performing initialization."}], "methods": [{"name": "Dict[str,Any] parse_parameters(params_str: str)", "description": "Parses a comma-separated string of key=value pairs into a dictionary with appropriately typed values.", "scope": "", "scopeKind": ""}, {"name": "ProjectConfig create_project_config(args)", "description": "Constructs a ProjectConfig object from CLI arguments.", "scope": "", "scopeKind": ""}, {"name": "str make_path_absolute(path: str, base_path: Path)", "description": "Converts a relative path into an absolute path based on the project directory.", "scope": "", "scopeKind": ""}, {"name": "dict template_init_info_to_dict(init_info: TemplateInitInfo, project_path: Path)", "description": "Serializes TemplateInitInfo into a dictionary with absolute paths for init files, suitable for JSON output.", "scope": "", "scopeKind": ""}, {"name": "output_json(success: bool, message: str, template_info: TemplateInitInfo = None, project_path: Path = None)", "description": "Outputs the initialization result and template configuration in JSON format.", "scope": "", "scopeKind": ""}, {"name": "main()", "description": "Entry point of the CLI, orchestrates argument parsing, project creation, and startup process.", "scope": "", "scopeKind": ""}], "calls": ["argparse.ArgumentParser", "parser.add_argument", "parser.parse_args", "ProjectType.from_string", "initializer.template_factory.create_template", "Template.get_init_info", "initialize_project", "output_json"], "search-terms": ["cli.py", "universalinit", "parse_parameters", "template_init_info_to_dict", "create_project_config", "initialize_project", "universal project initializer", "command-line interface", "project template", "project configuration"], "state": 2, "file_id": 676, "knowledge_revision": 1694, "git_revision": "1aee8ed1eca8330cc765b711c43546e90b04ff39", "ctags": [{"_type": "tag", "name": "create_project_config", "path": "/home/kavia/workspace/code-generation/universalinit/src/universalinit/cli.py", "pattern": "/^def create_project_config(args) -> ProjectConfig:$/", "language": "Python", "typeref": "typename:ProjectConfig", "kind": "function", "signature": "(args)"}, {"_type": "tag", "name": "main", "path": "/home/kavia/workspace/code-generation/universalinit/src/universalinit/cli.py", "pattern": "/^def main():$/", "language": "Python", "kind": "function", "signature": "()"}, {"_type": "tag", "name": "make_path_absolute", "path": "/home/kavia/workspace/code-generation/universalinit/src/universalinit/cli.py", "pattern": "/^def make_path_absolute(path: str, base_path: Path) -> str:$/", "language": "Python", "typeref": "typename:str", "kind": "function", "signature": "(path: str, base_path: Path)"}, {"_type": "tag", "name": "output_json", "path": "/home/kavia/workspace/code-generation/universalinit/src/universalinit/cli.py", "pattern": "/^def output_json(success: bool, message: str, template_info: TemplateInitInfo = None, project_pat/", "language": "Python", "kind": "function", "signature": "(success: bool, message: str, template_info: TemplateInitInfo = None, project_path: Path = None)"}, {"_type": "tag", "name": "parse_parameters", "path": "/home/kavia/workspace/code-generation/universalinit/src/universalinit/cli.py", "pattern": "/^def parse_parameters(params_str: str) -> Dict[str, Any]:$/", "language": "Python", "typeref": "typename:Dict[str,Any]", "kind": "function", "signature": "(params_str: str)"}, {"_type": "tag", "name": "template_init_info_to_dict", "path": "/home/kavia/workspace/code-generation/universalinit/src/universalinit/cli.py", "pattern": "/^def template_init_info_to_dict(init_info: TemplateInitInfo, project_path: Path) -> dict:$/", "language": "Python", "typeref": "typename:dict", "kind": "function", "signature": "(init_info: TemplateInitInfo, project_path: Path)"}], "hash": "757b2e18b385e1a9f5ec0b4e7fc257e0", "format-version": 4, "code-base-name": "universalinit", "filename": "src/universalinit/cli.py", "revision_history": [{"1694": "1aee8ed1eca8330cc765b711c43546e90b04ff39"}]}