{"is_source_file": false, "format": "", "description": "", "external_files": [], "external_methods": [], "published": [], "classes": [], "methods": [], "calls": [], "search-terms": [], "state": 2, "file_id": 131, "knowledge_revision": 522, "git_revision": "50d19eceaba55063bd806c62fcb2c72f124c01d2", "hash": "0cf97a81150d3b8904f285780896980d", "format-version": 4, "code-base-name": "universalinit", "filename": "src/universalinit/templates/solananextjs/tsconfig.json", "revision_history": [{"522": "50d19eceaba55063bd806c62fcb2c72f124c01d2"}]}