{"is_source_file": true, "format": "bash script", "description": "A shell script for setting up, initializing, and managing a MySQL server instance including setup of users, databases, authentication, and environment configuration.", "external_files": ["/var/run/mysqld/mysqld.sock", "db_connection.txt", "db_visualizer/mysql.env"], "external_methods": ["sudo mysqladmin ping", "sudo mysql --socket=...", "pgrep", "sudo mysqld", "sleep", "grep", "awk", "sudo mysqladmin shutdown"], "published": [], "classes": [], "methods": [], "calls": ["sudo mysqladmin ping", "sudo mysql --socket=...", "mysql -u root -p...", "sudo mysql --socket=... << EOF ... EOF", "sudo mysqld", "sleep", "grep", "awk", "sudo mysqladmin shutdown"], "search-terms": ["MySQL setup script", "mysqld management", "database initialization", "MySQL authentication fix", "server start in script", "database user creation", "bash database setup"], "state": 2, "file_id": 375, "knowledge_revision": 1386, "git_revision": "1aee8ed1eca8330cc765b711c43546e90b04ff39", "hash": "ee15961aa0bd2f6ec7099cb4bae5cc4d", "format-version": 4, "code-base-name": "universalinit", "filename": "src/universalinit/templates/mysql/startup.sh", "revision_history": [{"1386": "1aee8ed1eca8330cc765b711c43546e90b04ff39"}]}