{"is_source_file": true, "format": "TypeScript", "description": "This file sets up testing environment configurations, particularly for vitest testing with Svelte, including mock implementations for browser APIs like matchMedia.", "external_files": ["@testing-library/jest-dom/vitest", "vitest"], "external_methods": ["vi.fn()"], "published": [], "classes": [], "methods": [{"name": "Object.defineProperty", "description": "Defines or modifies a property directly on an object, here used to mock window.matchMedia"}], "calls": ["Object.defineProperty"], "search-terms": ["vitest", "matchMedia mock", "svelte testing", "vite testing setup", "vitest environment"], "state": 2, "file_id": 629, "knowledge_revision": 1654, "git_revision": "1aee8ed1eca8330cc765b711c43546e90b04ff39", "ctags": [], "hash": "b7bf9deeb7ba165ebe85a32fe6ac036e", "format-version": 4, "code-base-name": "universalinit", "filename": "src/universalinit/templates/svelte/vitest-setup-client.ts", "revision_history": [{"1654": "1aee8ed1eca8330cc765b711c43546e90b04ff39"}]}