{"is_source_file": true, "format": "TypeScript", "description": "This file serves as the bundle entry point for production mode preview of a Qwik-based application, configuring QwikCity middleware with rendering and plan data.", "external_files": ["@builder.io/qwik-city/middleware/node", "@qwik-city-plan", "./entry.ssr"], "external_methods": ["createQwikCity"], "published": ["default"], "classes": [], "methods": [{"name": "createQwikCity", "description": "Creates and configures the QwikCity middleware for the preview environment."}], "calls": ["createQwikCity"], "search-terms": ["entry.preview.tsx", "QwikCity", "middleware", "npm run preview", "Vite preview", "production mode", "bundle entry point"], "state": 2, "file_id": 147, "knowledge_revision": 552, "git_revision": "bf8e83a03386cc13b14f840fc39dc9004aad1478", "ctags": [], "hash": "99b0e5826d078e301743c08edc15c060", "format-version": 4, "code-base-name": "universalinit", "filename": "src/universalinit/templates/qwik/src/entry.preview.tsx", "revision_history": [{"552": "bf8e83a03386cc13b14f840fc39dc9004aad1478"}]}