{"is_source_file": true, "format": "TypeScript/TSX", "description": "This file defines a React component named 'RemotionRoot' that sets up video compositions using the Remotion library. It imports components and schemas, and exports JSX that renders multiple Composition components for video rendering.", "external_files": ["./HelloWorld", "./HelloWorld/Logo"], "external_methods": ["React.FC", "Composition"], "published": ["RemotionRoot"], "classes": [], "methods": [{"name": "RemotionRoot", "description": "React functional component that sets up Remotion video compositions with different configurations."}], "calls": ["React.FC", "Composition"], "search-terms": ["RemotionRoot", "Composition", "React.FC", "HelloWorld", "Logo", "remotion", "tsx"], "state": 2, "file_id": 529, "knowledge_revision": 1549, "git_revision": "1aee8ed1eca8330cc765b711c43546e90b04ff39", "ctags": [], "hash": "e7dd365e19e3e2c921953e942d5e0cad", "format-version": 4, "code-base-name": "universalinit", "filename": "src/universalinit/templates/remotion/src/Root.tsx", "revision_history": [{"1549": "1aee8ed1eca8330cc765b711c43546e90b04ff39"}]}