{"is_source_file": false, "format": "", "description": "", "external_files": [], "external_methods": [], "published": [], "classes": [], "methods": [], "calls": [], "search-terms": [], "state": 2, "file_id": 406, "knowledge_revision": 1417, "git_revision": "1aee8ed1eca8330cc765b711c43546e90b04ff39", "hash": "c0e48a42e5b4c93d8d0d288c481c28e4", "format-version": 4, "code-base-name": "universalinit", "filename": "src/universalinit/templates/remix/app/tailwind.css", "revision_history": [{"1417": "1aee8ed1eca8330cc765b711c43546e90b04ff39"}]}