{"is_source_file": true, "format": "TypeScript/TSX", "description": "This file defines a Remix route component for the index (home) page, including meta tags, layout, and resource links with icons.", "external_files": ["@remix-run/node"], "external_methods": ["MetaFunction"], "published": ["meta"], "classes": [], "methods": [{"name": "Index", "description": "React component rendering the homepage with header, logo, and resource links."}], "calls": ["meta", "resources.map", "{resources}.map", "{icon} in resources", "href", "text"], "search-terms": ["Remix Route", "MetaFunction", "React JSX layout", "resource links", "dynamic resource array", "logo images", "dark mode", "navigation", "index page"], "state": 2, "file_id": 487, "knowledge_revision": 1506, "git_revision": "1aee8ed1eca8330cc765b711c43546e90b04ff39", "ctags": [], "hash": "6d28052a030fa0277aebc7c4bb572511", "format-version": 4, "code-base-name": "universalinit", "filename": "src/universalinit/templates/remix/app/routes/_index.tsx", "revision_history": [{"1506": "1aee8ed1eca8330cc765b711c43546e90b04ff39"}]}