{"is_source_file": true, "format": "JavaScript", "description": "This file sets up an Express.js web server, configuring middleware for CORS, Swagger UI documentation, JSON parsing, route mounting, and error handling.", "external_files": ["./routes", "../swagger"], "external_methods": ["require('cors')", "require('express')", "require('./routes')", "require('swagger-ui-express')", "require('../swagger')", "app.use", "app.set", "swaggerUi.serve", "swaggerUi.setup", "req.get", "req.protocol", "req.socket.localPort", "req.secure", "console.error"], "published": ["app"], "classes": [], "methods": [{"name": "app.use", "description": "Configures middleware for CORS, Swagger UI, JSON parsing, route mounting, and error handling."}, {"name": "app.set", "description": "Sets the 'trust proxy' setting to true for Express app."}], "calls": ["cors({ ... })", "express()", "app.use(cors({ ... }))", "app.set('trust proxy', true)", "app.use('/docs', swaggerUi.serve, ...)", "swaggerUi.setup(dynamicSpec)(req, res, next)", "app.use(express.json())", "app.use('/', routes)", "app.use((err, req, res, next) => { ... })", "console.error(err.stack)"], "search-terms": ["express app setup", "Swagger UI express", "CORS configuration", "route mounting", "error handling middleware"], "state": 2, "file_id": 493, "knowledge_revision": 1517, "git_revision": "1aee8ed1eca8330cc765b711c43546e90b04ff39", "ctags": [{"_type": "tag", "name": "app", "path": "/home/kavia/workspace/code-generation/universalinit/src/universalinit/templates/express/src/app.js", "pattern": "/^const app = express();$/", "language": "JavaScript", "kind": "constant"}, {"_type": "tag", "name": "cors", "path": "/home/kavia/workspace/code-generation/universalinit/src/universalinit/templates/express/src/app.js", "pattern": "/^const cors = require('cors');$/", "language": "JavaScript", "kind": "constant"}, {"_type": "tag", "name": "express", "path": "/home/kavia/workspace/code-generation/universalinit/src/universalinit/templates/express/src/app.js", "pattern": "/^const express = require('express');$/", "language": "JavaScript", "kind": "constant"}, {"_type": "tag", "name": "routes", "path": "/home/kavia/workspace/code-generation/universalinit/src/universalinit/templates/express/src/app.js", "pattern": "/^const routes = require('.\\/routes');$/", "language": "JavaScript", "kind": "constant"}, {"_type": "tag", "name": "swaggerSpec", "path": "/home/kavia/workspace/code-generation/universalinit/src/universalinit/templates/express/src/app.js", "pattern": "/^const swaggerSpec = require('..\\/swagger');$/", "language": "JavaScript", "kind": "constant"}, {"_type": "tag", "name": "swaggerUi", "path": "/home/kavia/workspace/code-generation/universalinit/src/universalinit/templates/express/src/app.js", "pattern": "/^const swaggerUi = require('swagger-ui-express');$/", "language": "JavaScript", "kind": "constant"}], "hash": "5df3172f6e958a99d255956f667b1de4", "format-version": 4, "code-base-name": "universalinit", "filename": "src/universalinit/templates/express/src/app.js", "revision_history": [{"1517": "1aee8ed1eca8330cc765b711c43546e90b04ff39"}]}