{"is_source_file": false, "format": "", "description": "", "external_files": [], "external_methods": [], "published": [], "classes": [], "methods": [], "calls": [], "search-terms": [], "state": 2, "file_id": 562, "knowledge_revision": 1570, "git_revision": "1aee8ed1eca8330cc765b711c43546e90b04ff39", "hash": "f43f576e514bcf41ff66237c6631abe7", "format-version": 4, "code-base-name": "universalinit", "filename": "src/universalinit/templates/fastapi/config.yml", "revision_history": [{"1570": "1aee8ed1eca8330cc765b711c43546e90b04ff39"}]}