{"is_source_file": true, "format": "JavaScript", "description": "Test setup file for React application using jest-dom matchers, configuring custom DOM assertions for testing.", "external_files": ["@testing-library/jest-dom"], "external_methods": [], "published": [], "classes": [], "methods": [], "calls": ["import '@testing-library/jest-dom'"], "search-terms": ["jest-dom", "react testing", "setupTests.js", "testing-library"], "state": 2, "file_id": 523, "knowledge_revision": 1550, "git_revision": "1aee8ed1eca8330cc765b711c43546e90b04ff39", "ctags": [], "hash": "1a77571e1a8cf36018a41bcedf60db75", "format-version": 4, "code-base-name": "universalinit", "filename": "src/universalinit/templates/react/src/setupTests.js", "revision_history": [{"1550": "1aee8ed1eca8330cc765b711c43546e90b04ff39"}]}