{"is_source_file": true, "format": "JavaScript", "description": "Vite configuration file for a LightningJS project, setting up build and server options.", "external_files": ["@lightningjs/blits/vite"], "external_methods": ["defineConfig"], "published": [], "classes": [], "methods": [{"name": "defineConfig", "description": "Function to define and export Vite configuration, taking a callback with build context."}], "calls": ["defineConfig", "blitsVitePlugins"], "search-terms": ["vite.config.js", "LightningJS", "Vite", "Lightningjs plugins", "Vite configuration", "vite server settings", "Lightningjs vite plugins"], "state": 2, "file_id": 463, "knowledge_revision": 1487, "git_revision": "1aee8ed1eca8330cc765b711c43546e90b04ff39", "ctags": [], "hash": "8acdac9175269e76719fddf670b22d2f", "format-version": 4, "code-base-name": "universalinit", "filename": "src/universalinit/templates/lightningjs/vite.config.js", "revision_history": [{"1487": "1aee8ed1eca8330cc765b711c43546e90b04ff39"}]}