{"is_source_file": true, "format": "TypeScript", "description": "This file exports a configuration setting for pre-rendering a SvelteKit route, indicating that the route should be statically generated.", "external_files": [], "external_methods": [], "published": ["prerender"], "classes": [], "methods": [], "calls": [], "search-terms": ["+page.ts", "prerender", "SvelteKit", "static asset", "route prerendering"], "state": 2, "file_id": 504, "knowledge_revision": 1525, "git_revision": "1aee8ed1eca8330cc765b711c43546e90b04ff39", "ctags": [{"_type": "tag", "name": "prerender", "path": "/home/kavia/workspace/code-generation/universalinit/src/universalinit/templates/svelte/src/routes/+page.ts", "pattern": "/^export const prerender = true;$/", "language": "TypeScript", "kind": "constant"}], "hash": "a20aecd382022d6c9654ef9b5a27c969", "format-version": 4, "code-base-name": "universalinit", "filename": "src/universalinit/templates/svelte/src/routes/+page.ts", "revision_history": [{"1525": "1aee8ed1eca8330cc765b711c43546e90b04ff39"}]}