{"is_source_file": true, "format": "JavaScript Module (ESM)", "description": "ESLint configuration file written in JavaScript, importing recommended configurations and setting custom rules and ignore patterns.", "external_files": ["@eslint/js", "@typescript-eslint/eslint-plugin", "@typescript-eslint/parser"], "external_methods": [], "published": [], "classes": [], "methods": [], "calls": ["js.configs.recommended"], "search-terms": ["eslint", "typescript", "eslint.config.mjs", "TSLint", "linting", "configuration", "ignore patterns", "typescript parser", "eslint plugins"], "state": 2, "file_id": 489, "knowledge_revision": 1504, "git_revision": "1aee8ed1eca8330cc765b711c43546e90b04ff39", "hash": "e07c5093c78842a4ba4667fc4b86ccee", "format-version": 4, "code-base-name": "universalinit", "filename": "src/universalinit/templates/vite/eslint.config.mjs", "revision_history": [{"1504": "1aee8ed1eca8330cc765b711c43546e90b04ff39"}]}