{"is_source_file": false, "format": "", "description": "", "external_files": [], "external_methods": [], "published": [], "classes": [], "methods": [], "calls": [], "search-terms": [], "state": 2, "file_id": 533, "knowledge_revision": 1550, "git_revision": "1aee8ed1eca8330cc765b711c43546e90b04ff39", "ctags": [], "hash": "c735540bb63936a123bc867d950c9f69", "format-version": 4, "code-base-name": "universalinit", "filename": "src/universalinit/templates/remix/postcss.config.js", "revision_history": [{"1550": "1aee8ed1eca8330cc765b711c43546e90b04ff39"}]}