{"is_source_file": true, "format": "TypeScript", "description": "Nuxt.js configuration file for setting up project parameters such as compatibility, devtools, Nitro server routes, and Vite server options.", "external_files": [], "external_methods": ["defineNuxtConfig"], "published": ["defineNuxtConfig"], "classes": [], "methods": [{"name": "defineNuxtConfig", "description": "Function used to define and export Nuxt.js configuration settings."}], "calls": ["defineNuxtConfig"], "search-terms": ["nuxt", "nuxt.config", "Nitro", "Vite", "routeRules", "compatibilityDate"], "state": 2, "file_id": 620, "knowledge_revision": 1643, "git_revision": "1aee8ed1eca8330cc765b711c43546e90b04ff39", "ctags": [], "hash": "5f9df0d4eaa42a5ea12a40cd14adef50", "format-version": 4, "code-base-name": "universalinit", "filename": "src/universalinit/templates/nuxt/nuxt.config.ts", "revision_history": [{"1643": "1aee8ed1eca8330cc765b711c43546e90b04ff39"}]}