{"is_source_file": false, "format": "", "description": "", "external_files": [], "external_methods": [], "published": [], "classes": [], "methods": [], "calls": [], "search-terms": [], "state": 2, "file_id": 548, "knowledge_revision": 1564, "git_revision": "1aee8ed1eca8330cc765b711c43546e90b04ff39", "hash": "a3225d79731d705f994952c5a148bbd9", "format-version": 4, "code-base-name": "universalinit", "filename": "src/universalinit/templates/lightningjs/docs/components_utility_methods.md", "revision_history": [{"1564": "1aee8ed1eca8330cc765b711c43546e90b04ff39"}]}