{"is_source_file": true, "format": "TypeScript/TSX", "description": "A source file for a Qwik-based Todo List component, implementing loading, adding items, and rendering UI.", "external_files": ["@builder.io/qwik", "@builder.io/qwik-city", "./todolist.module.css"], "external_methods": ["component$", "routeLoader$", "routeAction$", "zod$", "z", "Form"], "published": ["head"], "classes": [], "methods": [{"name": "useListLoader", "description": "Loads the current list of Todo items."}, {"name": "useAddToListAction", "description": "Handles adding a new item to the list with validation."}], "calls": ["useListLoader", "useAddToListAction", "component$", "routeLoader$", "routeAction$", "zod$"], "search-terms": ["Qwik", "Todo List", "routeLoader", "routeAction", "TypeScript", "Component", "TSX", "CSS modules"], "state": 2, "file_id": 574, "knowledge_revision": 1601, "git_revision": "1aee8ed1eca8330cc765b711c43546e90b04ff39", "ctags": [], "hash": "0d567d93bc8d060df1fc07dcc693ed4e", "format-version": 4, "code-base-name": "universalinit", "filename": "src/universalinit/templates/qwik/src/routes/demo/todolist/index.tsx", "revision_history": [{"1601": "1aee8ed1eca8330cc765b711c43546e90b04ff39"}]}