{"is_source_file": true, "format": "JavaScript", "description": "Configuration file for PostCSS, defining plugins (tailwindcss and autoprefixer) used in the build process.", "external_files": [], "external_methods": [], "published": [], "classes": [], "methods": [], "calls": [], "search-terms": ["postcss", "tailwindcss", "autoprefixer", "config", "postcss.config"], "state": 2, "file_id": 592, "knowledge_revision": 1615, "git_revision": "1aee8ed1eca8330cc765b711c43546e90b04ff39", "ctags": [], "hash": "c735540bb63936a123bc867d950c9f69", "format-version": 4, "code-base-name": "universalinit", "filename": "src/universalinit/templates/remix/postcss.config.js", "revision_history": [{"1615": "1aee8ed1eca8330cc765b711c43546e90b04ff39"}]}