{"is_source_file": true, "format": "JavaScript Module (.mjs)", "description": "ESLint configuration file written in ECMAScript module syntax, defining linting rules for JavaScript and TypeScript files in the project.", "external_files": ["@eslint/js", "globals", "typescript-eslint"], "external_methods": [], "published": [], "classes": [], "methods": [], "calls": [], "search-terms": ["eslint.config.mjs", "ESLint", "linting rules", "TypeScript support", "JavaScript configuration", "ESLint plugin", "TypeScript ESLint", "globals"], "state": 2, "file_id": 553, "knowledge_revision": 1570, "git_revision": "1aee8ed1eca8330cc765b711c43546e90b04ff39", "hash": "6eae6a40fd45c831d338e6b184ad821b", "format-version": 4, "code-base-name": "universalinit", "filename": "src/universalinit/templates/astro/eslint.config.mjs", "revision_history": [{"1570": "1aee8ed1eca8330cc765b711c43546e90b04ff39"}]}