{"is_source_file": false, "format": null, "description": "", "external_files": [], "external_methods": [], "published": [], "classes": [], "methods": [], "calls": [], "search-terms": ["Handling User Input", "Component configuration", "key input", "focus", "input handling", "catch-all", "event handling chain", "intercept", "key-up", "keycode mapping", "user interaction", "lightningjs", "components_user_input.md"], "state": 2, "file_id": 633, "knowledge_revision": 1653, "git_revision": "1aee8ed1eca8330cc765b711c43546e90b04ff39", "hash": "65da041ddf51108d44f3d269b0537a81", "format-version": 4, "code-base-name": "universalinit", "filename": "src/universalinit/templates/lightningjs/docs/components_user_input.md", "revision_history": [{"1653": "1aee8ed1eca8330cc765b711c43546e90b04ff39"}]}