{"is_source_file": false, "format": "", "description": "", "external_files": [], "external_methods": [], "published": [], "classes": [], "methods": [], "calls": [], "search-terms": [], "state": 2, "file_id": 358, "knowledge_revision": 1366, "git_revision": "1aee8ed1eca8330cc765b711c43546e90b04ff39", "hash": "0cf97a81150d3b8904f285780896980d", "format-version": 4, "code-base-name": "universalinit", "filename": "src/universalinit/templates/nextjs/tsconfig.json", "revision_history": [{"1366": "1aee8ed1eca8330cc765b711c43546e90b04ff39"}]}