{"is_source_file": true, "format": "bash", "description": "Startup script for MongoDB that manages starting the database, creating users, and configuring environment variables for a project.", "external_files": ["db_connection.txt", "db_visualizer/mongodb.env"], "external_methods": ["mongosh", "pgrep", "lsof", "pkill", "sleep", "grep"], "published": [], "classes": [], "methods": [], "calls": ["mongosh", "pgrep", "lsof", "pkill", "sleep"], "search-terms": ["MongoDB", "startup", "bash script", "user creation", "environment variables", "database connection"], "state": 2, "file_id": 378, "knowledge_revision": 1388, "git_revision": "1aee8ed1eca8330cc765b711c43546e90b04ff39", "hash": "a5cffa3a0c62b0ad3e0a1886acab1420", "format-version": 4, "code-base-name": "universalinit", "filename": "src/universalinit/templates/mongodb/startup.sh", "revision_history": [{"1388": "1aee8ed1eca8330cc765b711c43546e90b04ff39"}]}