{"is_source_file": true, "format": "TypeScript", "description": "This file defines the main application component for an Angular project, specifying its selector, template, styles, and a 'title' property.", "external_files": ["./app.component.html", "./app.component.css"], "external_methods": [], "published": ["AppComponent"], "classes": [{"name": "AppComponent", "description": "The root component of the Angular application, containing a title property."}], "methods": [{"name": "title", "description": "Property holding the title string for the component."}], "calls": ["Component", "RouterOutlet"], "search-terms": ["Angular", "app.component.ts", "AppComponent", "@angular/core", "component", "selector", "templateUrl", "styleUrl"], "state": 2, "file_id": 630, "knowledge_revision": 1649, "git_revision": "1aee8ed1eca8330cc765b711c43546e90b04ff39", "ctags": [{"_type": "tag", "name": "AppComponent", "path": "/home/kavia/workspace/code-generation/universalinit/src/universalinit/templates/angular/src/app/app.component.ts", "pattern": "/^export class AppComponent {$/", "language": "TypeScript", "kind": "class"}, {"_type": "tag", "name": "title", "path": "/home/kavia/workspace/code-generation/universalinit/src/universalinit/templates/angular/src/app/app.component.ts", "pattern": "/^  title = 'angular';$/", "language": "TypeScript", "kind": "property", "scope": "AppComponent", "scopeKind": "class"}], "hash": "2a17ec2457a7ef8b5deb107dd7a74f59", "format-version": 4, "code-base-name": "universalinit", "filename": "src/universalinit/templates/angular/src/app/app.component.ts", "fields": [{"name": "title = 'angular';", "scope": "AppComponent", "scopeKind": "class", "description": "unavailable"}], "revision_history": [{"1649": "1aee8ed1eca8330cc765b711c43546e90b04ff39"}]}