{"is_source_file": true, "format": "JavaScript", "description": "Defines a HealthController class with a method to check health status, which uses an external healthService, and exports an instance of the controller.", "external_files": ["../services/health"], "external_methods": ["healthService.getStatus"], "published": ["HealthController"], "classes": [{"name": "HealthController", "description": "A controller class that handles health check requests"}], "methods": [{"name": "check(req, res)", "description": "Handles incoming health check requests, retrieves health status from the health service, and returns it as a JSON response", "scope": "HealthController", "scopeKind": "class"}], "calls": ["healthService.getStatus"], "search-terms": ["HealthController", "health", "status", "check", "Controller"], "state": 2, "file_id": 423, "knowledge_revision": 1445, "git_revision": "1aee8ed1eca8330cc765b711c43546e90b04ff39", "ctags": [{"_type": "tag", "name": "HealthController", "path": "/home/kavia/workspace/code-generation/universalinit/src/universalinit/templates/express/src/controllers/health.js", "pattern": "/^class HealthController {$/", "language": "JavaScript", "kind": "class"}, {"_type": "tag", "name": "check", "path": "/home/kavia/workspace/code-generation/universalinit/src/universalinit/templates/express/src/controllers/health.js", "pattern": "/^  check(req, res) {$/", "language": "JavaScript", "kind": "method", "signature": "(req, res)", "scope": "HealthController", "scopeKind": "class"}, {"_type": "tag", "name": "exports", "path": "/home/kavia/workspace/code-generation/universalinit/src/universalinit/templates/express/src/controllers/health.js", "pattern": "/^module.exports = new HealthController();$/", "language": "JavaScript", "kind": "variable", "scope": "module", "scopeKind": "class"}, {"_type": "tag", "name": "healthService", "path": "/home/kavia/workspace/code-generation/universalinit/src/universalinit/templates/express/src/controllers/health.js", "pattern": "/^const healthService = require('..\\/services\\/health');$/", "language": "JavaScript", "kind": "constant"}], "hash": "05c26663041fbc83dd60748f0bc705da", "format-version": 4, "code-base-name": "universalinit", "filename": "src/universalinit/templates/express/src/controllers/health.js", "fields": [{"name": "module.exports = new HealthController();", "scope": "module", "scopeKind": "class", "description": "unavailable"}], "revision_history": [{"1445": "1aee8ed1eca8330cc765b711c43546e90b04ff39"}]}