{"is_source_file": true, "format": "TypeScript declaration file (.d.ts)", "description": "This file provides type references for the 'vite/client' library, typically used to define global types and environment variables for a TypeScript project.", "external_files": ["vite/client"], "external_methods": [], "published": [], "classes": [], "methods": [], "calls": [], "search-terms": ["env.d.ts", "vite", "reference types", "TypeScript", "declaration"], "state": 2, "file_id": 554, "knowledge_revision": 1570, "git_revision": "1aee8ed1eca8330cc765b711c43546e90b04ff39", "ctags": [], "hash": "0352474ba2918efe13895edbc3780d94", "format-version": 4, "code-base-name": "universalinit", "filename": "src/universalinit/templates/vue/env.d.ts", "revision_history": [{"1570": "1aee8ed1eca8330cc765b711c43546e90b04ff39"}]}