{"is_source_file": false, "format": "", "description": "", "external_files": [], "external_methods": [], "published": [], "classes": [], "methods": [], "calls": [], "search-terms": [], "state": 2, "file_id": 556, "knowledge_revision": 1563, "git_revision": "1aee8ed1eca8330cc765b711c43546e90b04ff39", "hash": "3b60b5798264bdc73fed24ba0b86931e", "format-version": 4, "code-base-name": "universalinit", "filename": "src/universalinit/templates/qwik/src/global.css", "revision_history": [{"1563": "1aee8ed1eca8330cc765b711c43546e90b04ff39"}]}