{"is_source_file": true, "format": "bash script", "description": "This file is a shell script used for initializing and scaffolding a Kotlin Android project. It automates creating directory structures, setting up build configurations, dependencies, and necessary project files for a Kotlin Android app development environment.", "external_files": ["gradle/wrapper/gradle-wrapper.jar"], "external_methods": ["curl", "wget", "base64"], "published": [], "classes": [], "methods": [], "calls": ["mkdir", "echo", "cat", "base64 -d", "chmod", "command -v curl", "command -v wget"], "search-terms": ["kotlin", "android project setup", "gradle wrapper", "bash init script", "project scaffolding", "build configuration", "automatic directory creation"], "state": 2, "file_id": 421, "knowledge_revision": 1437, "git_revision": "1aee8ed1eca8330cc765b711c43546e90b04ff39", "hash": "8a68f05b97405edde091c7cc776d6ef3", "format-version": 4, "code-base-name": "universalinit", "filename": "src/universalinit/templates/kotlin/init_script.sh", "revision_history": [{"1437": "1aee8ed1eca8330cc765b711c43546e90b04ff39"}]}