{"is_source_file": true, "format": "TypeScript", "description": "This file sets a prerender flag indicating the page should be statically generated and served as a static asset in production.", "external_files": [], "external_methods": [], "published": ["prerender"], "classes": [], "methods": [], "calls": [], "search-terms": ["prerender", "static asset", "svelte", "+page.ts"], "state": 2, "file_id": 627, "knowledge_revision": 1647, "git_revision": "1aee8ed1eca8330cc765b711c43546e90b04ff39", "ctags": [{"_type": "tag", "name": "prerender", "path": "/home/kavia/workspace/code-generation/universalinit/src/universalinit/templates/svelte/src/routes/+page.ts", "pattern": "/^export const prerender = true;$/", "language": "TypeScript", "kind": "constant"}], "hash": "a20aecd382022d6c9654ef9b5a27c969", "format-version": 4, "code-base-name": "universalinit", "filename": "src/universalinit/templates/svelte/src/routes/+page.ts", "revision_history": [{"1647": "1aee8ed1eca8330cc765b711c43546e90b04ff39"}]}