{"is_source_file": true, "format": "JavaScript (CommonJS module)", "description": "Configuration file for ESLint using CommonJS syntax, defining specific linting rules and plugin integrations for a JavaScript project, particularly focusing on Prettier formatting compatibility and environment globals.", "external_files": ["eslint-plugin-prettier", "globals", "@eslint/js", "@eslint/eslintrc"], "external_methods": [], "published": [], "classes": [], "methods": [], "calls": ["require('eslint-plugin-prettier')", "require('globals')", "require('@eslint/js')", "new FlatCompat({ ... })", "compat.extends(...)"], "search-terms": ["eslint", "prettier", "config", "eslint-plugin-prettier", "globals", "eslint:recommended", "eslint.config.js", "react", "code style", "linting"], "state": 2, "file_id": 469, "knowledge_revision": 1485, "git_revision": "1aee8ed1eca8330cc765b711c43546e90b04ff39", "hash": "93cd2c5ca89ba1c0ff23b0e00b6c74ef", "format-version": 4, "code-base-name": "universalinit", "filename": "src/universalinit/templates/lightningjs/eslint.config.cjs", "revision_history": [{"1485": "1aee8ed1eca8330cc765b711c43546e90b04ff39"}]}