{"is_source_file": false, "format": "", "description": "", "external_files": [], "external_methods": [], "published": [], "classes": [], "methods": [], "calls": [], "search-terms": [], "state": 2, "file_id": 409, "knowledge_revision": 1424, "git_revision": "1aee8ed1eca8330cc765b711c43546e90b04ff39", "hash": "2aeb725da1476b3c8d97a33ca0786f49", "format-version": 4, "code-base-name": "universalinit", "filename": "src/universalinit/templates/nativescript/app/app.css", "revision_history": [{"1424": "1aee8ed1eca8330cc765b711c43546e90b04ff39"}]}