{"is_source_file": true, "format": "TypeScript", "description": "This file is a configuration script for Vite, a build tool, specifically tailored for a Qwik-based project. It defines the base Vite configuration, imports necessary plugins, manages package dependencies, and contains utility functions for dependency validation.", "external_files": ["package.json", "@builder.io/qwik/optimizer", "@builder.io/qwik-city/vite", "vite-tsconfig-paths"], "external_methods": ["errorOnDuplicatesPkgDeps"], "published": [], "classes": [], "methods": [{"name": "function errorOnDuplicatesPkgDeps( errorOnDuplicatesPkgDeps", "description": "A utility function that checks for duplicate dependencies listed in both devDependencies and dependencies in package.json, and throws errors to enforce correct dependency management.", "scope": "", "scopeKind": ""}], "calls": ["errorOnDuplicatesPkgDeps", "Object.keys", "dependencies[dep]", "dependencies", "dependencies", "Object.keys", "Object.keys", "Object.keys", "Object.keys", "filter", "filter", "test", "throw new Error"], "search-terms": ["vite.config.ts", "Qwik", "build configuration", "dependency validation", "errorOnDuplicatesPkgDeps", "QwikCity", "Vite plugins"], "state": 2, "file_id": 594, "knowledge_revision": 1626, "git_revision": "1aee8ed1eca8330cc765b711c43546e90b04ff39", "ctags": [{"_type": "tag", "name": "PkgDep", "path": "/home/kavia/workspace/code-generation/universalinit/src/universalinit/templates/qwik/vite.config.ts", "pattern": "/^type PkgDep = Record<string, string>;$/", "language": "TypeScript", "kind": "alias"}, {"_type": "tag", "name": "UserConfig", "path": "/home/kavia/workspace/code-generation/universalinit/src/universalinit/templates/qwik/vite.config.ts", "pattern": "/^import { defineConfig, type UserConfig } from \"vite\";$/", "language": "TypeScript", "kind": "alias"}, {"_type": "tag", "name": "dependencies", "path": "/home/kavia/workspace/code-generation/universalinit/src/universalinit/templates/qwik/vite.config.ts", "pattern": "/^const { dependencies = {}, devDependencies = {} } = pkg as any as {$/", "language": "TypeScript", "kind": "constant"}, {"_type": "tag", "name": "devDependencies", "path": "/home/kavia/workspace/code-generation/universalinit/src/universalinit/templates/qwik/vite.config.ts", "pattern": "/^  devDependencies: PkgDep;$/", "language": "TypeScript", "kind": "constant"}, {"_type": "tag", "name": "duplicateDeps", "path": "/home/kavia/workspace/code-generation/universalinit/src/universalinit/templates/qwik/vite.config.ts", "pattern": "/^  const duplicateDeps = Object.keys(devDependencies).filter($/", "language": "TypeScript", "kind": "constant", "scope": "errorOnDuplicatesPkgDeps", "scopeKind": "function"}, {"_type": "tag", "name": "errorOnDuplicatesPkgDeps", "path": "/home/kavia/workspace/code-generation/universalinit/src/universalinit/templates/qwik/vite.config.ts", "pattern": "/^function errorOnDuplicatesPkgDeps($/", "language": "TypeScript", "kind": "function"}, {"_type": "tag", "name": "key", "path": "/home/kavia/workspace/code-generation/universalinit/src/universalinit/templates/qwik/vite.config.ts", "pattern": "/^  [key: string]: unknown;$/", "language": "TypeScript", "kind": "constant"}, {"_type": "tag", "name": "qwikPkg", "path": "/home/kavia/workspace/code-generation/universalinit/src/universalinit/templates/qwik/vite.config.ts", "pattern": "/^  const qwikPkg = Object.keys(dependencies).filter((value) =>$/", "language": "TypeScript", "kind": "constant", "scope": "errorOnDuplicatesPkgDeps", "scopeKind": "function"}], "hash": "23a97255697e1a3ea67164c37ce7da50", "format-version": 4, "code-base-name": "universalinit", "filename": "src/universalinit/templates/qwik/vite.config.ts", "revision_history": [{"1626": "1aee8ed1eca8330cc765b711c43546e90b04ff39"}]}