{"is_source_file": false, "format": null, "description": "", "external_files": [], "external_methods": [], "published": [], "classes": [], "methods": [], "calls": [], "search-terms": ["AndroidManifest.xml", "permissions", "activity", "application", "manifest", "Android", "NativeScript"], "state": 2, "file_id": 547, "knowledge_revision": 1559, "git_revision": "1aee8ed1eca8330cc765b711c43546e90b04ff39", "hash": "83af0239b46a9e3136cecf37d75de140", "format-version": 4, "code-base-name": "universalinit", "filename": "src/universalinit/templates/nativescript/App_Resources/Android/src/main/AndroidManifest.xml", "revision_history": [{"1559": "1aee8ed1eca8330cc765b711c43546e90b04ff39"}]}