{"is_source_file": true, "format": "TypeScript", "description": "This file sets up a service worker for a Qwik project to handle prefetching and functionalities related to service workers.", "external_files": ["@builder.io/qwik-city/service-worker"], "external_methods": ["setupServiceWorker"], "published": [], "classes": [], "methods": [{"name": "setupServiceWorker", "description": "Initializes the service worker setup for Qwik."}], "calls": ["setupServiceWorker", "addEventListener(\"install\")", "addEventListener(\"activate\")"], "search-terms": ["service worker", "qwik", "prefetching", "install event", "activate event", "self.skipWaiting", "self.clients.claim"], "state": 2, "file_id": 578, "knowledge_revision": 1597, "git_revision": "1aee8ed1eca8330cc765b711c43546e90b04ff39", "ctags": [{"_type": "tag", "name": "self", "path": "/home/kavia/workspace/code-generation/universalinit/src/universalinit/templates/qwik/src/routes/service-worker.ts", "pattern": "/^declare const self: ServiceWorkerGlobalScope;$/", "language": "TypeScript", "kind": "constant"}], "hash": "4691e997442ba9f8be7690530ed1ce95", "format-version": 4, "code-base-name": "universalinit", "filename": "src/universalinit/templates/qwik/src/routes/service-worker.ts", "revision_history": [{"1597": "1aee8ed1eca8330cc765b711c43546e90b04ff39"}]}