{"is_source_file": true, "format": "TypeScript", "description": "This is an entry point file for a Remotion project that registers the root component for rendering a video.", "external_files": ["./Root"], "external_methods": ["registerRoot"], "published": ["registerRoot"], "classes": [], "methods": [{"name": "registerRoot", "description": "Registers the root component for the Remotion rendering process."}], "calls": ["registerRoot"], "search-terms": ["Remotion", "registerRoot", "index.ts"], "state": 2, "file_id": 598, "knowledge_revision": 1615, "git_revision": "1aee8ed1eca8330cc765b711c43546e90b04ff39", "ctags": [], "hash": "6c2ce436880cb16c98160769ed0f6150", "format-version": 4, "code-base-name": "universalinit", "filename": "src/universalinit/templates/remotion/src/index.ts", "revision_history": [{"1615": "1aee8ed1eca8330cc765b711c43546e90b04ff39"}]}