{"is_source_file": true, "format": "TypeScript (TSX)", "description": "This file defines a Qwik component for a counter UI with increment and decrement buttons, utilizing signals and external components.", "external_files": ["./counter.module.css", "../gauge"], "external_methods": ["component$", "useSignal", "$", "Gauge"], "published": [], "classes": [], "methods": [{"name": "setCount", "description": "A reactive function to update the counter value within valid bounds."}], "calls": ["component$", "useSignal", "$", "Gauge"], "search-terms": ["counter", "Qwik", "useSignal", "component$", "counter module", "gauge component", "tsx counter"], "state": 2, "file_id": 455, "knowledge_revision": 1475, "git_revision": "1aee8ed1eca8330cc765b711c43546e90b04ff39", "ctags": [], "hash": "9cb6f3c1705c3f86967978f57dd2d308", "format-version": 4, "code-base-name": "universalinit", "filename": "src/universalinit/templates/qwik/src/components/starter/counter/counter.tsx", "revision_history": [{"1475": "1aee8ed1eca8330cc765b711c43546e90b04ff39"}]}