{"is_source_file": true, "format": "bash shell script", "description": "This is a startup and setup script for MongoDB, handling startup checks, database creation, user setup, and environment variable generation.", "external_files": ["db_connection.txt", "db_visualizer/mongodb.env", "/var/lib/mongodb/mongod.log"], "external_methods": ["mongosh", "pgrep", "lsof", "pkill", "sleep", "echo", "cat", "rm", "sudo"], "published": [], "classes": [], "methods": [], "calls": ["mongosh --port ${DB_PORT} --eval \"db.adminCommand('ping')\"", "pgrep -x mongod", "sudo lsof -Pan -p $MONGO_PID -i", "sudo pkill -x mongod", "sleep 2", "sleep 5", "sleep 2", "mongosh --port ${DB_PORT} << EOF ... EOF"], "search-terms": ["mongodb startup", "mongosh script", "MongoDB user creation", "MongoDB setup script", "bash MongoDB init"], "state": 2, "file_id": 408, "knowledge_revision": 1434, "git_revision": "1aee8ed1eca8330cc765b711c43546e90b04ff39", "hash": "a5cffa3a0c62b0ad3e0a1886acab1420", "format-version": 4, "code-base-name": "universalinit", "filename": "src/universalinit/templates/mongodb/startup.sh", "revision_history": [{"1434": "1aee8ed1eca8330cc765b711c43546e90b04ff39"}]}