{"is_source_file": true, "file_id": 592, "git_revision": "1aee8ed1eca8330cc765b711c43546e90b04ff39", "state": 1, "description": "", "external_files": [], "external_methods": [], "published": [], "classes": [], "methods": [], "calls": [], "search-terms": [], "hash": "e16d59f3f93d708df41149d6a69a76a1", "format-version": 4, "code-base-name": "universalinit", "filename": "src/universalinit/templates/nativescript/App_Resources/Android/src/main/res/drawable-nodpi/splash_screen.xml", "knowledge_revision": 1264}