{"is_source_file": true, "format": "JavaScript module (ESM) / .mjs", "description": "Configuration file for ESLint, specifying recommended settings for JavaScript and TypeScript projects, including rules, parser options, and ignores.", "external_files": ["@eslint/js", "globals", "typescript-eslint"], "external_methods": [], "published": [], "classes": [], "methods": [], "calls": ["js.configs.recommended", "tseslint.configs.recommended"], "search-terms": ["eslint", "eslint.config.mjs", "eslint", "typescript-eslint", "configurations", "rules", "parserOptions", "ignores", "project", "recommended"], "state": 2, "file_id": 609, "knowledge_revision": 1629, "git_revision": "1aee8ed1eca8330cc765b711c43546e90b04ff39", "hash": "6bbf88a99fa9b1a0d3b508e69c6e2f4f", "format-version": 4, "code-base-name": "universalinit", "filename": "src/universalinit/templates/nuxt/eslint.config.mjs", "revision_history": [{"1629": "1aee8ed1eca8330cc765b711c43546e90b04ff39"}]}