{"is_source_file": true, "format": "TypeScript", "description": "This file contains utility functions for the project, including 'emptyArray' which creates an array of a specified length, and 'sayHello' which logs a greeting message.", "external_files": [], "external_methods": [], "published": ["emptyArray", "sayHello"], "classes": [], "methods": [{"name": "export function emptyArray<T>(length: number) { emptyArray", "description": "Creates an array of specified length using Array.from.", "scope": "", "scopeKind": ""}, {"name": "export function sayHello() { sayHello", "description": "Logs a greeting message to the console.", "scope": "", "scopeKind": ""}], "calls": ["console.log"], "search-terms": ["emptyArray", "sayHello", "external.ts", "typescript utility"], "state": 2, "file_id": 612, "knowledge_revision": 1635, "git_revision": "1aee8ed1eca8330cc765b711c43546e90b04ff39", "ctags": [{"_type": "tag", "name": "emptyArray", "path": "/home/kavia/workspace/code-generation/universalinit/src/universalinit/templates/slidev/snippets/external.ts", "pattern": "/^export function emptyArray<T>(length: number) {$/", "language": "TypeScript", "kind": "function"}, {"_type": "tag", "name": "sayHello", "path": "/home/kavia/workspace/code-generation/universalinit/src/universalinit/templates/slidev/snippets/external.ts", "pattern": "/^export function sayHello() {$/", "language": "TypeScript", "kind": "function"}], "hash": "6852d3499277fe8ddaa5bfbad6507905", "format-version": 4, "code-base-name": "universalinit", "filename": "src/universalinit/templates/slidev/snippets/external.ts", "revision_history": [{"1635": "1aee8ed1eca8330cc765b711c43546e90b04ff39"}]}