{"is_source_file": false, "format": "", "description": "", "external_files": [], "external_methods": [], "published": [], "classes": [], "methods": [], "calls": [], "search-terms": [], "state": 2, "file_id": 370, "knowledge_revision": 1378, "git_revision": "1aee8ed1eca8330cc765b711c43546e90b04ff39", "hash": "4f59db7cb8dd42b1bbb33fc63541f316", "format-version": 4, "code-base-name": "universalinit", "filename": "src/universalinit/templates/mongodb/config.yml", "revision_history": [{"1378": "1aee8ed1eca8330cc765b711c43546e90b04ff39"}]}