{"is_source_file": true, "format": "JavaScript/ECMAScript Module (ESM)", "description": "Configuration file for ESLint, setting up compatibility with Next.js and TypeScript via the @eslint/eslintrc package and extending specific configurations.", "external_files": ["path", "url", "@eslint/eslintrc"], "external_methods": ["dirname", "fileURLToPath"], "published": ["eslintConfig"], "classes": [], "methods": [{"name": "compat.extends", "description": "Method to extend ESLint configurations with specified presets, used here for Next.js core web vitals and TypeScript settings."}], "calls": ["compat.extends"], "search-terms": ["eslint", "Next.js", "TypeScript", "eslint.config.mjs", "compat", "FlatCompat", "ESLint configuration"], "state": 2, "file_id": 133, "knowledge_revision": 527, "git_revision": "50d19eceaba55063bd806c62fcb2c72f124c01d2", "hash": "b43f470c5df5e9ff4c2f5e0bd917a881", "format-version": 4, "code-base-name": "universalinit", "filename": "src/universalinit/templates/solananextjs/eslint.config.mjs", "revision_history": [{"527": "50d19eceaba55063bd806c62fcb2c72f124c01d2"}]}