{"is_source_file": true, "format": "TypeScript", "description": "Nuxt.js configuration file defining project settings such as compatibility date, devtools, Nitro route rules, and Vite server configuration.", "external_files": ["https://nuxt.com/docs/api/configuration/nuxt-config"], "external_methods": ["defineNuxtConfig"], "published": ["defineNuxtConfig"], "classes": [], "methods": [{"name": "defineNuxtConfig", "description": "Function to define Nuxt.js configuration settings."}], "calls": ["defineNuxtConfig"], "search-terms": ["NuxtConfig", "nuxt.config.ts", "Vite", "Nitro", "routeRules", "headers", "compatibilityDate"], "state": 2, "file_id": 535, "knowledge_revision": 1557, "git_revision": "1aee8ed1eca8330cc765b711c43546e90b04ff39", "ctags": [], "hash": "5f9df0d4eaa42a5ea12a40cd14adef50", "format-version": 4, "code-base-name": "universalinit", "filename": "src/universalinit/templates/nuxt/nuxt.config.ts", "revision_history": [{"1557": "1aee8ed1eca8330cc765b711c43546e90b04ff39"}]}