{"is_source_file": true, "file_id": 490, "git_revision": "1aee8ed1eca8330cc765b711c43546e90b04ff39", "state": 1, "description": "", "external_files": [], "external_methods": [], "published": [], "classes": [], "methods": [], "calls": [], "search-terms": [], "ctags": [{"_type": "tag", "name": "onNavigatingTo", "path": "/home/kavia/workspace/code-generation/universalinit/src/universalinit/templates/nativescript/app/home/home-page.js", "pattern": "/^export function onNavigatingTo(args) {$/", "language": "JavaScript", "kind": "function", "signature": "(args)"}], "format": "JavaScript", "hash": "c73fa2a2554cc1c125b9f2ab5a64132c", "format-version": 4, "code-base-name": "universalinit", "filename": "src/universalinit/templates/nativescript/app/home/home-page.js", "knowledge_revision": 1163}