{"is_source_file": true, "format": "Python", "description": "This file defines the ASGI configuration for a Django project, setting up the application callable and environment variable for settings.", "external_files": ["django.core.asgi", "config.settings"], "external_methods": ["django.core.asgi.get_asgi_application"], "published": ["application"], "classes": [], "methods": [{"name": "get_asgi_application", "description": "Returns the ASGI application callable for serving the Django project."}], "calls": ["django.core.asgi.get_asgi_application"], "search-terms": ["ASGI", "django", "application", "settings", "asgi.py"], "state": 2, "file_id": 548, "knowledge_revision": 1562, "git_revision": "1aee8ed1eca8330cc765b711c43546e90b04ff39", "ctags": [{"_type": "tag", "name": "application", "path": "/home/kavia/workspace/code-generation/universalinit/src/universalinit/templates/django/config/asgi.py", "pattern": "/^application = get_asgi_application()$/", "language": "Python", "kind": "variable"}], "hash": "63d5777b090ac063ecd29c3dfa786ba5", "format-version": 4, "code-base-name": "universalinit", "filename": "src/universalinit/templates/django/config/asgi.py", "fields": [{"name": "application = get_asgi_application()", "scope": "", "scopeKind": "", "description": "unavailable"}], "revision_history": [{"1562": "1aee8ed1eca8330cc765b711c43546e90b04ff39"}]}