{"is_source_file": true, "format": "Python", "description": "A simple Flask application entry point that imports an app instance and runs it if executed as the main module.", "external_files": ["app"], "external_methods": ["app.run"], "published": [], "classes": [], "methods": [], "calls": ["app.run"], "search-terms": ["flask", "app", "run"], "state": 2, "file_id": 508, "knowledge_revision": 1524, "git_revision": "1aee8ed1eca8330cc765b711c43546e90b04ff39", "ctags": [], "hash": "b4cfd2f2017c7f88e4049fa0ed026e86", "format-version": 4, "code-base-name": "universalinit", "filename": "src/universalinit/templates/flask/run.py", "revision_history": [{"1524": "1aee8ed1eca8330cc765b711c43546e90b04ff39"}]}