{"is_source_file": true, "format": "TypeScript", "description": "This is the main entry file for a Vue.js application. It imports core libraries, sets up plugins (Pinia for state management and Vue Router for routing), and mounts the root application component.", "external_files": ["./assets/main.css", "./App.vue", "./router"], "external_methods": ["createApp", "createPinia"], "published": [], "classes": [], "methods": [{"name": "app.use", "description": "Registers a plugin or middleware with the Vue application instance."}, {"name": "app.mount", "description": "Mounts the Vue application to a DOM element identified by '#app'."}], "calls": ["createApp", "createPinia", "app.use", "app.mount"], "search-terms": ["vue", "main.ts", "createApp", "Pinia", "router", "mount"], "state": 2, "file_id": 488, "knowledge_revision": 1514, "git_revision": "1aee8ed1eca8330cc765b711c43546e90b04ff39", "ctags": [{"_type": "tag", "name": "app", "path": "/home/kavia/workspace/code-generation/universalinit/src/universalinit/templates/vue/src/main.ts", "pattern": "/^const app = createApp(App)$/", "language": "TypeScript", "kind": "constant"}], "hash": "787582f2e0c8ceb362a78df92c25daaa", "format-version": 4, "code-base-name": "universalinit", "filename": "src/universalinit/templates/vue/src/main.ts", "revision_history": [{"1514": "1aee8ed1eca8330cc765b711c43546e90b04ff39"}]}