{"is_source_file": true, "format": "TypeScript (TSX)", "description": "This file defines a Qwik component that renders an informational box with a title slot and a default slot.", "external_files": ["./infobox.module.css"], "external_methods": ["component$", "Slot"], "published": [], "classes": [], "methods": [{"name": "default", "description": "A Qwik component that renders a styled div containing slots for title and content."}], "calls": ["component$", "Slot"], "search-terms": ["qwik", "tsx", "infobox", "component", "slots", "styling"], "state": 2, "file_id": 573, "knowledge_revision": 1594, "git_revision": "1aee8ed1eca8330cc765b711c43546e90b04ff39", "ctags": [], "hash": "e550dea120857ece5cc0d3ded5ee4bdd", "format-version": 4, "code-base-name": "universalinit", "filename": "src/universalinit/templates/qwik/src/components/starter/infobox/infobox.tsx", "revision_history": [{"1594": "1aee8ed1eca8330cc765b711c43546e90b04ff39"}]}