{"is_source_file": true, "format": "TypeScript", "description": "A source file defining configuration for SvelteKit routing, specifically setting prerender to enable static site generation.", "external_files": [], "external_methods": [], "published": ["prerender"], "classes": [], "methods": [], "calls": [], "search-terms": ["svelte", "routes", "prerender", "+page.ts"], "state": 2, "file_id": 460, "knowledge_revision": 1484, "git_revision": "1aee8ed1eca8330cc765b711c43546e90b04ff39", "ctags": [{"_type": "tag", "name": "prerender", "path": "/home/kavia/workspace/code-generation/universalinit/src/universalinit/templates/svelte/src/routes/+page.ts", "pattern": "/^export const prerender = true;$/", "language": "TypeScript", "kind": "constant"}], "hash": "a20aecd382022d6c9654ef9b5a27c969", "format-version": 4, "code-base-name": "universalinit", "filename": "src/universalinit/templates/svelte/src/routes/+page.ts", "revision_history": [{"1484": "1aee8ed1eca8330cc765b711c43546e90b04ff39"}]}