{"is_source_file": true, "format": "bash/shell script", "description": "This is a Bash script designed to initialize and start a MySQL server instance, configure databases and users, and output connection information for subsequent use.", "external_files": ["/var/run/mysqld/mysqld.sock", "db_connection.txt", "db_visualizer/mysql.env"], "external_methods": ["sudo mysqladmin ping", "sudo mysql --socket", "pgrep", "sudo mysqladmin shutdown", "sudo mysqld", "sleep", "sudo mysql"], "published": [], "classes": [], "methods": [], "calls": ["sudo mysqladmin ping", "sudo mysql --socket", "mysql -u root -p${DB_PASSWORD} -h 127.0.0.1 -P ${DB_PORT} -e \"SELECT 1;\"", "sudo mysql --socket=/var/run/mysqld/mysqld.sock -e \"SHOW VARIABLES LIKE 'port';\"", "sudo mysqld --initialize-insecure --user=mysql --datadir=/var/lib/mysql", "sudo mysqld", "sudo mysql --socket=/var/run/mysqld/mysqld.sock << EOF ... EOF", "cat > db_visualizer/mysql.env << EOF ... EOF", "echo \"$(cat db_connection.txt)\""], "search-terms": ["MySQL startup script", "database initialization bash", "MySQL socket management", "MySQL server start script", "MySQL user setup script"], "state": 2, "file_id": 370, "knowledge_revision": 781, "git_revision": "93871d1eed04991c64fbd0239512f1839d53c610", "hash": "ee15961aa0bd2f6ec7099cb4bae5cc4d", "format-version": 4, "code-base-name": "universalinit", "filename": "src/universalinit/templates/mysql/startup.sh", "revision_history": [{"781": "93871d1eed04991c64fbd0239512f1839d53c610"}]}