{"is_source_file": false, "format": "", "description": "", "external_files": [], "external_methods": [], "published": [], "classes": [], "methods": [], "calls": [], "search-terms": [], "state": 2, "file_id": 383, "knowledge_revision": 1389, "git_revision": "1aee8ed1eca8330cc765b711c43546e90b04ff39", "hash": "dad2e6272663de1cd8a39707d46ea02d", "format-version": 4, "code-base-name": "universalinit", "filename": "src/universalinit/templates/qwik/package.json", "revision_history": [{"1389": "1aee8ed1eca8330cc765b711c43546e90b04ff39"}]}