{"is_source_file": true, "format": "Python", "description": "This file is a CLI script for a project initialization tool, handling argument parsing, project configuration creation, and invoking project setup procedures. It also outputs project template information in JSON format.", "external_files": ["universalinit.templateconfig", "universalinit.universalinit"], "external_methods": ["TemplateInitInfo", "ProjectConfig", "ProjectType.from_string", "Path", "make_path_absolute", "output_json", "create_project_config", "ProjectInitializer", "initializer.template_factory.create_template", "template.get_init_info", "initializer.initialize_project"], "published": ["main"], "classes": [{"name": "ProjectConfig", "description": "Configuration object holding project parameters such as name, version, description, author, type, output path, and additional parameters."}, {"name": "TemplateInitInfo", "description": "Structure containing information needed to initialize a project template, including commands, environment config, init files, and scripts."}, {"name": "ProjectInitializer", "description": "Main class responsible for creating project templates and performing the initialization process."}], "methods": [{"name": "Dict[str,Any] parse_parameters(params_str: str)", "description": "Parses a string of comma-separated key=value pairs into a dictionary with typed values.", "scope": "", "scopeKind": ""}, {"name": "ProjectConfig create_project_config(args)", "description": "Creates a ProjectConfig object from CLI arguments.", "scope": "", "scopeKind": ""}, {"name": "str make_path_absolute(path: str, base_path: Path)", "description": "Converts a relative path to an absolute path based on a given base path.", "scope": "", "scopeKind": ""}, {"name": "dict template_init_info_to_dict(init_info: TemplateInitInfo, project_path: Path)", "description": "Converts a TemplateInitInfo object into a dictionary suitable for JSON serialization, with absolute paths for init files.", "scope": "", "scopeKind": ""}, {"name": "output_json(success: bool, message: str, template_info: TemplateInitInfo = None, project_path: Path = None)", "description": "Outputs a JSON structure indicating success or failure, along with a message and optional template info.", "scope": "", "scopeKind": ""}, {"name": "main()", "description": "Main execution function that parses arguments, creates configuration, builds the template, and performs project initialization.", "scope": "", "scopeKind": ""}], "calls": ["argparse.ArgumentParser", "parse_args", "create_project_config", "initializer.template_factory.create_template", "template.get_init_info", "initializer.initialize_project", "output_json"], "search-terms": ["universalinit", "cli", "parse_parameters", "create_project_config", "TemplateInitInfo", "ProjectConfig", "ProjectInitializer", "project_type", "init_files", "json_output"], "state": 2, "file_id": 369, "knowledge_revision": 1394, "git_revision": "1aee8ed1eca8330cc765b711c43546e90b04ff39", "ctags": [{"_type": "tag", "name": "create_project_config", "path": "/home/kavia/workspace/code-generation/universalinit/src/universalinit/cli.py", "pattern": "/^def create_project_config(args) -> ProjectConfig:$/", "language": "Python", "typeref": "typename:ProjectConfig", "kind": "function", "signature": "(args)"}, {"_type": "tag", "name": "main", "path": "/home/kavia/workspace/code-generation/universalinit/src/universalinit/cli.py", "pattern": "/^def main():$/", "language": "Python", "kind": "function", "signature": "()"}, {"_type": "tag", "name": "make_path_absolute", "path": "/home/kavia/workspace/code-generation/universalinit/src/universalinit/cli.py", "pattern": "/^def make_path_absolute(path: str, base_path: Path) -> str:$/", "language": "Python", "typeref": "typename:str", "kind": "function", "signature": "(path: str, base_path: Path)"}, {"_type": "tag", "name": "output_json", "path": "/home/kavia/workspace/code-generation/universalinit/src/universalinit/cli.py", "pattern": "/^def output_json(success: bool, message: str, template_info: TemplateInitInfo = None, project_pat/", "language": "Python", "kind": "function", "signature": "(success: bool, message: str, template_info: TemplateInitInfo = None, project_path: Path = None)"}, {"_type": "tag", "name": "parse_parameters", "path": "/home/kavia/workspace/code-generation/universalinit/src/universalinit/cli.py", "pattern": "/^def parse_parameters(params_str: str) -> Dict[str, Any]:$/", "language": "Python", "typeref": "typename:Dict[str,Any]", "kind": "function", "signature": "(params_str: str)"}, {"_type": "tag", "name": "template_init_info_to_dict", "path": "/home/kavia/workspace/code-generation/universalinit/src/universalinit/cli.py", "pattern": "/^def template_init_info_to_dict(init_info: TemplateInitInfo, project_path: Path) -> dict:$/", "language": "Python", "typeref": "typename:dict", "kind": "function", "signature": "(init_info: TemplateInitInfo, project_path: Path)"}], "hash": "757b2e18b385e1a9f5ec0b4e7fc257e0", "format-version": 4, "code-base-name": "universalinit", "filename": "src/universalinit/cli.py", "revision_history": [{"1394": "1aee8ed1eca8330cc765b711c43546e90b04ff39"}]}