{"is_source_file": true, "format": "TypeScript/TSX", "description": "A React-like component defined using Qwik framework, representing a header section with logo and navigation links.", "external_files": ["@builder.io/qwik", "../icons/qwik", "./header.module.css"], "external_methods": ["component$"], "published": [], "classes": [], "methods": [{"name": "default", "description": "A Qwik component that renders a header with logo and navigation links."}], "calls": ["component$", "QwikLogo", "styles.header", "styles.wrapper", "styles.logo"], "search-terms": ["QwikLogo", "header module CSS", "component$", "Qwik", "header.tsx"], "state": 2, "file_id": 593, "knowledge_revision": 1615, "git_revision": "1aee8ed1eca8330cc765b711c43546e90b04ff39", "ctags": [], "hash": "0330aa1892b548cb916c9b3db77a3e9c", "format-version": 4, "code-base-name": "universalinit", "filename": "src/universalinit/templates/qwik/src/components/starter/header/header.tsx", "revision_history": [{"1615": "1aee8ed1eca8330cc765b711c43546e90b04ff39"}]}