{"is_source_file": true, "format": "TypeScript/TSX", "description": "This source file defines a React component for a Remix application route, including metadata, main page content, and resource links with SVG icons.", "external_files": ["@remix-run/node"], "external_methods": ["MetaFunction"], "published": ["meta"], "classes": [], "methods": [{"name": "Index", "description": "React functional component that renders the main index page with logo, header, description, and resource links."}], "calls": ["meta", "resources.map", "a (href, target, rel, className)", "img (src, alt, className)"], "search-terms": ["Remix Index Page", "Resource Links", "React JSX", "MetaFunction", "TypeScript Remix"], "state": 2, "file_id": 632, "knowledge_revision": 1652, "git_revision": "1aee8ed1eca8330cc765b711c43546e90b04ff39", "ctags": [], "hash": "6d28052a030fa0277aebc7c4bb572511", "format-version": 4, "code-base-name": "universalinit", "filename": "src/universalinit/templates/remix/app/routes/_index.tsx", "revision_history": [{"1652": "1aee8ed1eca8330cc765b711c43546e90b04ff39"}]}