{"is_source_file": true, "format": "TypeScript/TSX", "description": "This file is a server entry point for a Remix application, handling HTTP requests and responses. It manages server-side rendering, request method handling, and streaming response setup, specifically for server-side rendering with React.", "external_files": ["@remix-run/node", "@remix-run/react", "isbot", "react-dom/server"], "external_methods": ["createReadableStreamFromReadable", "renderToPipeableStream"], "published": ["handleRequest"], "classes": [], "methods": [{"name": "handleRequest", "description": "Main handler for incoming HTTP requests; manages CORS headers, method checks, and dispatches to bot or browser handlers."}, {"name": "handleBotRequest", "description": "Handles rendering response when the requester is identified as a bot, streaming rendered HTML."}, {"name": "handleBrowserRequest", "description": "Handles rendering response for browser clients, streaming rendered HTML."}], "calls": ["renderToPipeableStream", "createReadableStreamFromReadable", "PassThrough", "Response", "isbot"], "search-terms": ["entry.server.tsx", "RemixServer", "renderToPipeableStream", "handleRequest", "streaming server response", "server-side rendering"], "state": 2, "file_id": 550, "knowledge_revision": 1577, "git_revision": "1aee8ed1eca8330cc765b711c43546e90b04ff39", "ctags": [], "hash": "ea3fdec8a39ab86ca67d22f9ecc48c65", "format-version": 4, "code-base-name": "universalinit", "filename": "src/universalinit/templates/remix/app/entry.server.tsx", "revision_history": [{"1577": "1aee8ed1eca8330cc765b711c43546e90b04ff39"}]}