{"is_source_file": true, "format": "Python", "description": "This is a Django URL configuration file that maps URL patterns to view functions for the 'health' endpoint.", "external_files": ["django.urls", ".views"], "external_methods": ["path"], "published": [], "classes": [], "methods": [{"name": "health", "description": "View function handling the 'health/' URL endpoint."}], "calls": ["path"], "search-terms": ["django", "urls", "api", "health", "path", "urls.py"], "state": 2, "file_id": 399, "knowledge_revision": 1418, "git_revision": "1aee8ed1eca8330cc765b711c43546e90b04ff39", "ctags": [{"_type": "tag", "name": "urlpatterns", "path": "/home/kavia/workspace/code-generation/universalinit/src/universalinit/templates/django/api/urls.py", "pattern": "/^urlpatterns = [$/", "language": "Python", "kind": "variable"}], "hash": "b0c92d4c1f622aa361c1fb5a0594d5d6", "format-version": 4, "code-base-name": "universalinit", "filename": "src/universalinit/templates/django/api/urls.py", "fields": [{"name": "urlpatterns = [", "scope": "", "scopeKind": "", "description": "unavailable"}], "revision_history": [{"1418": "1aee8ed1eca8330cc765b711c43546e90b04ff39"}]}