{"is_source_file": true, "format": "JavaScript", "description": "A JavaScript source file intended to export middleware functions for an application. Currently, it only exports an empty object with a comment placeholder.", "external_files": [], "external_methods": [], "published": ["module.exports"], "classes": [], "methods": [], "calls": [], "search-terms": ["middleware", "index.js", "universalinit", "export"], "state": 2, "file_id": 384, "knowledge_revision": 1400, "git_revision": "1aee8ed1eca8330cc765b711c43546e90b04ff39", "ctags": [], "hash": "e9169fe9b751451d433ec5c4d4734b4a", "format-version": 4, "code-base-name": "universalinit", "filename": "src/universalinit/templates/express/src/middleware/index.js", "revision_history": [{"1400": "1aee8ed1eca8330cc765b711c43546e90b04ff39"}]}