{"is_source_file": true, "format": "TypeScript", "description": "This file configures a service worker for the Qwik framework to enable prefetching and improve site performance.", "external_files": ["@builder.io/qwik-city/service-worker"], "external_methods": ["setupServiceWorker"], "published": [], "classes": [], "methods": [{"name": "setupServiceWorker", "description": "Initializes the service worker for Qwik City to enable prefetching."}], "calls": ["setupServiceWorker"], "search-terms": ["service-worker", "prefetching", "Qwik", "Qwik City", "install event", "activate event", "self.skipWaiting", "self.clients.claim"], "state": 2, "file_id": 396, "knowledge_revision": 1411, "git_revision": "1aee8ed1eca8330cc765b711c43546e90b04ff39", "ctags": [{"_type": "tag", "name": "self", "path": "/home/kavia/workspace/code-generation/universalinit/src/universalinit/templates/qwik/src/routes/service-worker.ts", "pattern": "/^declare const self: ServiceWorkerGlobalScope;$/", "language": "TypeScript", "kind": "constant"}], "hash": "4691e997442ba9f8be7690530ed1ce95", "format-version": 4, "code-base-name": "universalinit", "filename": "src/universalinit/templates/qwik/src/routes/service-worker.ts", "revision_history": [{"1411": "1aee8ed1eca8330cc765b711c43546e90b04ff39"}]}