{"is_source_file": true, "format": "TypeScript/TSX", "description": "This file defines a route layout component for a Qwik-based web application, including import statements, server-side data loading, caching configuration, and UI composition with Header, Footer, and slot content.", "external_files": ["../components/starter/header/header", "../components/starter/footer/footer", "./styles.css"], "external_methods": ["cacheControl", "routeLoader$", "component$", "useStyles$"], "published": ["onGet", "useServerTimeLoader"], "classes": [], "methods": [{"name": "onGet", "description": "A request handler that sets cache control headers for optimal caching and performance."}, {"name": "useServerTimeLoader", "description": "A route loader that provides the current server time in ISO format as data to the component."}], "calls": ["cacheControl", "routeLoader$", "component$", "useStyles$", "Header", "Footer", "Slot"], "search-terms": ["Qwik route layout", "TSX component", "cacheControl", "routeLoader", "useStyles", "Header", "Footer", "Slot", "styles.css"], "state": 2, "file_id": 530, "knowledge_revision": 1555, "git_revision": "1aee8ed1eca8330cc765b711c43546e90b04ff39", "ctags": [], "hash": "a2a9cade445a753cf96a48b1a0f2cd34", "format-version": 4, "code-base-name": "universalinit", "filename": "src/universalinit/templates/qwik/src/routes/layout.tsx", "revision_history": [{"1555": "1aee8ed1eca8330cc765b711c43546e90b04ff39"}]}