{"is_source_file": true, "format": "TypeScript", "description": "This file is a TypeScript configuration file for a NativeScript project, defining project settings such as application ID, resource paths, and platform-specific options.", "external_files": ["@nativescript/core"], "external_methods": [], "published": ["default"], "classes": [], "methods": [], "calls": ["Object.as", "export default"], "search-terms": ["nativescript.config.ts", "NativeScriptConfig", "appPath", "appResourcesPath", "v8Flags", "markingMode"], "state": 2, "file_id": 473, "knowledge_revision": 1497, "git_revision": "1aee8ed1eca8330cc765b711c43546e90b04ff39", "ctags": [], "hash": "1fbf0bfa12419a9e75771b468121e14c", "format-version": 4, "code-base-name": "universalinit", "filename": "src/universalinit/templates/nativescript/nativescript.config.ts", "revision_history": [{"1497": "1aee8ed1eca8330cc765b711c43546e90b04ff39"}]}