{"is_source_file": false, "format": "", "description": "", "external_files": [], "external_methods": [], "published": [], "classes": [], "methods": [], "calls": [], "search-terms": [], "state": 2, "file_id": 498, "knowledge_revision": 1510, "git_revision": "1aee8ed1eca8330cc765b711c43546e90b04ff39", "hash": "86267ebdffbbd6f94e415db3c2960bd7", "format-version": 4, "code-base-name": "universalinit", "filename": "src/universalinit/templates/android/config.yml", "revision_history": [{"1510": "1aee8ed1eca8330cc765b711c43546e90b04ff39"}]}