{"is_source_file": true, "format": "JavaScript (ECMAScript module syntax)", "description": "This file configures ESLint rules and settings for a JavaScript/TypeScript project, specifying rules, plugin configurations, file patterns, and environment globals.", "external_files": ["@typescript-eslint/eslint-plugin", "@typescript-eslint/parser"], "external_methods": [], "published": [], "classes": [], "methods": [{"name": "default export (array of configuration objects)", "description": "Exports an array of ESLint configuration objects tailored for TypeScript and JavaScript files."}], "calls": [], "search-terms": ["eslint", "typescript-eslint", "typescript", "plugin", "rules", "config", "eslint.config.mjs", "eslint"], "state": 2, "file_id": 564, "knowledge_revision": 1577, "git_revision": "1aee8ed1eca8330cc765b711c43546e90b04ff39", "hash": "02cd7331bca35b47f30dcc5eb38213b4", "format-version": 4, "code-base-name": "universalinit", "filename": "src/universalinit/templates/remotion/eslint.config.mjs", "revision_history": [{"1577": "1aee8ed1eca8330cc765b711c43546e90b04ff39"}]}