{"is_source_file": true, "format": "JavaScript", "description": "This file is an ESLint configuration file for a project using Svelte, TypeScript, and JavaScript. It sets up ESLint with recommended configurations and customizes settings for specific file types including Svelte components and TypeScript files.", "external_files": ["@eslint/js", "@eslint/compat", "eslint-plugin-svelte", "globals", "node:url", "typescript-eslint", "./svelte.config.js"], "external_methods": ["js.config", "includeIgnoreFile", "svelte.configs.recommended", "ts.config", "ts.configs.recommended", "fileURLToPath"], "published": ["default", "eslint.config.js", "svelte.config.js", "eslint-plugin-svelte"], "classes": [], "methods": [{"name": "ts.config", "description": "Configures ESLint for TypeScript files with specified options."}], "calls": ["ts.config", "includeIgnoreFile", "js.config", "ts.configs.recommended", "svelte.configs.recommended", "fileURLToPath"], "search-terms": ["eslint", "eslint-plugin-svelte", "typescript-eslint", "svelte.config", "recommended", "eslint.config.js"], "state": 2, "file_id": 588, "knowledge_revision": 1614, "git_revision": "1aee8ed1eca8330cc765b711c43546e90b04ff39", "ctags": [{"_type": "tag", "name": "gitignorePath", "path": "/home/kavia/workspace/code-generation/universalinit/src/universalinit/templates/svelte/eslint.config.js", "pattern": "/^const gitignorePath = fileURLToPath(new URL(\".\\/.gitignore\", import.meta.url));$/", "language": "JavaScript", "kind": "constant"}], "hash": "a81d06efe1486ab8e93e8c96a9bdf6b8", "format-version": 4, "code-base-name": "universalinit", "filename": "src/universalinit/templates/svelte/eslint.config.js", "revision_history": [{"1614": "1aee8ed1eca8330cc765b711c43546e90b04ff39"}]}