{"is_source_file": true, "format": "TypeScript (TSX)", "description": "A Qwik component implementing an interactive flower generator with state management, styling, and lifecycle effects.", "external_files": ["./flower.css?inline"], "external_methods": ["useVisibleTask$", "useStore", "useStylesScoped$", "component$"], "published": ["head"], "classes": [], "methods": [{"name": "component$", "description": "Defines a Qwik component that manages state, effects, and rendering logic."}], "calls": ["useStylesScoped$(styles)", "useLocation()", "useStore({...})", "useVisibleTask$({...})", "clearTimeout(timeout)", "clearInterval(internal)"], "search-terms": ["Qwik", "flower generator", "useVisibleTask$", "useStore", "index.tsx", "scoped styles", "reactive state", "timeout", "interval"], "state": 2, "file_id": 566, "knowledge_revision": 1585, "git_revision": "1aee8ed1eca8330cc765b711c43546e90b04ff39", "ctags": [], "hash": "2e6a607b7754724938912b649e3138c1", "format-version": 4, "code-base-name": "universalinit", "filename": "src/universalinit/templates/qwik/src/routes/demo/flower/index.tsx", "revision_history": [{"1585": "1aee8ed1eca8330cc765b711c43546e90b04ff39"}]}