{"is_source_file": true, "format": "JavaScript (Node.js)", "description": "This file sets up an Express.js application with middleware configurations including CORS, Swagger UI documentation, route mounting, and error handling.", "external_files": ["./routes", "../swagger"], "external_methods": ["swaggerUi.serve", "swaggerUi.setup"], "published": ["module.exports"], "classes": [], "methods": [{"name": "app.use", "description": "Registers middleware functions for handling CORS, Swagger UI, JSON parsing, routing, and error handling."}], "calls": ["require('cors')", "require('express')", "require('./routes')", "require('../swagger')", "swaggerUi.serve", "swaggerUi.setup", "app.use", "req.get('host')", "req.protocol", "req.socket.localPort", "req.secure", "console.error"], "search-terms": ["Express app setup", "CORS configuration", "Swagger UI integration", "Route mounting", "Error handling middleware", "dynamic Swagger server URL"], "state": 2, "file_id": 47, "knowledge_revision": 445, "git_revision": "7f958e4a9e0840522c3cfe03f7b218acec9b1c45", "ctags": [{"_type": "tag", "name": "app", "path": "/home/kavia/workspace/code-generation/universalinit/src/universalinit/templates/express/src/app.js", "pattern": "/^const app = express();$/", "language": "JavaScript", "kind": "constant"}, {"_type": "tag", "name": "cors", "path": "/home/kavia/workspace/code-generation/universalinit/src/universalinit/templates/express/src/app.js", "pattern": "/^const cors = require('cors');$/", "language": "JavaScript", "kind": "constant"}, {"_type": "tag", "name": "express", "path": "/home/kavia/workspace/code-generation/universalinit/src/universalinit/templates/express/src/app.js", "pattern": "/^const express = require('express');$/", "language": "JavaScript", "kind": "constant"}, {"_type": "tag", "name": "routes", "path": "/home/kavia/workspace/code-generation/universalinit/src/universalinit/templates/express/src/app.js", "pattern": "/^const routes = require('.\\/routes');$/", "language": "JavaScript", "kind": "constant"}, {"_type": "tag", "name": "swaggerSpec", "path": "/home/kavia/workspace/code-generation/universalinit/src/universalinit/templates/express/src/app.js", "pattern": "/^const swaggerSpec = require('..\\/swagger');$/", "language": "JavaScript", "kind": "constant"}, {"_type": "tag", "name": "swaggerUi", "path": "/home/kavia/workspace/code-generation/universalinit/src/universalinit/templates/express/src/app.js", "pattern": "/^const swaggerUi = require('swagger-ui-express');$/", "language": "JavaScript", "kind": "constant"}], "hash": "5df3172f6e958a99d255956f667b1de4", "format-version": 4, "code-base-name": "universalinit", "filename": "src/universalinit/templates/express/src/app.js", "revision_history": [{"445": "7f958e4a9e0840522c3cfe03f7b218acec9b1c45"}]}