{"is_source_file": true, "format": "JavaScript", "description": "This file initializes and renders the React application by attaching it to the DOM element with id 'root'. It imports the core React libraries, the stylesheet, and the main App component.", "external_files": ["react", "react-dom/client", "./index.css", "./App"], "external_methods": ["ReactDOM.createRoot", "root.render"], "published": [], "classes": [], "methods": [{"name": "ReactDOM.createRoot", "description": "Creates a root for rendering React components into the DOM."}, {"name": "root.render", "description": "Renders React elements into the created root."}], "calls": ["ReactDOM.createRoot", "root.render"], "search-terms": ["React", "ReactDOM", "index.js", "render", "createRoot", "App"], "state": 2, "file_id": 501, "knowledge_revision": 1533, "git_revision": "1aee8ed1eca8330cc765b711c43546e90b04ff39", "ctags": [{"_type": "tag", "name": "root", "path": "/home/kavia/workspace/code-generation/universalinit/src/universalinit/templates/react/src/index.js", "pattern": "/^const root = ReactDOM.createRoot(document.getElementById('root'));$/", "language": "JavaScript", "kind": "constant"}], "hash": "9fc5841375336fc175b49f8767a11383", "format-version": 4, "code-base-name": "universalinit", "filename": "src/universalinit/templates/react/src/index.js", "revision_history": [{"1533": "1aee8ed1eca8330cc765b711c43546e90b04ff39"}]}