{"is_source_file": true, "format": "TypeScript", "description": "This file defines constants for use in a larger project, including a color value and a font family string.", "external_files": [], "external_methods": [], "published": ["COLOR_1", "FONT_FAMILY"], "classes": [], "methods": [], "calls": [], "search-terms": ["constants", "COLOR_1", "FONT_FAMILY", "typescript", "constants file"], "state": 2, "file_id": 573, "knowledge_revision": 1583, "git_revision": "1aee8ed1eca8330cc765b711c43546e90b04ff39", "ctags": [{"_type": "tag", "name": "COLOR_1", "path": "/home/kavia/workspace/code-generation/universalinit/src/universalinit/templates/remotion/src/HelloWorld/constants.ts", "pattern": "/^export const COLOR_1 = \"#86A8E7\";$/", "language": "TypeScript", "kind": "constant"}, {"_type": "tag", "name": "FONT_FAMILY", "path": "/home/kavia/workspace/code-generation/universalinit/src/universalinit/templates/remotion/src/HelloWorld/constants.ts", "pattern": "/^export const FONT_FAMILY = \"SF Pro Text, Helvetica, Arial, sans-serif\";$/", "language": "TypeScript", "kind": "constant"}], "hash": "a6ffb7292e7a72b13013957085aebc2d", "format-version": 4, "code-base-name": "universalinit", "filename": "src/universalinit/templates/remotion/src/HelloWorld/constants.ts", "revision_history": [{"1583": "1aee8ed1eca8330cc765b711c43546e90b04ff39"}]}