{"is_source_file": true, "format": "TypeScript declaration file", "description": "This file is a type declaration for Vite environment variables, providing type information for the Vite client in a TypeScript project.", "external_files": [], "external_methods": [], "published": [], "classes": [], "methods": [], "calls": [], "search-terms": ["vite-env", "vite/client", "typescript", "type declaration", "vite"], "state": 2, "file_id": 491, "knowledge_revision": 1511, "git_revision": "1aee8ed1eca8330cc765b711c43546e90b04ff39", "ctags": [], "hash": "0352474ba2918efe13895edbc3780d94", "format-version": 4, "code-base-name": "universalinit", "filename": "src/universalinit/templates/typescript/src/vite-env.d.ts", "revision_history": [{"1511": "1aee8ed1eca8330cc765b711c43546e90b04ff39"}]}