{"is_source_file": true, "format": "TypeScript/TSX", "description": "This file defines the root layout component and related configuration for a Remix-run based web application, including link elements, meta tags, and main app component.", "external_files": ["@remix-run/react", "@remix-run/node", "./tailwind.css"], "external_methods": ["links", "Layout", "App"], "published": ["links", "Layout", "App"], "classes": [], "methods": [{"name": "links", "description": "Defines external stylesheet links, font preconnects, and stylesheet imports for the app."}, {"name": "Layout", "description": "The main layout component that wraps page content with HTML structure, meta tags, and scripts."}, {"name": "App", "description": "Main application component that renders the current Outlet (route)."}], "calls": ["Meta", "Links", "ScrollRestoration", "Scripts", "Outlet"], "search-terms": ["Remix app layout", "TSX root component", "meta and links configuration", "Tailwind CSS import", "Remix Outlet"], "state": 2, "file_id": 429, "knowledge_revision": 1451, "git_revision": "1aee8ed1eca8330cc765b711c43546e90b04ff39", "ctags": [], "hash": "ecb43bd0ae9b4e549b896a93f472a193", "format-version": 4, "code-base-name": "universalinit", "filename": "src/universalinit/templates/remix/app/root.tsx", "revision_history": [{"1451": "1aee8ed1eca8330cc765b711c43546e90b04ff39"}]}