{"is_source_file": true, "format": "JavaScript Module (ESM, .mjs)", "description": "ESLint configuration file for React projects, specifying parser options, environment globals, and plugin rules.", "external_files": ["@eslint/js", "eslint-plugin-react"], "external_methods": [], "published": [], "classes": [], "methods": [], "calls": ["pluginJs", "pluginReact", "pluginJs.configs.recommended"], "search-terms": ["eslint", "react", "eslint plugin", "jsx", "parserOptions", "rules", "eslint configuration", "ESM", "eslint.config.mjs"], "state": 2, "file_id": 617, "knowledge_revision": 1630, "git_revision": "1aee8ed1eca8330cc765b711c43546e90b04ff39", "hash": "be6538e7523bc2e9da0743133d784136", "format-version": 4, "code-base-name": "universalinit", "filename": "src/universalinit/templates/react/eslint.config.mjs", "revision_history": [{"1630": "1aee8ed1eca8330cc765b711c43546e90b04ff39"}]}