{"is_source_file": false, "format": null, "description": null, "external_files": [], "external_methods": [], "published": [], "classes": [], "methods": [], "calls": [], "search-terms": ["footer", "CSS", "styling", "responsive", "Qwik", "component", "bootstrap", "media queries"], "state": 2, "file_id": 568, "knowledge_revision": 1579, "git_revision": "1aee8ed1eca8330cc765b711c43546e90b04ff39", "hash": "6f89944aa3374f88b2c221e62aa1ed9a", "format-version": 4, "code-base-name": "universalinit", "filename": "src/universalinit/templates/qwik/src/components/starter/footer/footer.module.css", "revision_history": [{"1579": "1aee8ed1eca8330cc765b711c43546e90b04ff39"}]}