{"is_source_file": false, "format": "", "description": "", "external_files": [], "external_methods": [], "published": [], "classes": [], "methods": [], "calls": [], "search-terms": [], "state": 2, "file_id": 581, "knowledge_revision": 1592, "git_revision": "1aee8ed1eca8330cc765b711c43546e90b04ff39", "ctags": [], "hash": "b7bf9deeb7ba165ebe85a32fe6ac036e", "format-version": 4, "code-base-name": "universalinit", "filename": "src/universalinit/templates/svelte/vitest-setup-client.ts", "revision_history": [{"1592": "1aee8ed1eca8330cc765b711c43546e90b04ff39"}]}