{"is_source_file": true, "format": "TypeScript (TSX)", "description": "This file handles server-side rendering requests in a Remix application, including logic for handling bot requests and browser requests, setting appropriate headers, and streaming responses.", "external_files": ["@remix-run/node", "@remix-run/react", "isbot", "react-dom/server"], "external_methods": ["createReadableStreamFromReadable", "renderToPipeableStream", "PassThrough"], "published": ["handleRequest"], "classes": [], "methods": [{"name": "handleRequest", "description": "Main entry point for handling incoming HTTP requests, sets CORS headers, handles OPTIONS method, and delegates to bot or browser request handlers."}, {"name": "handleBotRequest", "description": "Handles requests identified as from bots, streaming server-rendered HTML with error handling and timeout."}, {"name": "handleBrowserRequest", "description": "Handles requests from browsers, streaming server-rendered HTML with error handling and timeout."}], "calls": ["renderToPipeableStream", "createReadableStreamFromReadable", "PassThrough", "console.error"], "search-terms": ["RemixServer", "renderToPipeableStream", "isbot", "entry.server.tsx", "server rendering", "streaming response", "browser request handling", "bot request handling"], "state": 2, "file_id": 524, "knowledge_revision": 1557, "git_revision": "1aee8ed1eca8330cc765b711c43546e90b04ff39", "ctags": [], "hash": "ea3fdec8a39ab86ca67d22f9ecc48c65", "format-version": 4, "code-base-name": "universalinit", "filename": "src/universalinit/templates/remix/app/entry.server.tsx", "revision_history": [{"1557": "1aee8ed1eca8330cc765b711c43546e90b04ff39"}]}