{"is_source_file": true, "format": "Python", "description": "Django application configuration file defining the ApiConfig class for the 'api' app.", "external_files": ["django/apps.py"], "external_methods": ["django.apps.AppConfig"], "published": ["ApiConfig"], "classes": [{"name": "ApiConfig", "description": "Django AppConfig subclass for the 'api' application, setting default auto field and app name."}], "methods": [{"name": "ApiConfig.<init>", "description": "Constructor inherited from AppConfig, uses default initialization."}], "calls": [], "search-terms": ["django", "AppConfig", "ApiConfig", "api"], "state": 2, "file_id": 557, "knowledge_revision": 1573, "git_revision": "1aee8ed1eca8330cc765b711c43546e90b04ff39", "ctags": [{"_type": "tag", "name": "ApiConfig", "path": "/home/kavia/workspace/code-generation/universalinit/src/universalinit/templates/django/api/apps.py", "pattern": "/^class ApiConfig(AppConfig):$/", "language": "Python", "kind": "class"}, {"_type": "tag", "name": "default_auto_field", "path": "/home/kavia/workspace/code-generation/universalinit/src/universalinit/templates/django/api/apps.py", "pattern": "/^    default_auto_field = 'django.db.models.BigAutoField'$/", "language": "Python", "kind": "variable", "scope": "ApiConfig", "scopeKind": "class"}, {"_type": "tag", "name": "name", "path": "/home/kavia/workspace/code-generation/universalinit/src/universalinit/templates/django/api/apps.py", "pattern": "/^    name = 'api'$/", "language": "Python", "kind": "variable", "scope": "ApiConfig", "scopeKind": "class"}], "hash": "bab3d631f5f5469f51f393529afba367", "format-version": 4, "code-base-name": "universalinit", "filename": "src/universalinit/templates/django/api/apps.py", "fields": [{"name": "default_auto_field = 'django.db.models.BigAutoField'", "scope": "ApiConfig", "scopeKind": "class", "description": "unavailable"}, {"name": "name = 'api'", "scope": "ApiConfig", "scopeKind": "class", "description": "unavailable"}], "revision_history": [{"1573": "1aee8ed1eca8330cc765b711c43546e90b04ff39"}]}