{"is_source_file": true, "format": "TypeScript/TSX", "description": "A React functional component called 'Arc' that renders an animated elliptical arc SVG element, utilizing remotion for video configuration and random ID generation for gradients.", "external_files": ["react", "remotion"], "external_methods": ["useState", "useVideoConfig", "random"], "published": ["Arc"], "classes": [], "methods": [{"name": "getCircumferenceOfArc", "description": "Calculates the circumference of an elliptical arc based on radii rx and ry."}, {"name": "Arc", "description": "React functional component that renders an animated elliptical arc SVG with gradient stroke, animated rotation, and customizable colors."}], "calls": ["react.useState", "remotion.useVideoConfig", "remotion.random"], "search-terms": ["Arc", "ellipse SVG", "remotion", "gradientId", "strokeDasharray", "strokeDashoffset", "react functional component"], "state": 2, "file_id": 498, "knowledge_revision": 1519, "git_revision": "1aee8ed1eca8330cc765b711c43546e90b04ff39", "ctags": [], "hash": "81c9128f01c7b242ea106b7d86496df5", "format-version": 4, "code-base-name": "universalinit", "filename": "src/universalinit/templates/remotion/src/HelloWorld/Arc.tsx", "revision_history": [{"1519": "1aee8ed1eca8330cc765b711c43546e90b04ff39"}]}