{"is_source_file": true, "format": "TypeScript (TSX)", "description": "Defines a React functional component named 'Arc' that renders an SVG arc with animated gradient and rotation, used within a Remotion video project.", "external_files": ["react", "remotion"], "external_methods": ["useState", "useVideoConfig", "random"], "published": ["Arc"], "classes": [], "methods": [{"name": "getCircumferenceOfArc", "description": "Calculates the circumference of an elliptical arc given its radii."}], "calls": ["useState", "useVideoConfig", "random"], "search-terms": ["Arc", "ellipse", "strokeDasharray", "strokeDashoffset", "SVG"], "state": 2, "file_id": 381, "knowledge_revision": 1393, "git_revision": "1aee8ed1eca8330cc765b711c43546e90b04ff39", "ctags": [], "hash": "81c9128f01c7b242ea106b7d86496df5", "format-version": 4, "code-base-name": "universalinit", "filename": "src/universalinit/templates/remotion/src/HelloWorld/Arc.tsx", "revision_history": [{"1393": "1aee8ed1eca8330cc765b711c43546e90b04ff39"}]}