{"is_source_file": true, "format": "TypeScript declaration file (.d.ts)", "description": "This file declares global namespace interfaces for a SvelteKit application, intended for type declarations and global augmentation.", "external_files": ["https://svelte.dev/docs/kit/types#app.d.ts"], "external_methods": [], "published": [], "classes": [], "methods": [], "calls": [], "search-terms": ["App namespace", "TypeScript declaration", "global augmentation", "SvelteKit", "app.d.ts"], "state": 2, "file_id": 284, "knowledge_revision": 683, "git_revision": "0ae52866976d9e5d140be46e739b5b8b69611f68", "ctags": [{"_type": "tag", "name": "App", "path": "/home/kavia/workspace/code-generation/universalinit/src/universalinit/templates/svelte/src/app.d.ts", "pattern": "/^\tnamespace App {$/", "language": "TypeScript", "kind": "namespace"}], "hash": "78b56494b3f78d7f9bacda13678f159e", "format-version": 4, "code-base-name": "universalinit", "filename": "src/universalinit/templates/svelte/src/app.d.ts", "revision_history": [{"683": "0ae52866976d9e5d140be46e739b5b8b69611f68"}]}