{"is_source_file": true, "format": "JavaScript", "description": "This file exports a function 'onNavigatingTo' that initializes the binding context of a page with a new instance of HomeViewModel when navigating to the page in a NativeScript application.", "external_files": ["./home-view-model"], "external_methods": ["HomeViewModel"], "published": [], "classes": [], "methods": [{"name": "onNavigatingTo(args)", "description": "Event handler invoked when navigating to the page; it sets the page's binding context to a new instance of HomeViewModel.", "scope": "", "scopeKind": ""}], "calls": ["new HomeViewModel()"], "search-terms": ["NativeScript", "home-page.js", "app home page initialization", "binding context", "onNavigatingTo"], "state": 2, "file_id": 518, "knowledge_revision": 1543, "git_revision": "1aee8ed1eca8330cc765b711c43546e90b04ff39", "ctags": [{"_type": "tag", "name": "onNavigatingTo", "path": "/home/kavia/workspace/code-generation/universalinit/src/universalinit/templates/nativescript/app/home/home-page.js", "pattern": "/^export function onNavigatingTo(args) {$/", "language": "JavaScript", "kind": "function", "signature": "(args)"}], "hash": "c73fa2a2554cc1c125b9f2ab5a64132c", "format-version": 4, "code-base-name": "universalinit", "filename": "src/universalinit/templates/nativescript/app/home/home-page.js", "revision_history": [{"1543": "1aee8ed1eca8330cc765b711c43546e90b04ff39"}]}