{"is_source_file": false, "format": "", "description": "", "external_files": [], "external_methods": [], "published": [], "classes": [], "methods": [], "calls": [], "search-terms": ["Blits", "Router", "routes array", "URL hash", "dynamic routes", "route navigation", "Deep linking", "RouterView", "route params", "navigation programmatically"], "state": 2, "file_id": 387, "knowledge_revision": 1406, "git_revision": "1aee8ed1eca8330cc765b711c43546e90b04ff39", "hash": "9cbb98135c1a276eef3680424b3c4029", "format-version": 4, "code-base-name": "universalinit", "filename": "src/universalinit/templates/lightningjs/docs/router_basics.md", "revision_history": [{"1406": "1aee8ed1eca8330cc765b711c43546e90b04ff39"}]}