{"is_source_file": true, "format": "JavaScript", "description": "This file is a Vite configuration script for a JavaScript project utilizing LightningJS plugins, setting up development server options, plugins, and build configurations.", "external_files": ["@lightningjs/blits/vite"], "external_methods": ["defineConfig"], "published": [], "classes": [], "methods": [{"name": "defineConfig", "description": "A function imported from 'vite' used to define and export the Vite configuration object."}], "calls": ["defineConfig"], "search-terms": ["vite.config.js", "LightningJS", "Vite", "development server", "plugins", "LightningJS blits integration", "build configuration"], "state": 2, "file_id": 423, "knowledge_revision": 1448, "git_revision": "1aee8ed1eca8330cc765b711c43546e90b04ff39", "ctags": [], "hash": "8acdac9175269e76719fddf670b22d2f", "format-version": 4, "code-base-name": "universalinit", "filename": "src/universalinit/templates/lightningjs/vite.config.js", "revision_history": [{"1448": "1aee8ed1eca8330cc765b711c43546e90b04ff39"}]}