{"is_source_file": true, "format": "TypeScript declaration file", "description": "This file provides type reference directives for Vite's client environment, enabling IDE features and type checking for Vite-specific globals in a TypeScript project.", "external_files": ["vite/client"], "external_methods": [], "published": ["/// <reference types=\"vite/client\" />"], "classes": [], "methods": [], "calls": [], "search-terms": ["vite", "vite-env.d", "type references", "typescript", "environment"], "state": 2, "file_id": 549, "knowledge_revision": 1569, "git_revision": "1aee8ed1eca8330cc765b711c43546e90b04ff39", "ctags": [], "hash": "0352474ba2918efe13895edbc3780d94", "format-version": 4, "code-base-name": "universalinit", "filename": "src/universalinit/templates/typescript/src/vite-env.d.ts", "revision_history": [{"1569": "1aee8ed1eca8330cc765b711c43546e90b04ff39"}]}