{"is_source_file": true, "format": "Python", "description": "This is the Django management script 'manage.py' used for administrative commands in a Django project. It sets the Django settings module environment variable and invokes command-line management commands.", "external_files": ["django.core.management"], "external_methods": ["django.core.management.execute_from_command_line"], "published": ["main"], "classes": [], "methods": [{"name": "main()", "description": "Executes Django's command-line utility to run administrative tasks.", "scope": "", "scopeKind": ""}], "calls": ["django.core.management.execute_from_command_line"], "search-terms": ["manage.py", "Django", "management", "command-line", "virtual environment", "settings"], "state": 2, "file_id": 641, "knowledge_revision": 1659, "git_revision": "2028ea7a4a4843e6263708f2139ded60b9650606", "ctags": [{"_type": "tag", "name": "main", "path": "/home/kavia/workspace/code-generation/universalinit/src/universalinit/templates/django/manage.py", "pattern": "/^def main():$/", "language": "Python", "kind": "function", "signature": "()"}], "hash": "09ce28f22db4398409f377833475117f", "format-version": 4, "code-base-name": "universalinit", "filename": "src/universalinit/templates/django/manage.py", "revision_history": [{"1659": "2028ea7a4a4843e6263708f2139ded60b9650606"}]}