{"is_source_file": true, "format": "Python", "description": "This file initializes and configures a Flask application, setting up CORS, API metadata, and integrating a blueprint for routes.", "external_files": ["flask", "flask_cors", ".routes.health", "flask_smorest"], "external_methods": ["Flask()", "CORS()", "Api()", "app.url_map.strict_slashes", "app.config"], "published": ["app", "api"], "classes": [], "methods": [{"name": "Flask", "description": "Constructor for creating a Flask application instance."}, {"name": "CORS", "description": "Function to enable Cross-Origin Resource Sharing on the Flask app."}, {"name": "Api", "description": "Class for initializing the API with Flask, provided by flask-smorest."}], "calls": ["Flask(__name__)", "CORS(app, resources={r\"/*\": {\"origins\": \"*\"}})", "Api(app)", "api.register_blueprint(blp)"], "search-terms": ["CORS configuration", "flask_smorest Api setup", "blueprint registration", "OPENAPI configuration", "swagger UI setup"], "state": 2, "file_id": 390, "knowledge_revision": 1411, "git_revision": "1aee8ed1eca8330cc765b711c43546e90b04ff39", "ctags": [{"_type": "tag", "name": "api", "path": "/home/kavia/workspace/code-generation/universalinit/src/universalinit/templates/flask/app/__init__.py", "pattern": "/^api = Api(app)$/", "language": "Python", "kind": "variable"}, {"_type": "tag", "name": "app", "path": "/home/kavia/workspace/code-generation/universalinit/src/universalinit/templates/flask/app/__init__.py", "pattern": "/^app = Flask(__name__)$/", "language": "Python", "kind": "variable"}], "hash": "da3fd8f5753305c3dde1f2a956741543", "format-version": 4, "code-base-name": "universalinit", "filename": "src/universalinit/templates/flask/app/__init__.py", "fields": [{"name": "api = Api(app)", "scope": "", "scopeKind": "", "description": "unavailable"}, {"name": "app = Flask(__name__)", "scope": "", "scopeKind": "", "description": "unavailable"}], "revision_history": [{"1411": "1aee8ed1eca8330cc765b711c43546e90b04ff39"}]}