{"is_source_file": true, "format": "JavaScript/ECMAScript Module (.mjs)", "description": "ESLint configuration file written in JavaScript, setting rules and global variables for TypeScript and JavaScript projects.", "external_files": ["@typescript-eslint/eslint-plugin", "@typescript-eslint/parser"], "external_methods": [], "published": [], "classes": [], "methods": [], "calls": ["import typescript from '@typescript-eslint/eslint-plugin'", "import tsParser from '@typescript-eslint/parser'"], "search-terms": ["eslint", "typescript-eslint", "eslint.config.mjs", "eslint rules", "typescript parser", "global React", "file extensions"], "state": 2, "file_id": 662, "knowledge_revision": 1672, "git_revision": "1aee8ed1eca8330cc765b711c43546e90b04ff39", "hash": "02cd7331bca35b47f30dcc5eb38213b4", "format-version": 4, "code-base-name": "universalinit", "filename": "src/universalinit/templates/remotion/eslint.config.mjs", "revision_history": [{"1672": "1aee8ed1eca8330cc765b711c43546e90b04ff39"}]}