{"is_source_file": true, "format": "TypeScript", "description": "This file defines and exports the Next.js configuration object related to the build output settings.", "external_files": ["next"], "external_methods": [], "published": ["nextConfig"], "classes": [], "methods": [], "calls": ["import type { NextConfig } from \"next\""], "search-terms": ["next.config.ts", "NextConfig", "nextConfig", "Next.js configuration"], "state": 2, "file_id": 509, "knowledge_revision": 1532, "git_revision": "1aee8ed1eca8330cc765b711c43546e90b04ff39", "ctags": [{"_type": "tag", "name": "nextConfig", "path": "/home/kavia/workspace/code-generation/universalinit/src/universalinit/templates/nextjs/next.config.ts", "pattern": "/^const nextConfig: NextConfig = {$/", "language": "TypeScript", "kind": "constant"}], "hash": "d2e8cb2378dd8f1f25150e4609f18db6", "format-version": 4, "code-base-name": "universalinit", "filename": "src/universalinit/templates/nextjs/next.config.ts", "revision_history": [{"1532": "1aee8ed1eca8330cc765b711c43546e90b04ff39"}]}