{"is_source_file": true, "format": "TypeScript (TSX)", "description": "This file defines a React component 'Logo' for a video or animation project, using Remotion libraries to produce animated graphics with arcs and atoms, parameterized by colors.", "external_files": ["./Arc", "./Atom", "@remotion/zod-types"], "external_methods": ["spring", "interpolate", "useCurrentFrame", "useVideoConfig"], "published": ["Logo", "myCompSchema2"], "classes": [], "methods": [{"name": "Logo", "description": "React functional component that renders animated logo graphics with rotating and scaling effects based on video frame data."}], "calls": ["spring", "interpolate", "useVideoConfig", "useCurrentFrame"], "search-terms": ["Logo", "remotion", "animation", "Arc", "Atom", "zColor", "spring", "interpolate", "useVideoConfig", "useCurrentFrame"], "state": 2, "file_id": 411, "knowledge_revision": 1430, "git_revision": "1aee8ed1eca8330cc765b711c43546e90b04ff39", "ctags": [], "hash": "da067dd9634b1290d01907f36ef18835", "format-version": 4, "code-base-name": "universalinit", "filename": "src/universalinit/templates/remotion/src/HelloWorld/Logo.tsx", "revision_history": [{"1430": "1aee8ed1eca8330cc765b711c43546e90b04ff39"}]}