{"is_source_file": true, "format": "JavaScript/ECMAScript Module", "description": "This file is an ESLint configuration module for a Next.js project using ECMAScript modules, extending base configurations with Next.js specific presets.", "external_files": ["@eslint/eslintrc", "path", "url"], "external_methods": ["FlatCompat.extends"], "published": ["eslintConfig"], "classes": [], "methods": [], "calls": ["compat.extends"], "search-terms": ["eslint", "nextjs", "eslint.config.mjs", "eslint configuration", "ESLint", "Next.js"], "state": 2, "file_id": 545, "knowledge_revision": 1566, "git_revision": "1aee8ed1eca8330cc765b711c43546e90b04ff39", "hash": "b43f470c5df5e9ff4c2f5e0bd917a881", "format-version": 4, "code-base-name": "universalinit", "filename": "src/universalinit/templates/nextjs/eslint.config.mjs", "revision_history": [{"1566": "1aee8ed1eca8330cc765b711c43546e90b04ff39"}]}