{"is_source_file": true, "format": "Python", "description": "Django admin registration script, registering models with the Django admin site.", "external_files": ["django.contrib.admin"], "external_methods": [], "published": [], "classes": [], "methods": [], "calls": [], "search-terms": ["django", "admin", "register", "models"], "state": 2, "file_id": 531, "knowledge_revision": 1544, "git_revision": "1aee8ed1eca8330cc765b711c43546e90b04ff39", "ctags": [], "hash": "e3dc717de887db03a015667a5fec59d8", "format-version": 4, "code-base-name": "universalinit", "filename": "src/universalinit/templates/django/api/admin.py", "revision_history": [{"1544": "1aee8ed1eca8330cc765b711c43546e90b04ff39"}]}