{"is_source_file": true, "format": "JavaScript", "description": "Main application setup for an Express.js based server, configuring middleware, routes, Swagger documentation, CORS, and error handling.", "external_files": ["./routes", "../swagger"], "external_methods": ["require('cors')", "require('express')", "require('./routes')", "require('swagger-ui-express')", "require('../swagger')"], "published": ["module.exports"], "classes": [], "methods": [{"name": "app.use", "description": "Registers middleware functions such as CORS, Swagger UI, JSON parsing, route mounting, and error handling."}, {"name": "app.set", "description": "Configures Express app settings, specifically 'trust proxy'."}, {"name": "swaggerUi.setup", "description": "Sets up Swagger UI with dynamically generated server URL based on request."}], "calls": ["cors()", "express()", "routes", "swaggerUi.serve", "swaggerUi.setup", "req.get('host')", "req.protocol", "req.socket.localPort", "req.secure", "console.error", "res.status", "res.json"], "search-terms": ["Swagger UI setup", "Express app configuration", "CORS configuration", "dynamic Swagger server URL", "Express middleware"], "state": 2, "file_id": 379, "knowledge_revision": 1403, "git_revision": "1aee8ed1eca8330cc765b711c43546e90b04ff39", "ctags": [{"_type": "tag", "name": "app", "path": "/home/kavia/workspace/code-generation/universalinit/src/universalinit/templates/express/src/app.js", "pattern": "/^const app = express();$/", "language": "JavaScript", "kind": "constant"}, {"_type": "tag", "name": "cors", "path": "/home/kavia/workspace/code-generation/universalinit/src/universalinit/templates/express/src/app.js", "pattern": "/^const cors = require('cors');$/", "language": "JavaScript", "kind": "constant"}, {"_type": "tag", "name": "express", "path": "/home/kavia/workspace/code-generation/universalinit/src/universalinit/templates/express/src/app.js", "pattern": "/^const express = require('express');$/", "language": "JavaScript", "kind": "constant"}, {"_type": "tag", "name": "routes", "path": "/home/kavia/workspace/code-generation/universalinit/src/universalinit/templates/express/src/app.js", "pattern": "/^const routes = require('.\\/routes');$/", "language": "JavaScript", "kind": "constant"}, {"_type": "tag", "name": "swaggerSpec", "path": "/home/kavia/workspace/code-generation/universalinit/src/universalinit/templates/express/src/app.js", "pattern": "/^const swaggerSpec = require('..\\/swagger');$/", "language": "JavaScript", "kind": "constant"}, {"_type": "tag", "name": "swaggerUi", "path": "/home/kavia/workspace/code-generation/universalinit/src/universalinit/templates/express/src/app.js", "pattern": "/^const swaggerUi = require('swagger-ui-express');$/", "language": "JavaScript", "kind": "constant"}], "hash": "5df3172f6e958a99d255956f667b1de4", "format-version": 4, "code-base-name": "universalinit", "filename": "src/universalinit/templates/express/src/app.js", "revision_history": [{"1403": "1aee8ed1eca8330cc765b711c43546e90b04ff39"}]}