{"is_source_file": true, "format": "JavaScript", "description": "Configuration file for PostCSS with specified plugins 'tailwindcss' and 'autoprefixer'.", "external_files": [], "external_methods": [], "published": ["default"], "classes": [], "methods": [], "calls": [], "search-terms": ["postcss", "tailwindcss", "autoprefixer", "plugins", "postcss.config.js"], "state": 2, "file_id": 545, "knowledge_revision": 1566, "git_revision": "1aee8ed1eca8330cc765b711c43546e90b04ff39", "ctags": [], "hash": "c735540bb63936a123bc867d950c9f69", "format-version": 4, "code-base-name": "universalinit", "filename": "src/universalinit/templates/remix/postcss.config.js", "revision_history": [{"1566": "1aee8ed1eca8330cc765b711c43546e90b04ff39"}]}