{"is_source_file": false, "format": "", "description": "", "external_files": [], "external_methods": [], "published": [], "classes": [], "methods": [], "calls": [], "search-terms": [], "state": 2, "file_id": 469, "knowledge_revision": 1475, "git_revision": "1aee8ed1eca8330cc765b711c43546e90b04ff39", "hash": "dcd2fd2c3b61855d28f1245e0bfdbaf4", "format-version": 4, "code-base-name": "universalinit", "filename": "src/universalinit/templates/vue/tsconfig.node.json", "revision_history": [{"1475": "1aee8ed1eca8330cc765b711c43546e90b04ff39"}]}