{"is_source_file": true, "format": "JavaScript", "description": "This file is a configuration script for the Metro bundler used in React Native projects, specifically tailored for Expo applications. It customizes server settings such as timeout extensions and middleware enhancements.", "external_files": ["expo/metro-config"], "external_methods": ["getDefaultConfig"], "published": [], "classes": [], "methods": [{"name": "enhanceMiddleware", "description": "A function assigned to the config.server object to extend middleware behavior by setting a timeout for bundle requests."}], "calls": ["require('expo/metro-config')", "getDefaultConfig", "module.exports"], "search-terms": ["metro.config.js", "expo", "enhanceMiddleware", "timeout", "React Native", "Metro"], "state": 2, "file_id": 263, "knowledge_revision": 668, "git_revision": "fca16966001981e75dff4fc9dc0fd55172597ad8", "ctags": [{"_type": "tag", "name": "config", "path": "/home/kavia/workspace/code-generation/universalinit/src/universalinit/templates/reactnative/metro.config.js", "pattern": "/^const config = getDefaultConfig(__dirname);$/", "language": "JavaScript", "kind": "constant"}], "hash": "6448ba1e3014b07ec33e61ed6e433f44", "format-version": 4, "code-base-name": "universalinit", "filename": "src/universalinit/templates/reactnative/metro.config.js", "revision_history": [{"668": "fca16966001981e75dff4fc9dc0fd55172597ad8"}]}