{"is_source_file": true, "format": "TypeScript/TSX", "description": "This file defines a Qwik component for rendering a footer section, which includes a link, some styled spans, and server time information.", "external_files": ["../../../routes/layout", "./footer.module.css"], "external_methods": ["useServerTimeLoader"], "published": [], "classes": [], "methods": [{"name": "default", "description": "The default exported functional component rendering the footer."}], "calls": ["component$", "useServerTimeLoader"], "search-terms": ["Qwik footer component", "footer.tsx", "useServerTimeLoader", "component$", "footer.module.css"], "state": 2, "file_id": 548, "knowledge_revision": 1569, "git_revision": "1aee8ed1eca8330cc765b711c43546e90b04ff39", "ctags": [], "hash": "5e83eb5470cf84aff350a45599f1b87a", "format-version": 4, "code-base-name": "universalinit", "filename": "src/universalinit/templates/qwik/src/components/starter/footer/footer.tsx", "revision_history": [{"1569": "1aee8ed1eca8330cc765b711c43546e90b04ff39"}]}