{"is_source_file": true, "format": "bash", "description": "A shell script to initialize and start a PostgreSQL server, check if it's running, set up the database, user permissions, and generate connection configuration files.", "external_files": ["/usr/lib/postgresql/*/bin/initdb", "/usr/lib/postgresql/*/bin/psql", "/usr/lib/postgresql/*/bin/pg_isready", "/usr/lib/postgresql/*/bin/postgres", "/usr/lib/postgresql/*/bin/createdb"], "external_methods": ["sudo", "pg_isready", "initdb", "psql", "pgrep", "createdb"], "published": ["db_connection.txt", "db_visualizer/postgres.env"], "classes": [], "methods": [], "calls": ["ls", "echo", "sleep", "sudo -u postgres initdb", "sudo -u postgres postgres", "sudo -u postgres psql", "sudo -u postgres createdb", "sudo -u postgres psql -c", "cat", "pgrep", "cat", "cat"], "search-terms": ["PostgreSQL", "startup script", "database setup", "permissions", "initialization", "connection string"], "state": 2, "file_id": 414, "knowledge_revision": 1435, "git_revision": "1aee8ed1eca8330cc765b711c43546e90b04ff39", "hash": "3664b8e1a9d0acb09ef2cd72feece193", "format-version": 4, "code-base-name": "universalinit", "filename": "src/universalinit/templates/postgresql/startup.sh", "revision_history": [{"1435": "1aee8ed1eca8330cc765b711c43546e90b04ff39"}]}