{"is_source_file": true, "format": "JavaScript", "description": "This file is a Webpack configuration script for NativeScript, setting up and initializing Webpack with environment variables and resolving the final webpack configuration.", "external_files": ["@nativescript/webpack"], "external_methods": ["webpack.init", "webpack.resolveConfig"], "published": [], "classes": [], "methods": [{"name": "module.exports", "description": "Exports a function that initializes webpack with environment variables and returns the resolved webpack configuration."}], "calls": ["webpack.init", "webpack.resolveConfig"], "search-terms": ["webpack.config.js", "NativeScript webpack", "webpack.init", "webpack.resolveConfig", "require(\"@nativescript/webpack\")"], "state": 2, "file_id": 581, "knowledge_revision": 1606, "git_revision": "1aee8ed1eca8330cc765b711c43546e90b04ff39", "ctags": [{"_type": "tag", "name": "webpack", "path": "/home/kavia/workspace/code-generation/universalinit/src/universalinit/templates/nativescript/webpack.config.js", "pattern": "/^const webpack = require(\"@nativescript\\/webpack\");$/", "language": "JavaScript", "kind": "constant"}], "hash": "e0e53d44fe24f88b703146dfd498a1f8", "format-version": 4, "code-base-name": "universalinit", "filename": "src/universalinit/templates/nativescript/webpack.config.js", "revision_history": [{"1606": "1aee8ed1eca8330cc765b711c43546e90b04ff39"}]}