{"is_source_file": true, "format": "CSS/Stylesheet", "description": "This file defines the styling for a Svelte application, including CSS variables for themes (light and dark), body styles, typography, links, headings, code blocks, layout, and responsive design.", "external_files": ["@fontsource/fira-mono"], "external_methods": [], "published": [], "classes": [], "methods": [], "calls": [], "search-terms": ["CSS variables", "themes", "light theme", "dark theme", "background styles", "responsive typography"], "state": 2, "file_id": 349, "knowledge_revision": 1358, "git_revision": "1aee8ed1eca8330cc765b711c43546e90b04ff39", "hash": "cf0707491a73c20fb817f66b709d6d17", "format-version": 4, "code-base-name": "universalinit", "filename": "src/universalinit/templates/svelte/src/app.css", "revision_history": [{"1358": "1aee8ed1eca8330cc765b711c43546e90b04ff39"}]}