{"is_source_file": true, "format": "TypeScript/TSX", "description": "This file serves as an SSR entry point for a Qwik-based application, responsible for rendering the application outside the browser (server-side rendering). It imports rendering functions, a manifest, and the root component, and exports a default function that initiates SSR rendering with customizable options.", "external_files": ["@builder.io/qwik/server", "@qwik-client-manifest", "./root"], "external_methods": ["renderToStream"], "published": [], "classes": [], "methods": [{"name": "default", "description": "Exports a default function that renders the root component to a stream with provided options, including manifest, container attributes, and server data."}], "calls": ["renderToStream"], "search-terms": ["SSR entry point", "Qwik server rendering", "renderToStream", "entry.ssr.tsx", "universalinit", "server-side rendering"], "state": 2, "file_id": 140, "knowledge_revision": 537, "git_revision": "bf8e83a03386cc13b14f840fc39dc9004aad1478", "ctags": [], "hash": "f8b074d1e3d71f065aa250eec9600f9d", "format-version": 4, "code-base-name": "universalinit", "filename": "src/universalinit/templates/qwik/src/entry.ssr.tsx", "revision_history": [{"537": "bf8e83a03386cc13b14f840fc39dc9004aad1478"}]}