{"is_source_file": true, "format": "TypeScript (TSX)", "description": "This file defines a React component for the homepage of a Solana project, rendering a simple placeholder message.", "external_files": [], "external_methods": [], "published": ["default"], "classes": [], "methods": [{"name": "Home", "description": "React functional component rendering a placeholder message indicating project setup in progress."}], "calls": [], "search-terms": ["homepage", "React", "Solana", "placeholder", "TSX", "project setup"], "state": 2, "file_id": 124, "knowledge_revision": 517, "git_revision": "30855f8b919fb13ee78b71b2b324c162ab5ea6e5", "ctags": [], "hash": "956a76f2f679b560f13ee2e7277834e3", "format-version": 4, "code-base-name": "universalinit", "filename": "src/universalinit/templates/solananextjs/src/app/page.tsx", "revision_history": [{"517": "30855f8b919fb13ee78b71b2b324c162ab5ea6e5"}]}