{"is_source_file": true, "format": "TypeScript", "description": "This is a test specification file for the Angular component AppComponent, using Jasmine testing framework and Angular's TestBed utility to perform unit tests.", "external_files": ["./app.component"], "external_methods": ["TestBed.configureTestingModule", "TestBed.createComponent", "fixture.componentInstance", "fixture.detectChanges", "compiled.querySelector", "expect"], "published": [], "classes": [{"name": "AppComponent", "description": "The Angular component under test."}], "methods": [{"name": "beforeEach", "description": "Sets up the testing environment asynchronously before each test."}, {"name": "it", "description": "Defines individual test cases for the component."}], "calls": ["TestBed.configureTestingModule", "TestBed.createComponent", "fixture.detectChanges", "expect"], "search-terms": ["Angular", "spec", "unit test", "AppComponent", "Jasmine", "TestBed", "component test"], "state": 2, "file_id": 473, "knowledge_revision": 1492, "git_revision": "1aee8ed1eca8330cc765b711c43546e90b04ff39", "ctags": [{"_type": "tag", "name": "app", "path": "/home/kavia/workspace/code-generation/universalinit/src/universalinit/templates/angular/src/app/app.component.spec.ts", "pattern": "/^    const app = fixture.componentInstance;$/", "language": "TypeScript", "kind": "constant"}, {"_type": "tag", "name": "compiled", "path": "/home/kavia/workspace/code-generation/universalinit/src/universalinit/templates/angular/src/app/app.component.spec.ts", "pattern": "/^    const compiled = fixture.nativeElement as HTMLElement;$/", "language": "TypeScript", "kind": "constant"}, {"_type": "tag", "name": "fixture", "path": "/home/kavia/workspace/code-generation/universalinit/src/universalinit/templates/angular/src/app/app.component.spec.ts", "pattern": "/^    const fixture = TestBed.createComponent(AppComponent);$/", "language": "TypeScript", "kind": "constant"}], "hash": "5bff32fedc85513ebb007e779659ab1b", "format-version": 4, "code-base-name": "universalinit", "filename": "src/universalinit/templates/angular/src/app/app.component.spec.ts", "revision_history": [{"1492": "1aee8ed1eca8330cc765b711c43546e90b04ff39"}]}