{"is_source_file": true, "format": "JavaScript", "description": "This file defines a UI component named 'Button' using the LightningJS framework. It specifies a visual template with dynamic text content and behavior for toggling the 'favorited' state upon user input.", "external_files": ["@lightningjs/blits"], "external_methods": [], "published": ["Button"], "classes": [{"name": "Button", "description": "A LightningJS component representing a toggle button with dynamic text labels."}], "methods": [{"name": "template", "description": "Defines the HTML-like template structure of the Button component with conditional text content."}, {"name": "state", "description": "Initializes the component's reactive state, including 'isFavorited' and label texts."}, {"name": "input.enter", "description": "Event handler that toggles the 'isFavorited' state when the 'enter' input is received."}], "calls": [], "search-terms": ["LightningJS", "Button component", "template", "state", "input handling", "toggle favorite"], "state": 2, "file_id": 532, "knowledge_revision": 1554, "git_revision": "1aee8ed1eca8330cc765b711c43546e90b04ff39", "ctags": [], "hash": "937bfe439a9c9f493682f4dc71047929", "format-version": 4, "code-base-name": "universalinit", "filename": "src/universalinit/templates/lightningjs/src/components/Button.js", "revision_history": [{"1554": "1aee8ed1eca8330cc765b711c43546e90b04ff39"}]}