{"is_source_file": true, "format": "JavaScript", "description": "Source file defining a Lightning.js component named 'Home' which includes UI components, template structure, state management, lifecycle hooks, and methods for animations and transitions.", "external_files": ["@lightningjs/blits", "../components/Loader.js", "../components/Button.js"], "external_methods": [], "published": ["default"], "classes": [{"name": "Home", "description": "Lightning.js component representing the Home page with animated logo, loader, text, and button."}], "methods": [{"name": "rotateColors", "description": "Cycles through predefined colors array, updating the component's color property at specified intervals."}], "calls": ["this.rotateColors", "this.$setTimeout", "this.$setInterval", "this.$select"], "search-terms": ["Lightningjs", "Home component", "template string", "loaderAlpha", "button ref", "animation hooks", "component state"], "state": 2, "file_id": 363, "knowledge_revision": 1387, "git_revision": "1aee8ed1eca8330cc765b711c43546e90b04ff39", "ctags": [{"_type": "tag", "name": "colors", "path": "/home/kavia/workspace/code-generation/universalinit/src/universalinit/templates/lightningjs/src/pages/Home.js", "pattern": "/^const colors = ['#f5f3ff', '#ede9fe', '#ddd6fe', '#c4b5fd', '#a78bfa']$/", "language": "JavaScript", "kind": "constant"}], "hash": "26a944e344bdf4adc32f5fef7345bff7", "format-version": 4, "code-base-name": "universalinit", "filename": "src/universalinit/templates/lightningjs/src/pages/Home.js", "revision_history": [{"1387": "1aee8ed1eca8330cc765b711c43546e90b04ff39"}]}