{"is_source_file": true, "format": "JavaScript Module (ESM)", "description": "This file is an ESLint configuration module written in JavaScript using ESM syntax, exporting an array of configuration objects for linting rules and settings.", "external_files": ["@eslint/js", "@typescript-eslint/eslint-plugin", "@typescript-eslint/parser"], "external_methods": [], "published": ["<default export> (an array of configuration objects)"], "classes": [], "methods": [], "calls": ["js.configs.recommended", "tseslint", "tsParser"], "search-terms": ["eslint", "eslint config", "typescript-eslint", "ESM", "linting configuration"], "state": 2, "file_id": 428, "knowledge_revision": 1442, "git_revision": "1aee8ed1eca8330cc765b711c43546e90b04ff39", "hash": "e07c5093c78842a4ba4667fc4b86ccee", "format-version": 4, "code-base-name": "universalinit", "filename": "src/universalinit/templates/vite/eslint.config.mjs", "revision_history": [{"1442": "1aee8ed1eca8330cc765b711c43546e90b04ff39"}]}