{"is_source_file": false, "format": "", "description": "", "external_files": [], "external_methods": [], "published": [], "classes": [], "methods": [], "calls": [], "search-terms": ["counter", "css", "responsive", "media queries", "starter"], "state": 2, "file_id": 380, "knowledge_revision": 1392, "git_revision": "1aee8ed1eca8330cc765b711c43546e90b04ff39", "hash": "0acc1f0fb65489dd60569960fd8ddf62", "format-version": 4, "code-base-name": "universalinit", "filename": "src/universalinit/templates/qwik/src/components/starter/counter/counter.module.css", "revision_history": [{"1392": "1aee8ed1eca8330cc765b711c43546e90b04ff39"}]}