{"is_source_file": true, "format": "TypeScript", "description": "This file is the main entry point for an Angular application, initializing and bootstrapping the root component with configuration.", "external_files": ["@angular/platform-browser", "./app/app.config", "./app/app.component"], "external_methods": ["bootstrapApplication"], "published": ["bootstrapApplication"], "classes": [], "methods": [{"name": "bootstrapApplication", "description": "Initializes and launches the Angular application with the specified root component and configuration."}], "calls": ["bootstrapApplication"], "search-terms": ["angular", "bootstrapApplication", "main.ts", "appConfig", "AppComponent", "entry point"], "state": 2, "file_id": 657, "knowledge_revision": 1683, "git_revision": "1aee8ed1eca8330cc765b711c43546e90b04ff39", "ctags": [], "hash": "c986c915181c0d91d6ea1af9fc003131", "format-version": 4, "code-base-name": "universalinit", "filename": "src/universalinit/templates/angular/src/main.ts", "revision_history": [{"1683": "1aee8ed1eca8330cc765b711c43546e90b04ff39"}]}