{"is_source_file": true, "format": "TypeScript", "description": "This file sets up testing environment configurations for Svelte components using Vitest and Testing Library. It includes mocks for browser APIs like matchMedia to facilitate testing in an environment that lacks full browser support.", "external_files": ["@testing-library/jest-dom/vitest", "vitest"], "external_methods": ["vi.fn()", "Object.defineProperty"], "published": [], "classes": [], "methods": [{"name": "Object.defineProperty", "description": "Used to define or modify properties on objects, here used to mock window.matchMedia"}], "calls": ["import '@testing-library/jest-dom/vitest'", "import { vi } from 'vitest'", "Object.defineProperty(window, 'matchMedia', {...})", "vi.fn()"], "search-terms": ["vitest setup", "svelte testing", "matchMedia mock", "jsdom compatibility", "vitest jest-dom"], "state": 2, "file_id": 395, "knowledge_revision": 1419, "git_revision": "1aee8ed1eca8330cc765b711c43546e90b04ff39", "ctags": [], "hash": "b7bf9deeb7ba165ebe85a32fe6ac036e", "format-version": 4, "code-base-name": "universalinit", "filename": "src/universalinit/templates/svelte/vitest-setup-client.ts", "revision_history": [{"1419": "1aee8ed1eca8330cc765b711c43546e90b04ff39"}]}