{"is_source_file": true, "format": "Python", "description": "This file sets up a FastAPI application, configuring CORS middleware and a health check endpoint at root.", "external_files": ["fastapi", "fastapi.middleware.cors"], "external_methods": ["FastAPI", "CORSMiddleware"], "published": [], "classes": [], "methods": [{"name": "health_check()", "description": "Defines a GET endpoint at '/' that returns a health status message.", "scope": "", "scopeKind": ""}], "calls": ["FastAPI()", "app.add_middleware(CORSMiddleware, allow_origins=[\"*\"], allow_credentials=True, allow_methods=[\"*\"], allow_headers=[\"*\"])"], "search-terms": ["FastAPI", "CORS middleware", "health check endpoint", "main.py"], "state": 2, "file_id": 432, "knowledge_revision": 1449, "git_revision": "1aee8ed1eca8330cc765b711c43546e90b04ff39", "ctags": [{"_type": "tag", "name": "app", "path": "/home/kavia/workspace/code-generation/universalinit/src/universalinit/templates/fastapi/src/api/main.py", "pattern": "/^app = FastAPI()$/", "language": "Python", "kind": "variable"}, {"_type": "tag", "name": "health_check", "path": "/home/kavia/workspace/code-generation/universalinit/src/universalinit/templates/fastapi/src/api/main.py", "pattern": "/^def health_check():$/", "language": "Python", "kind": "function", "signature": "()"}], "hash": "58352bf5f133908bab16643199aa483d", "format-version": 4, "code-base-name": "universalinit", "filename": "src/universalinit/templates/fastapi/src/api/main.py", "fields": [{"name": "app = FastAPI()", "scope": "", "scopeKind": "", "description": "unavailable"}], "revision_history": [{"1449": "1aee8ed1eca8330cc765b711c43546e90b04ff39"}]}