{"is_source_file": true, "format": "JavaScript", "description": "This file defines a controller class for handling health check requests in a Node.js web application. It imports a health service and exposes a method to respond with the application's health status.", "external_files": ["../services/health"], "external_methods": ["healthService.getStatus"], "published": ["new HealthController()"], "classes": [{"name": "HealthController", "description": "Controller class responsible for handling health check requests, providing a method to check and respond with the application's health status."}], "methods": [{"name": "check(req, res)", "description": "Handles incoming health check requests, retrieves health status from the health service, and sends it as a JSON response with status code 200.", "scope": "HealthController", "scopeKind": "class"}], "calls": ["healthService.getStatus", "res.status", "res.json"], "search-terms": ["health", "controller", "healthService", "check"], "state": 2, "file_id": 431, "knowledge_revision": 1446, "git_revision": "1aee8ed1eca8330cc765b711c43546e90b04ff39", "ctags": [{"_type": "tag", "name": "HealthController", "path": "/home/kavia/workspace/code-generation/universalinit/src/universalinit/templates/express/src/controllers/health.js", "pattern": "/^class HealthController {$/", "language": "JavaScript", "kind": "class"}, {"_type": "tag", "name": "check", "path": "/home/kavia/workspace/code-generation/universalinit/src/universalinit/templates/express/src/controllers/health.js", "pattern": "/^  check(req, res) {$/", "language": "JavaScript", "kind": "method", "signature": "(req, res)", "scope": "HealthController", "scopeKind": "class"}, {"_type": "tag", "name": "exports", "path": "/home/kavia/workspace/code-generation/universalinit/src/universalinit/templates/express/src/controllers/health.js", "pattern": "/^module.exports = new HealthController();$/", "language": "JavaScript", "kind": "variable", "scope": "module", "scopeKind": "class"}, {"_type": "tag", "name": "healthService", "path": "/home/kavia/workspace/code-generation/universalinit/src/universalinit/templates/express/src/controllers/health.js", "pattern": "/^const healthService = require('..\\/services\\/health');$/", "language": "JavaScript", "kind": "constant"}], "hash": "05c26663041fbc83dd60748f0bc705da", "format-version": 4, "code-base-name": "universalinit", "filename": "src/universalinit/templates/express/src/controllers/health.js", "fields": [{"name": "module.exports = new HealthController();", "scope": "module", "scopeKind": "class", "description": "unavailable"}], "revision_history": [{"1446": "1aee8ed1eca8330cc765b711c43546e90b04ff39"}]}