{"is_source_file": true, "format": "TypeScript (TSX)", "description": "This file defines a Qwik component named RouterHead that manages document head elements such as title, meta tags, links, styles, and scripts based on the current document state and location.", "external_files": ["@builder.io/qwik", "@builder.io/qwik-city"], "external_methods": ["useDocumentHead", "useLocation", "component$"], "published": ["RouterHead"], "classes": [], "methods": [{"name": "RouterHead", "description": "The main Qwik component that renders various head elements dynamically based on document state and location."}], "calls": ["useDocumentHead()", "useLocation()"], "search-terms": ["Qwik Head management", "router-head component", "reactive head elements", "Qwik city useDocumentHead", "Qwik city useLocation"], "state": 2, "file_id": 563, "knowledge_revision": 1586, "git_revision": "1aee8ed1eca8330cc765b711c43546e90b04ff39", "ctags": [], "hash": "822ca7bb4d7b877473e28386699dbe73", "format-version": 4, "code-base-name": "universalinit", "filename": "src/universalinit/templates/qwik/src/components/router-head/router-head.tsx", "revision_history": [{"1586": "1aee8ed1eca8330cc765b711c43546e90b04ff39"}]}