{"is_source_file": true, "format": "JavaScript (React JSX)", "description": "This file is a React component named 'App' for a Tizen TV application. It manages a simple counter state, handles remote control key events via a custom hook, and renders UI elements including a button and instructions.", "external_files": ["./hooks/useTizenKeys", "./App.css"], "external_methods": ["useState", "useTizenKeys"], "published": ["default export App"], "classes": [], "methods": [{"name": "App()", "description": "React functional component that renders the Tizen TV app UI and manages state and input handling.", "scope": "", "scopeKind": ""}], "calls": ["useState", "useTizenKeys", "setCount", "console.log"], "search-terms": ["React component", "Tizen TV", "useTizenKeys", "remote control", "counter", "jsx", "App.jsx"], "state": 2, "file_id": 315, "knowledge_revision": 721, "git_revision": "281a33b3e3b2e28b90bd4736e1fcbe3a2b2bfbb6", "ctags": [{"_type": "tag", "name": "App", "path": "/home/kavia/workspace/code-generation/universalinit/src/universalinit/templates/tizen/src/App.jsx", "pattern": "/^function App() {$/", "language": "JavaScript", "kind": "function", "signature": "()"}], "hash": "ef40a4de50d91060bd6cb1f9ef2064d6", "format-version": 4, "code-base-name": "universalinit", "filename": "src/universalinit/templates/tizen/src/App.jsx", "revision_history": [{"721": "281a33b3e3b2e28b90bd4736e1fcbe3a2b2bfbb6"}]}