{"is_source_file": true, "format": "JavaScript", "description": "This file defines a LightningJS application using the Blits framework, setting up routing with a Home page component.", "external_files": ["@lightningjs/blits", "./pages/Home.js"], "external_methods": [], "published": [], "classes": [{"name": "Application", "description": "Main application class created via Blits.Application, setting up the LightningJS app's structure and routes."}], "methods": [{"name": "routes", "description": "An array defining route configuration for the application, mapping '/' to the Home component."}], "calls": ["Blits.Application"], "search-terms": ["LightningJS", "Blits", "template", "routes", "Home.js", "App.js"], "state": 2, "file_id": 391, "knowledge_revision": 1410, "git_revision": "1aee8ed1eca8330cc765b711c43546e90b04ff39", "ctags": [], "hash": "66daaf3cceacf6fd07b03dd071a9a5de", "format-version": 4, "code-base-name": "universalinit", "filename": "src/universalinit/templates/lightningjs/src/App.js", "revision_history": [{"1410": "1aee8ed1eca8330cc765b711c43546e90b04ff39"}]}