{"is_source_file": true, "format": "TypeScript (TSX/React-like)", "description": "This file is the main route component for the Qwik application, rendering the home page with various UI components such as Hero, Counter, Infobox, and static content.", "external_files": ["../components/starter/counter/counter", "../components/starter/hero/hero", "../components/starter/infobox/infobox", "../components/starter/next-steps/next-steps"], "external_methods": ["component$"], "published": ["head"], "classes": [], "methods": [{"name": "default", "description": "Main functional component rendering the index page with various UI elements."}], "calls": ["component$", "Counter", "Hero", "Infobox", "head"], "search-terms": ["index.tsx", "Qwik", "component$", "Home page", "UI components", "starter", "routes", "jsx"], "state": 2, "file_id": 418, "knowledge_revision": 1439, "git_revision": "1aee8ed1eca8330cc765b711c43546e90b04ff39", "ctags": [], "hash": "393ef3f8baffb6f954dc12583ec00959", "format-version": 4, "code-base-name": "universalinit", "filename": "src/universalinit/templates/qwik/src/routes/index.tsx", "revision_history": [{"1439": "1aee8ed1eca8330cc765b711c43546e90b04ff39"}]}