{"is_source_file": true, "format": "TypeScript/TSX", "description": "This file defines a React-like component for a hero section in a web page using Qwik framework. It includes UI elements like an image, headers, buttons, and confetti animation logic.", "external_files": ["./hero.module.css", "../../../media/thunder.png?jsx", "https://cdn.jsdelivr.net/npm/canvas-confetti@1.5.1/dist/confetti.browser.min.js"], "external_methods": ["component$"], "published": [], "classes": [], "methods": [{"name": "loadConfetti", "description": "Dynamically loads the confetti script and resolves with the confetti function."}, {"name": "shoot", "description": "Triggers the confetti animation with predefined parameters."}], "calls": ["component$", "document.createElement", "document.head.appendChild", "script.onload", "script.onerror", "setTimeout", "(globalThis as any).confetti"], "search-terms": ["tsx hero component qwik confetti", "confetti animation confetti browserscript", "hero image thunder", "confetti load function"], "state": 2, "file_id": 577, "knowledge_revision": 1597, "git_revision": "1aee8ed1eca8330cc765b711c43546e90b04ff39", "ctags": [], "hash": "42d45447efa998ad31a8bf6cd455b5c1", "format-version": 4, "code-base-name": "universalinit", "filename": "src/universalinit/templates/qwik/src/components/starter/hero/hero.tsx", "revision_history": [{"1597": "1aee8ed1eca8330cc765b711c43546e90b04ff39"}]}