{"is_source_file": false, "format": null, "description": null, "external_files": [], "external_methods": [], "published": [], "classes": [], "methods": [], "calls": [], "search-terms": [], "state": 2, "file_id": 488, "knowledge_revision": 1499, "git_revision": "1aee8ed1eca8330cc765b711c43546e90b04ff39", "hash": "c6165ff012259c77f11fbc98e2415a92", "format-version": 4, "code-base-name": "universalinit", "filename": "src/universalinit/templates/nextjs/config.yml", "revision_history": [{"1499": "1aee8ed1eca8330cc765b711c43546e90b04ff39"}]}