{"is_source_file": true, "format": "TypeScript/TSX", "description": "This file defines a React functional component 'HelloWorld' using the Remotion library for video composition. It also includes schema validation with 'zod' and references external components and types. The file contains component logic, animations, and rendering structure.", "external_files": ["./HelloWorld/Logo", "./HelloWorld/Subtitle", "./HelloWorld/Title", "@remotion/zod-types"], "external_methods": ["spring", "interpolate", "AbsoluteFill", "Sequence", "useCurrentFrame", "useVideoConfig"], "published": ["HelloWorld", "myCompSchema"], "classes": [], "methods": [{"name": "HelloWorld", "description": "React functional component that renders animated sequence, including logo, title, and subtitle, using Remotion."}], "calls": ["spring", "interpolate", "useCurrentFrame", "useVideoConfig", "Logo", "Title", "Subtitle"], "search-terms": ["React.FC", "Remotion animation", "video composition", "zod schema", "Logo LogoColor"], "state": 2, "file_id": 650, "knowledge_revision": 1666, "git_revision": "1aee8ed1eca8330cc765b711c43546e90b04ff39", "ctags": [], "hash": "006d9934bc460c136cdc7a9889c54c41", "format-version": 4, "code-base-name": "universalinit", "filename": "src/universalinit/templates/remotion/src/HelloWorld.tsx", "revision_history": [{"1666": "1aee8ed1eca8330cc765b711c43546e90b04ff39"}]}