{"is_source_file": true, "format": "JavaScript (CommonJS modules)", "description": "This source file serves as a module exporting middleware components for a web application, though currently it contains only placeholder comments and no actual middleware implementations.", "external_files": [], "external_methods": [], "published": ["module.exports"], "classes": [], "methods": [], "calls": [], "search-terms": ["middleware", "express", "module.exports", "index.js", "universalinit"], "state": 2, "file_id": 449, "knowledge_revision": 1465, "git_revision": "1aee8ed1eca8330cc765b711c43546e90b04ff39", "ctags": [], "hash": "e9169fe9b751451d433ec5c4d4734b4a", "format-version": 4, "code-base-name": "universalinit", "filename": "src/universalinit/templates/express/src/middleware/index.js", "revision_history": [{"1465": "1aee8ed1eca8330cc765b711c43546e90b04ff39"}]}