{"is_source_file": true, "format": "TypeScript (TSX/React-like syntax for Qwik)", "description": "This file defines a Qwik component that generates and animates a collection of flowers based on user interaction and timers. It imports Qwik and Qwik City functions, manages state, handles lifecycle tasks, and renders UI elements including an input slider and animated divs representing flowers.", "external_files": ["./flower.css?inline"], "external_methods": ["component$", "useVisibleTask$", "useStore", "useStylesScoped$", "useLocation"], "published": ["head"], "classes": [], "methods": [{"name": "component$", "description": "Main functional component for rendering the flower generator UI with reactive state and lifecycle management."}], "calls": ["useStylesScoped$(styles)", "useLocation()", "useStore({ count: 0, number: 20 })", "useVisibleTask$(({ cleanup }) => { ... })"], "search-terms": ["Qwik component", "flower generator", "reactive state", "useVisibleTask", "useStore", "useStylesScoped", "flower.css"], "state": 2, "file_id": 395, "knowledge_revision": 1415, "git_revision": "1aee8ed1eca8330cc765b711c43546e90b04ff39", "ctags": [], "hash": "2e6a607b7754724938912b649e3138c1", "format-version": 4, "code-base-name": "universalinit", "filename": "src/universalinit/templates/qwik/src/routes/demo/flower/index.tsx", "revision_history": [{"1415": "1aee8ed1eca8330cc765b711c43546e90b04ff39"}]}