{"is_source_file": false, "format": "", "description": "", "external_files": [], "external_methods": [], "published": [], "classes": [], "methods": [], "calls": [], "search-terms": [], "state": 2, "file_id": 467, "knowledge_revision": 1476, "git_revision": "1aee8ed1eca8330cc765b711c43546e90b04ff39", "hash": "6c2104b8d219ed99234ae2d6329f4357", "format-version": 4, "code-base-name": "universalinit", "filename": "src/universalinit/templates/react/src/index.css", "revision_history": [{"1476": "1aee8ed1eca8330cc765b711c43546e90b04ff39"}]}