{"is_source_file": true, "format": "JavaScript Module (ESM)", "description": "This file defines ESLint configuration settings for JavaScript and TypeScript projects, importing recommended configurations and specifying project-specific rules for different file types.", "external_files": ["@eslint/js", "globals", "typescript-eslint"], "external_methods": [], "published": ["default"], "classes": [], "methods": [], "calls": [], "search-terms": ["eslint", "eslint.config.mjs", "typescript-eslint", "globals", "eslint configurations", "JavaScript ESLint", "TypeScript ESLint"], "state": 2, "file_id": 461, "knowledge_revision": 1474, "git_revision": "1aee8ed1eca8330cc765b711c43546e90b04ff39", "hash": "6eae6a40fd45c831d338e6b184ad821b", "format-version": 4, "code-base-name": "universalinit", "filename": "src/universalinit/templates/astro/eslint.config.mjs", "revision_history": [{"1474": "1aee8ed1eca8330cc765b711c43546e90b04ff39"}]}