{"is_source_file": false, "format": "", "description": "", "external_files": [], "external_methods": [], "published": [], "classes": [], "methods": [], "calls": [], "search-terms": [], "state": 2, "file_id": 534, "knowledge_revision": 1543, "git_revision": "1aee8ed1eca8330cc765b711c43546e90b04ff39", "hash": "32a978380246c0479e2c9fb9dd0cf7ab", "format-version": 4, "code-base-name": "universalinit", "filename": "src/universalinit/templates/nuxt/server/tsconfig.json", "revision_history": [{"1543": "1aee8ed1eca8330cc765b711c43546e90b04ff39"}]}