{"is_source_file": false, "format": "", "description": "", "external_files": [], "external_methods": [], "published": [], "classes": [], "methods": [], "calls": [], "search-terms": ["Element attributes", "lightningjs", "lightning 3", "attributes", "HTML-like tags", "template", "attribute positioning", "colors", "gradients", "clipping"], "state": 2, "file_id": 418, "knowledge_revision": 1434, "git_revision": "1aee8ed1eca8330cc765b711c43546e90b04ff39", "hash": "8c276385d994be560cb01ce51f7fda0b", "format-version": 4, "code-base-name": "universalinit", "filename": "src/universalinit/templates/lightningjs/docs/essentials_element_attributes.md", "revision_history": [{"1434": "1aee8ed1eca8330cc765b711c43546e90b04ff39"}]}