{"is_source_file": true, "format": "JavaScript", "description": "Defines a function to handle navigation to the home page, setting up the binding context with HomeViewModel.", "external_files": ["./home-view-model"], "external_methods": [], "published": [], "classes": [{"name": "HomeViewModel", "description": "A view model class imported from './home-view-model', likely managing the data and behavior of the home page."}], "methods": [{"name": "onNavigatingTo(args)", "description": "Event handler triggered during page navigation, initializing the page's binding context with HomeViewModel.", "scope": "", "scopeKind": ""}], "calls": ["args.object", "page.bindingContext = new HomeViewModel()"], "search-terms": ["onNavigatingTo", "HomeViewModel", "nativescript", "home-page", "bindingContext"], "state": 2, "file_id": 456, "knowledge_revision": 1479, "git_revision": "1aee8ed1eca8330cc765b711c43546e90b04ff39", "ctags": [{"_type": "tag", "name": "onNavigatingTo", "path": "/home/kavia/workspace/code-generation/universalinit/src/universalinit/templates/nativescript/app/home/home-page.js", "pattern": "/^export function onNavigatingTo(args) {$/", "language": "JavaScript", "kind": "function", "signature": "(args)"}], "hash": "c73fa2a2554cc1c125b9f2ab5a64132c", "format-version": 4, "code-base-name": "universalinit", "filename": "src/universalinit/templates/nativescript/app/home/home-page.js", "revision_history": [{"1479": "1aee8ed1eca8330cc765b711c43546e90b04ff39"}]}