{"is_source_file": true, "format": "JavaScript", "description": "This file sets up an HTTP server using Express, listening on a specified port and host, and includes graceful shutdown handling for termination signals.", "external_files": ["./app"], "external_methods": ["app.listen", "process.on", "server.close", "console.log", "process.exit"], "published": ["server"], "classes": [], "methods": [{"name": "app.listen", "description": "Starts the Express application listening on specified port and host."}, {"name": "process.on", "description": "Registers a handler for the specified process signal, in this case 'SIGTERM'."}, {"name": "server.close", "description": "Stops the server from accepting new connections and finishes existing ones."}, {"name": "console.log", "description": "Outputs logs to the console."}, {"name": "process.exit", "description": "Terminates the process with the specified exit code."}], "calls": ["app.listen", "process.on", "server.close", "console.log", "process.exit"], "search-terms": ["express server setup", "server listening port", "graceful shutdown", "SIGTERM handler", "require app module"], "state": 2, "file_id": 49, "knowledge_revision": 443, "git_revision": "5b8f33f8784107e2b06ceaa8f13a613b4503a570", "ctags": [{"_type": "tag", "name": "HOST", "path": "/home/kavia/workspace/code-generation/universalinit/src/universalinit/templates/express/src/server.js", "pattern": "/^const HOST = process.env.HOST || '0.0.0.0';$/", "language": "JavaScript", "kind": "constant"}, {"_type": "tag", "name": "PORT", "path": "/home/kavia/workspace/code-generation/universalinit/src/universalinit/templates/express/src/server.js", "pattern": "/^const PORT = process.env.PORT || 3000;$/", "language": "JavaScript", "kind": "constant"}, {"_type": "tag", "name": "app", "path": "/home/kavia/workspace/code-generation/universalinit/src/universalinit/templates/express/src/server.js", "pattern": "/^const app = require('.\\/app');$/", "language": "JavaScript", "kind": "constant"}, {"_type": "tag", "name": "server", "path": "/home/kavia/workspace/code-generation/universalinit/src/universalinit/templates/express/src/server.js", "pattern": "/^const server = app.listen(PORT, HOST, () => {$/", "language": "JavaScript", "kind": "constant"}], "hash": "e5d7d8ed0764ea86a77b8fe15cd2b83e", "format-version": 4, "code-base-name": "universalinit", "filename": "src/universalinit/templates/express/src/server.js", "revision_history": [{"443": "5b8f33f8784107e2b06ceaa8f13a613b4503a570"}]}