{"is_source_file": true, "format": "TypeScript (TSX)", "description": "React functional component 'Atom' that renders an animated SVG with a gradient-filled circle, utilizing remotion for video configurations and React hooks for state management.", "external_files": ["react", "remotion"], "external_methods": ["useState", "useVideoConfig", "random"], "published": [], "classes": [], "methods": [{"name": "Atom", "description": "React functional component that renders a customizable gradient circle as part of a video composition."}], "calls": ["useState", "useVideoConfig", "random"], "search-terms": ["React", "Atom", "remotion", "SVG", "Gradient", "useVideoConfig", "random", "TypeScript", "Animation", "Circle", "GradientId"], "state": 2, "file_id": 373, "knowledge_revision": 1397, "git_revision": "1aee8ed1eca8330cc765b711c43546e90b04ff39", "ctags": [], "hash": "84d6d103c82561539bc9e4df504626a7", "format-version": 4, "code-base-name": "universalinit", "filename": "src/universalinit/templates/remotion/src/HelloWorld/Atom.tsx", "revision_history": [{"1397": "1aee8ed1eca8330cc765b711c43546e90b04ff39"}]}