{"is_source_file": false, "format": "", "description": "", "external_files": [], "external_methods": [], "published": [], "classes": [], "methods": [], "calls": [], "search-terms": [], "state": 2, "file_id": 585, "knowledge_revision": 1595, "git_revision": "1aee8ed1eca8330cc765b711c43546e90b04ff39", "hash": "57ac84c7ce403646b5ea2e356a6d3a16", "format-version": 4, "code-base-name": "universalinit", "filename": "src/universalinit/templates/remix/tsconfig.json", "revision_history": [{"1595": "1aee8ed1eca8330cc765b711c43546e90b04ff39"}]}