{"is_source_file": false, "format": "", "description": "", "external_files": [], "external_methods": [], "published": [], "classes": [], "methods": [], "calls": [], "search-terms": [], "state": 2, "file_id": 596, "knowledge_revision": 1612, "git_revision": "1aee8ed1eca8330cc765b711c43546e90b04ff39", "hash": "9b756a053df2f473993b87b23befe71e", "format-version": 4, "code-base-name": "universalinit", "filename": "src/universalinit/templates/nativescript/App_Resources/iOS/Assets.xcassets/LaunchScreen.Center.imageset/Contents.json", "revision_history": [{"1612": "1aee8ed1eca8330cc765b711c43546e90b04ff39"}]}