{"is_source_file": true, "format": "TypeScript", "description": "This file defines the configuration settings for a NativeScript project, including identifiers, resource paths, and platform-specific options.", "external_files": ["@nativescript/core"], "external_methods": [], "published": [], "classes": [], "methods": [], "calls": [], "search-terms": ["nativescript", "NativeScriptConfig", "appPath", "appResourcesPath", "android"], "state": 2, "file_id": 416, "knowledge_revision": 1441, "git_revision": "1aee8ed1eca8330cc765b711c43546e90b04ff39", "ctags": [], "hash": "1fbf0bfa12419a9e75771b468121e14c", "format-version": 4, "code-base-name": "universalinit", "filename": "src/universalinit/templates/nativescript/nativescript.config.ts", "revision_history": [{"1441": "1aee8ed1eca8330cc765b711c43546e90b04ff39"}]}