{"is_source_file": true, "format": "JavaScript (ES Module)", "description": "Configuration file for an Astro project, setting server options such as host, allowed hosts, port, and headers.", "external_files": ["astro/config"], "external_methods": ["defineConfig"], "published": ["default (the export of the configuration object)"], "classes": [], "methods": [{"name": "defineConfig", "description": "Function that wraps and exports the Astro configuration settings."}], "calls": ["defineConfig"], "search-terms": ["astro", "astro.config.mjs", "config", "server", "allowedHosts", "headers", "host", "port"], "state": 2, "file_id": 536, "knowledge_revision": 1557, "git_revision": "1aee8ed1eca8330cc765b711c43546e90b04ff39", "hash": "b597bd0bc2a303bef776a82932d17af3", "format-version": 4, "code-base-name": "universalinit", "filename": "src/universalinit/templates/astro/astro.config.mjs", "revision_history": [{"1557": "1aee8ed1eca8330cc765b711c43546e90b04ff39"}]}