{"is_source_file": true, "format": "JavaScript (ESM module)", "description": "This file is an ESLint configuration script for a project using Svelte and TypeScript, involving multiple plugin and configuration imports, and extending recommended rule sets. It specifies linting rules, parser options, and file inclusion/ignores for linting.", "external_files": ["@eslint/js", "@eslint/compat", "eslint-plugin-svelte", "globals", "node:url", "typescript-eslint", "./svelte.config.js"], "external_methods": ["js", "includeIgnoreFile", "svelte", "fileURLToPath", "ts", "svelteConfig"], "published": ["default"], "classes": [], "methods": [{"name": "config", "description": "Sets up the ESLint configuration extending recommended settings and defining environment globals and parser options."}], "calls": ["ts.config", "includeIgnoreFile", "js.configs.recommended", "ts.configs.recommended", "svelte.configs.recommended", "fileURLToPath"], "search-terms": ["eslint", "svelte", "typescript-eslint", "eslint-plugin-svelte", "recommended", "configuration", "plugin", "parserOptions"], "state": 2, "file_id": 611, "knowledge_revision": 1635, "git_revision": "1aee8ed1eca8330cc765b711c43546e90b04ff39", "ctags": [{"_type": "tag", "name": "gitignorePath", "path": "/home/kavia/workspace/code-generation/universalinit/src/universalinit/templates/svelte/eslint.config.js", "pattern": "/^const gitignorePath = fileURLToPath(new URL(\".\\/.gitignore\", import.meta.url));$/", "language": "JavaScript", "kind": "constant"}], "hash": "a81d06efe1486ab8e93e8c96a9bdf6b8", "format-version": 4, "code-base-name": "universalinit", "filename": "src/universalinit/templates/svelte/eslint.config.js", "revision_history": [{"1635": "1aee8ed1eca8330cc765b711c43546e90b04ff39"}]}