{"is_source_file": true, "format": "JavaScript", "description": "This file sets up an Express.js web server, configuring middleware such as CORS, Swagger documentation, JSON body parsing, routing, and error handling. It exports the configured Express app instance.", "external_files": ["./routes", "../swagger", "cors", "express", "swagger-ui-express"], "external_methods": ["cors()", "express()", "swaggerUi.serve", "swaggerUi.setup"], "published": ["app"], "classes": [], "methods": [{"name": "app.use", "description": "Registers middleware functions for handling CORS, Swagger UI, JSON parsing, routes, and errors."}, {"name": "app.set", "description": "Configures Express app settings, such as trusting proxies."}, {"name": "module.exports", "description": "Exports the configured Express app for use in other modules."}], "calls": ["cors()", "express()", "swaggerUi.serve", "swaggerUi.setup", "req.get", "req.protocol", "req.socket.localPort", "swaggerSpec", "routes"], "search-terms": ["swagger", "app.use(cors", "express.json()", "/docs", "swagger-ui-express", "app.set('trust proxy')", "error handling middleware"], "state": 2, "file_id": 519, "knowledge_revision": 1544, "git_revision": "1aee8ed1eca8330cc765b711c43546e90b04ff39", "ctags": [{"_type": "tag", "name": "app", "path": "/home/kavia/workspace/code-generation/universalinit/src/universalinit/templates/express/src/app.js", "pattern": "/^const app = express();$/", "language": "JavaScript", "kind": "constant"}, {"_type": "tag", "name": "cors", "path": "/home/kavia/workspace/code-generation/universalinit/src/universalinit/templates/express/src/app.js", "pattern": "/^const cors = require('cors');$/", "language": "JavaScript", "kind": "constant"}, {"_type": "tag", "name": "express", "path": "/home/kavia/workspace/code-generation/universalinit/src/universalinit/templates/express/src/app.js", "pattern": "/^const express = require('express');$/", "language": "JavaScript", "kind": "constant"}, {"_type": "tag", "name": "routes", "path": "/home/kavia/workspace/code-generation/universalinit/src/universalinit/templates/express/src/app.js", "pattern": "/^const routes = require('.\\/routes');$/", "language": "JavaScript", "kind": "constant"}, {"_type": "tag", "name": "swaggerSpec", "path": "/home/kavia/workspace/code-generation/universalinit/src/universalinit/templates/express/src/app.js", "pattern": "/^const swaggerSpec = require('..\\/swagger');$/", "language": "JavaScript", "kind": "constant"}, {"_type": "tag", "name": "swaggerUi", "path": "/home/kavia/workspace/code-generation/universalinit/src/universalinit/templates/express/src/app.js", "pattern": "/^const swaggerUi = require('swagger-ui-express');$/", "language": "JavaScript", "kind": "constant"}], "hash": "5df3172f6e958a99d255956f667b1de4", "format-version": 4, "code-base-name": "universalinit", "filename": "src/universalinit/templates/express/src/app.js", "revision_history": [{"1544": "1aee8ed1eca8330cc765b711c43546e90b04ff39"}]}