{"is_source_file": true, "format": "TypeScript/TSX", "description": "A Qwik component implementing a counter UI with increment and decrement buttons, utilizing signals for state management and including a Gauge component.", "external_files": ["./counter.module.css", "../gauge"], "external_methods": ["component$", "useSignal", "$"], "published": [], "classes": [], "methods": [{"name": "setCount", "description": "Function to update the counter value with boundary checks"}], "calls": ["component$", "useSignal", "$", "Gauge"], "search-terms": ["counter", "Qwik", "useSignal", "counter-wrapper", "counter.tsx", "counter.module.css", "Gauge component", "increment button", "decrement button"], "state": 2, "file_id": 545, "knowledge_revision": 1566, "git_revision": "1aee8ed1eca8330cc765b711c43546e90b04ff39", "ctags": [], "hash": "9cb6f3c1705c3f86967978f57dd2d308", "format-version": 4, "code-base-name": "universalinit", "filename": "src/universalinit/templates/qwik/src/components/starter/counter/counter.tsx", "revision_history": [{"1566": "1aee8ed1eca8330cc765b711c43546e90b04ff39"}]}