{"is_source_file": true, "format": "TypeScript/TSX", "description": "This file defines a React functional component called Subtitle that displays a styled subtitle text with animated opacity based on the current frame, used within a Remotion-based video project.", "external_files": ["./constants"], "external_methods": ["interpolate", "useCurrentFrame"], "published": ["Subtitle"], "classes": [], "methods": [{"name": "Subtitle", "description": "React functional component that renders animated subtitle text."}], "calls": ["useCurrentFrame", "interpolate"], "search-terms": ["React", "Subtitle", "remotion", "interpolate", "useCurrentFrame", "subtitle styling", "animation", "TypeScript TSX"], "state": 2, "file_id": 380, "knowledge_revision": 1395, "git_revision": "1aee8ed1eca8330cc765b711c43546e90b04ff39", "ctags": [], "hash": "a4a6f5bec7582a30b3d43db862a5acf7", "format-version": 4, "code-base-name": "universalinit", "filename": "src/universalinit/templates/remotion/src/HelloWorld/Subtitle.tsx", "revision_history": [{"1395": "1aee8ed1eca8330cc765b711c43546e90b04ff39"}]}