{"is_source_file": true, "format": "Python", "description": "Simple Flask application runner script that imports the Flask app object and executes it if the script is run directly.", "external_files": ["app"], "external_methods": ["app.run"], "published": ["app"], "classes": [], "methods": [], "calls": ["app.run"], "search-terms": ["flask", "run.py", "app.run", "main guard"], "state": 2, "file_id": 351, "knowledge_revision": 1369, "git_revision": "1aee8ed1eca8330cc765b711c43546e90b04ff39", "ctags": [], "hash": "b4cfd2f2017c7f88e4049fa0ed026e86", "format-version": 4, "code-base-name": "universalinit", "filename": "src/universalinit/templates/flask/run.py", "revision_history": [{"1369": "1aee8ed1eca8330cc765b711c43546e90b04ff39"}]}