{"is_source_file": true, "format": "TypeScript (TSX)", "description": "This file defines a React/Qwik component named RouterHead that manages and renders the `<head>` content dynamically based on document head state and location.", "external_files": ["@builder.io/qwik", "@builder.io/qwik-city"], "external_methods": ["useDocumentHead", "useLocation", "component$"], "published": ["RouterHead"], "classes": [], "methods": [{"name": "RouterHead", "description": "A React/Qwik component that renders the document `<head>` content such as title, meta tags, links, styles, and scripts based on the current document head state and location."}], "calls": ["useDocumentHead", "useLocation", "component$"], "search-terms": ["Qwik RouterHead", "useDocumentHead", "useLocation", "head.meta", "head.links", "head.styles", "head.scripts"], "state": 2, "file_id": 575, "knowledge_revision": 1590, "git_revision": "1aee8ed1eca8330cc765b711c43546e90b04ff39", "ctags": [], "hash": "822ca7bb4d7b877473e28386699dbe73", "format-version": 4, "code-base-name": "universalinit", "filename": "src/universalinit/templates/qwik/src/components/router-head/router-head.tsx", "revision_history": [{"1590": "1aee8ed1eca8330cc765b711c43546e90b04ff39"}]}