{"is_source_file": true, "format": "TypeScript declaration file", "description": "This file is a TypeScript type declaration file for Vite environment variables, referencing Vite's client types.", "external_files": ["vite/client"], "external_methods": [], "published": [], "classes": [], "methods": [], "calls": [], "search-terms": ["vite-env", "vite/client", "TypeScript declaration", "environment variables"], "state": 2, "file_id": 602, "knowledge_revision": 1627, "git_revision": "1aee8ed1eca8330cc765b711c43546e90b04ff39", "ctags": [], "hash": "0352474ba2918efe13895edbc3780d94", "format-version": 4, "code-base-name": "universalinit", "filename": "src/universalinit/templates/typescript/src/vite-env.d.ts", "revision_history": [{"1627": "1aee8ed1eca8330cc765b711c43546e90b04ff39"}]}