{"is_source_file": true, "format": "TypeScript/TSX", "description": "This file serves as the bundle entry point for the Vite preview environment of a Qwik application, responsible for setting up server-side rendering and middleware configuration.", "external_files": ["@builder.io/qwik-city/middleware/node", "@qwik-city-plan", "./entry.ssr"], "external_methods": ["createQwikCity"], "published": ["default"], "classes": [], "methods": [{"name": "createQwikCity", "description": "Factory function that creates and configures the QwikCity middleware for the Vite preview."}], "calls": ["createQwikCity"], "search-terms": ["QwikCity", "entry.preview.tsx", "Vite preview", "middleware", "SSR", "build production mode"], "state": 2, "file_id": 389, "knowledge_revision": 1408, "git_revision": "1aee8ed1eca8330cc765b711c43546e90b04ff39", "ctags": [], "hash": "99b0e5826d078e301743c08edc15c060", "format-version": 4, "code-base-name": "universalinit", "filename": "src/universalinit/templates/qwik/src/entry.preview.tsx", "revision_history": [{"1408": "1aee8ed1eca8330cc765b711c43546e90b04ff39"}]}