{"is_source_file": true, "file_id": 437, "git_revision": "1aee8ed1eca8330cc765b711c43546e90b04ff39", "state": 1, "description": "", "external_files": [], "external_methods": [], "published": [], "classes": [], "methods": [], "calls": [], "search-terms": [], "ctags": [{"_type": "tag", "name": "colors", "path": "/home/kavia/workspace/code-generation/universalinit/src/universalinit/templates/lightningjs/src/pages/Home.js", "pattern": "/^const colors = ['#f5f3ff', '#ede9fe', '#ddd6fe', '#c4b5fd', '#a78bfa']$/", "language": "JavaScript", "kind": "constant"}], "format": "JavaScript", "hash": "26a944e344bdf4adc32f5fef7345bff7", "format-version": 4, "code-base-name": "universalinit", "filename": "src/universalinit/templates/lightningjs/src/pages/Home.js", "knowledge_revision": 1117}