{"is_source_file": true, "format": "JavaScript/ECMAScript Module (.mjs)", "description": "This file is an ESLint configuration module for a TypeScript project, specifying plugin configurations, ignore patterns, language options, and rules.", "external_files": ["@eslint/js", "@typescript-eslint/eslint-plugin", "@typescript-eslint/parser"], "external_methods": [], "published": [], "classes": [], "methods": [{"name": "default", "description": "Exports an array of ESLint configuration objects, blending recommended settings, ignore patterns, file-specific settings, and global variables configuration."}], "calls": ["js.configs.recommended", "tseslint", "tsParser"], "search-terms": ["eslint", "typescript", "eslint.config.mjs", "ignore patterns", "plugins", "typescript-eslint", "parser", "config array"], "state": 2, "file_id": 440, "knowledge_revision": 1457, "git_revision": "1aee8ed1eca8330cc765b711c43546e90b04ff39", "hash": "e07c5093c78842a4ba4667fc4b86ccee", "format-version": 4, "code-base-name": "universalinit", "filename": "src/universalinit/templates/typescript/eslint.config.mjs", "revision_history": [{"1457": "1aee8ed1eca8330cc765b711c43546e90b04ff39"}]}