{"is_source_file": true, "format": "TypeScript", "description": "Configuration file for Vite build tool integrating SvelteKit, setting up server options and testing configurations with Vitest.", "external_files": ["@testing-library/svelte/vite", "@sveltejs/kit/vite"], "external_methods": ["svelteTesting()", "defineConfig()"], "published": ["default"], "classes": [], "methods": [{"name": "defineConfig", "description": "Defines the configuration object for Vite."}], "calls": ["defineConfig", "sveltekit()", "svelteTesting()"], "search-terms": ["vite.config.ts", "svelte", "vite", "configuration", "test", "server", "plugins", "svelteTesting", "sveltekit"], "state": 2, "file_id": 344, "knowledge_revision": 1365, "git_revision": "1aee8ed1eca8330cc765b711c43546e90b04ff39", "ctags": [], "hash": "56df2df7e65a8e5b34870c711c6f770e", "format-version": 4, "code-base-name": "universalinit", "filename": "src/universalinit/templates/svelte/vite.config.ts", "revision_history": [{"1365": "1aee8ed1eca8330cc765b711c43546e90b04ff39"}]}