{"is_source_file": true, "format": "ECMAScript Module (MJS)", "description": "Configuration file for ESLint in a JavaScript/TypeScript project, specifying recommended settings, ignore patterns, and custom rules for TypeScript and JavaScript files.", "external_files": ["@eslint/js", "globals", "typescript-eslint"], "external_methods": [], "published": [], "classes": [], "methods": [], "calls": ["js.configs.recommended", "tseslint.configs.recommended"], "search-terms": ["eslint", "eslint.config.mjs", "eslint configuration", "typescript-eslint", "eslint rules", "eslint ignores", "typescript", "JavaScript", "configuration file"], "state": 2, "file_id": 588, "knowledge_revision": 1599, "git_revision": "1aee8ed1eca8330cc765b711c43546e90b04ff39", "hash": "6bbf88a99fa9b1a0d3b508e69c6e2f4f", "format-version": 4, "code-base-name": "universalinit", "filename": "src/universalinit/templates/nuxt/eslint.config.mjs", "revision_history": [{"1599": "1aee8ed1eca8330cc765b711c43546e90b04ff39"}]}