{"is_source_file": true, "format": "TypeScript", "description": "Configuration file for a Nuxt.js project, defining settings such as compatibility date, devtools, Nitro route rules, and Vite server options.", "external_files": ["https://nuxt.com/docs/api/configuration/nuxt-config"], "external_methods": ["defineNuxtConfig"], "published": ["defineNuxtConfig"], "classes": [], "methods": [{"name": "defineNuxtConfig", "description": "Function to define and export Nuxt.js configuration settings."}], "calls": ["defineNuxtConfig"], "search-terms": ["Nuxt configuration", "vite server settings", "route rules", "headers", "compatibility date"], "state": 2, "file_id": 642, "knowledge_revision": 1661, "git_revision": "1aee8ed1eca8330cc765b711c43546e90b04ff39", "ctags": [], "hash": "5f9df0d4eaa42a5ea12a40cd14adef50", "format-version": 4, "code-base-name": "universalinit", "filename": "src/universalinit/templates/nuxt/nuxt.config.ts", "revision_history": [{"1661": "1aee8ed1eca8330cc765b711c43546e90b04ff39"}]}