{"is_source_file": true, "file_id": 457, "git_revision": "1aee8ed1eca8330cc765b711c43546e90b04ff39", "state": 1, "description": "", "external_files": [], "external_methods": [], "published": [], "classes": [], "methods": [], "calls": [], "search-terms": [], "ctags": [{"_type": "tag", "name": "self", "path": "/home/kavia/workspace/code-generation/universalinit/src/universalinit/templates/qwik/src/routes/service-worker.ts", "pattern": "/^declare const self: ServiceWorkerGlobalScope;$/", "language": "TypeScript", "kind": "constant"}], "format": "TypeScript", "hash": "4691e997442ba9f8be7690530ed1ce95", "format-version": 4, "code-base-name": "universalinit", "filename": "src/universalinit/templates/qwik/src/routes/service-worker.ts", "knowledge_revision": 1129}