{"is_source_file": true, "format": "ECMAScript Module (MJS)", "description": "ESLint configuration file for Angular project, specifying recommended rules, ignores, and TypeScript plugin setup.", "external_files": ["@eslint/js", "@typescript-eslint/eslint-plugin", "@typescript-eslint/parser"], "external_methods": [], "published": ["default"], "classes": [], "methods": [{"name": "default", "description": "Exports an ESLint configuration array including recommended settings, ignore patterns, and TypeScript-specific rules and globals."}], "calls": ["js.configs.recommended"], "search-terms": ["eslint", "typescript", "Angular", "eslint.config.mjs", "ignore patterns", "plugins", "rules", "parser"], "state": 2, "file_id": 592, "knowledge_revision": 1608, "git_revision": "1aee8ed1eca8330cc765b711c43546e90b04ff39", "hash": "6045fbadb189e01a808ff3519512d8d7", "format-version": 4, "code-base-name": "universalinit", "filename": "src/universalinit/templates/angular/eslint.config.mjs", "revision_history": [{"1608": "1aee8ed1eca8330cc765b711c43546e90b04ff39"}]}