{"is_source_file": false, "format": "", "description": "", "external_files": [], "external_methods": [], "published": [], "classes": [], "methods": [], "calls": [], "search-terms": [], "state": 2, "file_id": 648, "knowledge_revision": 1660, "git_revision": "1aee8ed1eca8330cc765b711c43546e90b04ff39", "hash": "ea4ebd65ab16e9f7db37cfdc0ab8ac66", "format-version": 4, "code-base-name": "universalinit", "filename": "src/universalinit/templates/nuxt/config.yml", "revision_history": [{"1660": "1aee8ed1eca8330cc765b711c43546e90b04ff39"}]}