{"is_source_file": true, "file_id": 381, "git_revision": "fb468545716d822e1168b28a1e479198b7d414de", "state": 2, "description": "", "external_files": [], "external_methods": [], "published": [], "classes": [], "methods": [], "calls": [], "search-terms": [], "ctags": [], "hash": null, "format-version": 4, "code-base-name": "universalinit", "filename": "src/universalinit/templates/flask/app/routes/__init__.py", "knowledge_revision": 777, "revision_history": [{"777": "fb468545716d822e1168b28a1e479198b7d414de"}]}