{"is_source_file": true, "format": "TypeScript/TSX", "description": "This React-like component defines a Qwik component rendering a hero section with an image, heading, paragraph, and buttons, including a confetti effect triggered on button click.", "external_files": ["./hero.module.css", "../../../media/thunder.png?jsx", "https://cdn.jsdelivr.net/npm/canvas-confetti@1.5.1/dist/confetti.browser.min.js", "@builder.io/qwik"], "external_methods": ["component$"], "published": [], "classes": [], "methods": [{"name": "undefined", "description": "Anonymous functional component definition"}], "calls": ["component$", "document.createElement", "document.head.appendChild", "script.onload", "script.onerror", "setTimeout", "loadConfetti", "confetti"], "search-terms": ["Qwik hero component", "confetti animation", "tsx hero component", "confetti script load", "Qwik button confetti"], "state": 2, "file_id": 477, "knowledge_revision": 1498, "git_revision": "1aee8ed1eca8330cc765b711c43546e90b04ff39", "ctags": [], "hash": "42d45447efa998ad31a8bf6cd455b5c1", "format-version": 4, "code-base-name": "universalinit", "filename": "src/universalinit/templates/qwik/src/components/starter/hero/hero.tsx", "revision_history": [{"1498": "1aee8ed1eca8330cc765b711c43546e90b04ff39"}]}