{"is_source_file": true, "file_id": 510, "git_revision": "1aee8ed1eca8330cc765b711c43546e90b04ff39", "state": 1, "description": "", "external_files": [], "external_methods": [], "published": [], "classes": [], "methods": [], "calls": [], "search-terms": [], "ctags": [{"_type": "tag", "name": "emptyArray", "path": "/home/kavia/workspace/code-generation/universalinit/src/universalinit/templates/slidev/snippets/external.ts", "pattern": "/^export function emptyArray<T>(length: number) {$/", "language": "TypeScript", "kind": "function"}, {"_type": "tag", "name": "sayHello", "path": "/home/kavia/workspace/code-generation/universalinit/src/universalinit/templates/slidev/snippets/external.ts", "pattern": "/^export function sayHello() {$/", "language": "TypeScript", "kind": "function"}], "format": "TypeScript", "hash": "6852d3499277fe8ddaa5bfbad6507905", "format-version": 4, "code-base-name": "universalinit", "filename": "src/universalinit/templates/slidev/snippets/external.ts", "knowledge_revision": 1185}