{"is_source_file": true, "format": "Python", "description": "This source file defines a mapping between project types and their corresponding string identifiers, using a dictionary called TEMPLATE_MAP that maps enum values from ProjectType to string templates. It imports the ProjectType enum from a local module.", "external_files": ["./templateconfig"], "external_methods": [], "published": ["TEMPLATE_MAP"], "classes": [{"name": "ProjectType", "description": "Enumeration of supported project types, imported from templateconfig."}], "methods": [], "calls": ["from .templateconfig import ProjectType"], "search-terms": ["TEMPLATE_MAP", "ProjectType", "project type to template mapping", "templates configuration", "enum mapping"], "state": 2, "file_id": 340, "knowledge_revision": 1355, "git_revision": "1aee8ed1eca8330cc765b711c43546e90b04ff39", "ctags": [{"_type": "tag", "name": "TEMPLATE_MAP", "path": "/home/kavia/workspace/code-generation/universalinit/src/universalinit/templates.py", "pattern": "/^TEMPLATE_MAP = {$/", "language": "Python", "kind": "variable"}], "hash": "fb4a8316bb2de64afa0b8a76b6d5471b", "format-version": 4, "code-base-name": "universalinit", "filename": "src/universalinit/templates.py", "fields": [{"name": "TEMPLATE_MAP = {", "scope": "", "scopeKind": "", "description": "unavailable"}], "revision_history": [{"1355": "1aee8ed1eca8330cc765b711c43546e90b04ff39"}]}