{"is_source_file": true, "format": "TypeScript", "description": "This file is a frontend source file that imports CSS styles, images, and a function, and sets up DOM content and event handling for a web application.", "external_files": ["./style.css", "./typescript.svg", "/vite.svg", "./counter.ts"], "external_methods": ["setupCounter"], "published": [], "classes": [], "methods": [{"name": "setupCounter", "description": "Initializes a counter button element by setting up event listeners."}], "calls": ["document.querySelector", "setupCounter"], "search-terms": ["TypeScript", "Vite", "setupCounter", "DOM manipulation", "import", "src/main.ts"], "state": 2, "file_id": 434, "knowledge_revision": 1453, "git_revision": "1aee8ed1eca8330cc765b711c43546e90b04ff39", "ctags": [], "hash": "9ae7fb6d204e0434b836ab83915f60d0", "format-version": 4, "code-base-name": "universalinit", "filename": "src/universalinit/templates/typescript/src/main.ts", "revision_history": [{"1453": "1aee8ed1eca8330cc765b711c43546e90b04ff39"}]}