{"is_source_file": false, "format": "", "description": "", "external_files": [], "external_methods": [], "published": [], "classes": [], "methods": [], "calls": [], "search-terms": [], "state": 2, "file_id": 607, "knowledge_revision": 1617, "git_revision": "1aee8ed1eca8330cc765b711c43546e90b04ff39", "hash": "b260bce51d60757dc77be9febb61e6c1", "format-version": 4, "code-base-name": "universalinit", "filename": "src/universalinit/templates/kotlin/config.yml", "revision_history": [{"1617": "1aee8ed1eca8330cc765b711c43546e90b04ff39"}]}