{"is_source_file": true, "format": "JavaScript", "description": "This file defines a LightningJS component called 'Loader' which displays animated circles as a loading indicator. It imports the LightningJS Blits library, defines the component's template, properties, state, lifecycle hook, and methods for animation.", "external_files": ["@lightningjs/blits"], "external_methods": ["Blits.Component"], "published": ["Loader"], "classes": [{"name": "Loader", "description": "A LightningJS component that shows animated circles as a loading indicator, with customizable color."}], "methods": [{"name": "start", "description": "Initiates an interval that toggles the 'alpha' state property to animate the fade-in and fade-out effect of the circles."}], "calls": ["this.$setInterval"], "search-terms": ["LightningJS", "Loader", "loading indicator", "blits", "animated circles"], "state": 2, "file_id": 540, "knowledge_revision": 1569, "git_revision": "1aee8ed1eca8330cc765b711c43546e90b04ff39", "ctags": [], "hash": "0ec1151cdc25744075ba4da8e3d65407", "format-version": 4, "code-base-name": "universalinit", "filename": "src/universalinit/templates/lightningjs/src/components/Loader.js", "revision_history": [{"1569": "1aee8ed1eca8330cc765b711c43546e90b04ff39"}]}