{"is_source_file": true, "format": "TypeScript/TSX", "description": "React component that displays a subtitle with animated opacity, used in a remotion video project.", "external_files": ["./constants"], "external_methods": ["useCurrentFrame", "interpolate"], "published": ["Subtitle"], "classes": [], "methods": [{"name": "Subtitle", "description": "React functional component that renders animated subtitle text."}], "calls": ["useCurrentFrame", "interpolate"], "search-terms": ["Subtitle", "React.FC", "remotion", "animated opacity", "subtitle component"], "state": 2, "file_id": 499, "knowledge_revision": 1516, "git_revision": "1aee8ed1eca8330cc765b711c43546e90b04ff39", "ctags": [], "hash": "a4a6f5bec7582a30b3d43db862a5acf7", "format-version": 4, "code-base-name": "universalinit", "filename": "src/universalinit/templates/remotion/src/HelloWorld/Subtitle.tsx", "revision_history": [{"1516": "1aee8ed1eca8330cc765b711c43546e90b04ff39"}]}