{"is_source_file": true, "format": "JavaScript", "description": "This file is a JavaScript source file for a NativeScript app, responsible for initializing and running the application.", "external_files": ["@nativescript/core"], "external_methods": ["Application.run"], "published": ["Application"], "classes": [], "methods": [{"name": "Application.run", "description": "Starts the NativeScript application with the specified module."}], "calls": ["Application.run"], "search-terms": ["app.js", "NativeScript", "Application", "run", "moduleName"], "state": 2, "file_id": 494, "knowledge_revision": 1515, "git_revision": "1aee8ed1eca8330cc765b711c43546e90b04ff39", "ctags": [], "hash": "651c6580578790950f7163c3c93eae5c", "format-version": 4, "code-base-name": "universalinit", "filename": "src/universalinit/templates/nativescript/app/app.js", "revision_history": [{"1515": "1aee8ed1eca8330cc765b711c43546e90b04ff39"}]}