{"is_source_file": false, "format": "", "description": "", "external_files": [], "external_methods": [], "published": [], "classes": [], "methods": [], "calls": [], "search-terms": [], "state": 2, "file_id": 181, "knowledge_revision": 574, "git_revision": "900a0dcdc720ec8e2eb5d4b75c036f9c2abef7a3", "hash": "aec31c1c43fb683219976de062a09373", "format-version": 4, "code-base-name": "universalinit", "filename": "src/universalinit/templates/nativescript/config.yml", "revision_history": [{"574": "900a0dcdc720ec8e2eb5d4b75c036f9c2abef7a3"}]}