{"is_source_file": true, "format": "JavaScript (Node.js)", "description": "This file initializes an Express.js application, configuring middleware such as CORS, Swagger UI, route mounting, and error handling.", "external_files": ["./routes", "../swagger"], "external_methods": ["require('cors')", "require('express')", "require('./routes')", "require('swagger-ui-express')", "require('../swagger')"], "published": ["module.exports"], "classes": [], "methods": [{"name": "app.use(cors({...}))", "description": "Configures CORS policy for the app, allowing specified methods and headers from any origin."}, {"name": "app.set('trust proxy')", "description": "Configures the app to trust proxy headers."}, {"name": "app.use('/docs', swaggerUi.serve, ...)", "description": "Serves Swagger UI documentation at the '/docs' endpoint, dynamically setting the server URL based on the incoming request."}, {"name": "app.use(express.json())", "description": "Parses incoming JSON request bodies."}, {"name": "app.use('/', routes)", "description": "Mounts the application routes."}, {"name": "error handling middleware", "description": "Handles internal server errors and returns a JSON error response."}], "calls": ["swaggerUi.setup(dynamicSpec)", "req.get('host')", "req.protocol", "req.socket.localPort", "console.error(err.stack)"], "search-terms": ["express app initialization", "swagger UI setup", "CORS configuration", "route mounting", "error handling"], "state": 2, "file_id": 652, "knowledge_revision": 1681, "git_revision": "1aee8ed1eca8330cc765b711c43546e90b04ff39", "ctags": [{"_type": "tag", "name": "app", "path": "/home/kavia/workspace/code-generation/universalinit/src/universalinit/templates/express/src/app.js", "pattern": "/^const app = express();$/", "language": "JavaScript", "kind": "constant"}, {"_type": "tag", "name": "cors", "path": "/home/kavia/workspace/code-generation/universalinit/src/universalinit/templates/express/src/app.js", "pattern": "/^const cors = require('cors');$/", "language": "JavaScript", "kind": "constant"}, {"_type": "tag", "name": "express", "path": "/home/kavia/workspace/code-generation/universalinit/src/universalinit/templates/express/src/app.js", "pattern": "/^const express = require('express');$/", "language": "JavaScript", "kind": "constant"}, {"_type": "tag", "name": "routes", "path": "/home/kavia/workspace/code-generation/universalinit/src/universalinit/templates/express/src/app.js", "pattern": "/^const routes = require('.\\/routes');$/", "language": "JavaScript", "kind": "constant"}, {"_type": "tag", "name": "swaggerSpec", "path": "/home/kavia/workspace/code-generation/universalinit/src/universalinit/templates/express/src/app.js", "pattern": "/^const swaggerSpec = require('..\\/swagger');$/", "language": "JavaScript", "kind": "constant"}, {"_type": "tag", "name": "swaggerUi", "path": "/home/kavia/workspace/code-generation/universalinit/src/universalinit/templates/express/src/app.js", "pattern": "/^const swaggerUi = require('swagger-ui-express');$/", "language": "JavaScript", "kind": "constant"}], "hash": "5df3172f6e958a99d255956f667b1de4", "format-version": 4, "code-base-name": "universalinit", "filename": "src/universalinit/templates/express/src/app.js", "revision_history": [{"1681": "1aee8ed1eca8330cc765b711c43546e90b04ff39"}]}