{"is_source_file": false, "format": "", "description": "", "external_files": [], "external_methods": [], "published": [], "classes": [], "methods": [], "calls": [], "search-terms": [], "state": 2, "file_id": 519, "knowledge_revision": 1530, "git_revision": "1aee8ed1eca8330cc765b711c43546e90b04ff39", "hash": "c3be8c3e7ded8023557fe8fb5c068f91", "format-version": 4, "code-base-name": "universalinit", "filename": "src/universalinit/templates/remotion/tsconfig.json", "revision_history": [{"1530": "1aee8ed1eca8330cc765b711c43546e90b04ff39"}]}