{"is_source_file": true, "format": "TypeScript", "description": "This file is a TypeScript source file that sets up a web page with Vite and TypeScript logos, and initializes a counter button using DOM manipulation.", "external_files": ["./style.css", "./typescript.svg", "/vite.svg", "./counter.ts"], "external_methods": ["setupCounter"], "published": [], "classes": [], "methods": [{"name": "setupCounter", "description": "Initializes the counter button behavior, imported from './counter.ts'"}], "calls": ["document.querySelector", "innerHTML", "setupCounter"], "search-terms": ["TypeScript setup", "Vite logo", "counter button", "main.ts", "import statements"], "state": 2, "file_id": 581, "knowledge_revision": 1604, "git_revision": "1aee8ed1eca8330cc765b711c43546e90b04ff39", "ctags": [], "hash": "9ae7fb6d204e0434b836ab83915f60d0", "format-version": 4, "code-base-name": "universalinit", "filename": "src/universalinit/templates/typescript/src/main.ts", "revision_history": [{"1604": "1aee8ed1eca8330cc765b711c43546e90b04ff39"}]}