{"is_source_file": true, "format": "TypeScript/TSX", "description": "This file defines a React-like component using Qwik framework that renders a gauge visualization with customizable value, including SVG elements, styling, and dynamic stroke rendering based on the input value.", "external_files": ["qwik/src/components/starter/gauge/index.tsx", "./gauge.module.css"], "external_methods": ["component$"], "published": [], "classes": [], "methods": [{"name": "default", "description": "Default exported component function that constructs the gauge UI based on the input value."}], "calls": ["component$", "styles from \"./gauge.module.css\""], "search-terms": ["Qwik gauge component", "SVG gauge", "React-like Qwik component", "gauge module CSS", "index.tsx"], "state": 2, "file_id": 577, "knowledge_revision": 1596, "git_revision": "1aee8ed1eca8330cc765b711c43546e90b04ff39", "ctags": [], "hash": "27f4579126cf32b622a56b0aff87aafc", "format-version": 4, "code-base-name": "universalinit", "filename": "src/universalinit/templates/qwik/src/components/starter/gauge/index.tsx", "revision_history": [{"1596": "1aee8ed1eca8330cc765b711c43546e90b04ff39"}]}