{"is_source_file": true, "format": "TypeScript/TSX", "description": "This file defines a layout component for a Qwik-based web application, importing components, styles, and route handlers, and rendering a layout with header, footer, and slot for nested content.", "external_files": ["../components/starter/header/header", "../components/starter/footer/footer", "./styles.css?inline"], "external_methods": ["cacheControl", "routeLoader$", "component$", "useStyles$"], "published": ["onGet", "useServerTimeLoader"], "classes": [], "methods": [{"name": "onGet", "description": "Handles GET requests, sets cache control headers for caching strategy."}, {"name": "useServerTimeLoader", "description": "Loader that provides the current server time as data."}], "calls": ["cacheControl", "routeLoader$", "component$", "useStyles$", "Header", "Footer"], "search-terms": ["layout", "Qwik", "routeLoader", "component$", "useStyles", "cacheControl", "Header", "Footer"], "state": 2, "file_id": 420, "knowledge_revision": 1442, "git_revision": "1aee8ed1eca8330cc765b711c43546e90b04ff39", "ctags": [], "hash": "a2a9cade445a753cf96a48b1a0f2cd34", "format-version": 4, "code-base-name": "universalinit", "filename": "src/universalinit/templates/qwik/src/routes/layout.tsx", "revision_history": [{"1442": "1aee8ed1eca8330cc765b711c43546e90b04ff39"}]}