{"is_source_file": true, "format": "JavaScript (ESM module, .mjs)", "description": "ESLint configuration file defining linting rules and settings for JavaScript and TypeScript projects, including recommended plugin configurations and specific overrides for .ts/.tsx and .js/.jsx files.", "external_files": ["@eslint/js", "globals", "typescript-eslint"], "external_methods": [], "published": [], "classes": [], "methods": [{"name": "default", "description": "Exports the ESLint configuration array setting up rules and parser options for JavaScript and TypeScript files."}], "calls": ["js.configs.recommended", "...tseslint.configs.recommended"], "search-terms": ["eslint", "typescript-eslint", "eslint.config.mjs", "typescript", "rules", "parserOptions", "configurations"], "state": 2, "file_id": 636, "knowledge_revision": 1652, "git_revision": "1aee8ed1eca8330cc765b711c43546e90b04ff39", "hash": "6eae6a40fd45c831d338e6b184ad821b", "format-version": 4, "code-base-name": "universalinit", "filename": "src/universalinit/templates/astro/eslint.config.mjs", "revision_history": [{"1652": "1aee8ed1eca8330cc765b711c43546e90b04ff39"}]}