{"is_source_file": true, "format": "TypeScript (TSX)", "description": "A React-like functional component using Qwik framework, rendering a gauge visualization with customizable value.", "external_files": ["@builder.io/qwik", "./gauge.module.css"], "external_methods": ["component$"], "published": ["default"], "classes": [], "methods": [{"name": "anonymous", "description": "React/Qwik functional component rendering a gauge with a value parameter."}], "calls": ["component$"], "search-terms": ["qwik", "gauge", "component", "TSX", "progress indicator", "linear gradient"], "state": 2, "file_id": 386, "knowledge_revision": 1407, "git_revision": "1aee8ed1eca8330cc765b711c43546e90b04ff39", "ctags": [], "hash": "27f4579126cf32b622a56b0aff87aafc", "format-version": 4, "code-base-name": "universalinit", "filename": "src/universalinit/templates/qwik/src/components/starter/gauge/index.tsx", "revision_history": [{"1407": "1aee8ed1eca8330cc765b711c43546e90b04ff39"}]}