{"is_source_file": true, "format": "TypeScript/TSX", "description": "A Qwik component implementing a multi-step tutorial interface with user interactions and helpful hints, utilizing signals and window event handling.", "external_files": ["next-steps.module.css"], "external_methods": ["useOnWindow", "component$", "$", "useSignal"], "published": [], "classes": [], "methods": [{"name": "default", "description": "The main functional component that manages the tutorial step state and user interactions, rendering instructional content and navigation buttons."}], "calls": ["useSignal", "useOnWindow", "$", "component$"], "search-terms": ["Qwik", "component$", "useOnWindow", "useSignal", "next-steps.module.css", "tutorial", "multi-step", "key event", "dangerouslySetInnerHTML"], "state": 2, "file_id": 395, "knowledge_revision": 1414, "git_revision": "1aee8ed1eca8330cc765b711c43546e90b04ff39", "ctags": [], "hash": "634019ff1005824a1bf8998a0c2b3fb0", "format-version": 4, "code-base-name": "universalinit", "filename": "src/universalinit/templates/qwik/src/components/starter/next-steps/next-steps.tsx", "revision_history": [{"1414": "1aee8ed1eca8330cc765b711c43546e90b04ff39"}]}