{"is_source_file": true, "format": "JavaScript (ECMAScript module / JS source file)", "description": "The file is a JavaScript configuration file for PostCSS, specifying plugins 'tailwindcss' and 'autoprefixer'.", "external_files": [], "external_methods": [], "published": [], "classes": [], "methods": [], "calls": ["export default"], "search-terms": ["postcss.config.js", "tailwindcss", "autoprefixer", "postcss"], "state": 2, "file_id": 427, "knowledge_revision": 1446, "git_revision": "1aee8ed1eca8330cc765b711c43546e90b04ff39", "ctags": [], "hash": "c735540bb63936a123bc867d950c9f69", "format-version": 4, "code-base-name": "universalinit", "filename": "src/universalinit/templates/remix/postcss.config.js", "revision_history": [{"1446": "1aee8ed1eca8330cc765b711c43546e90b04ff39"}]}