{"is_source_file": true, "format": "TypeScript/TSX", "description": "This file defines a Qwik component that provides an interactive step-by-step tutorial or instructions for users, with use of signals, window event handling, styling, and dynamic content rendering.", "external_files": ["./next-steps.module.css"], "external_methods": ["useOnWindow", "component$", "$", "useSignal"], "published": ["GETTING_STARTED_STEPS", "default"], "classes": [], "methods": [{"name": "component$", "description": "Defines and exports a Qwik component as the default export, managing user interaction steps and rendering HTML."}], "calls": ["useOnWindow", "$", "useSignal"], "search-terms": ["Qwik", "starter", "next-steps", "useSignal", "useOnWindow", "component$", "TSX", "interactive tutorial"], "state": 2, "file_id": 590, "knowledge_revision": 1610, "git_revision": "1aee8ed1eca8330cc765b711c43546e90b04ff39", "ctags": [], "hash": "634019ff1005824a1bf8998a0c2b3fb0", "format-version": 4, "code-base-name": "universalinit", "filename": "src/universalinit/templates/qwik/src/components/starter/next-steps/next-steps.tsx", "revision_history": [{"1610": "1aee8ed1eca8330cc765b711c43546e90b04ff39"}]}