{"is_source_file": true, "format": "TypeScript", "description": "This file is a Tailwind CSS configuration file written in TypeScript, defining content paths, theme extensions (fontFamily), and plugins for a web project.", "external_files": ["tailwindcss"], "external_methods": [], "published": [], "classes": [], "methods": [], "calls": [], "search-terms": ["tailwind.config.ts", "tailwindcss", "content paths", "theme extension", "fontFamily", "typescript", "configuration"], "state": 2, "file_id": 300, "knowledge_revision": 704, "git_revision": "569868718cbe4a32ccdda367f53073dfdd5e6a98", "ctags": [], "hash": "ec9c3bff099c7a629e56845efd338c42", "format-version": 4, "code-base-name": "universalinit", "filename": "src/universalinit/templates/remix/tailwind.config.ts", "revision_history": [{"704": "569868718cbe4a32ccdda367f53073dfdd5e6a98"}]}