{"is_source_file": false, "format": "", "description": "", "external_files": [], "external_methods": [], "published": [], "classes": [], "methods": [], "calls": [], "search-terms": [], "state": 2, "file_id": 380, "knowledge_revision": 1398, "git_revision": "1aee8ed1eca8330cc765b711c43546e90b04ff39", "ctags": [], "hash": "6eb92fd414414a40070b58e5d8a439c7", "format-version": 4, "code-base-name": "universalinit", "filename": "src/universalinit/templates/qwik/qwik.env.d.ts", "revision_history": [{"1398": "1aee8ed1eca8330cc765b711c43546e90b04ff39"}]}