{"is_source_file": true, "format": "TypeScript (TSX for React components)", "description": "A Next.js page component that renders a simple homepage with images, links, and layout using Tailwind CSS classes.", "external_files": ["next/image"], "external_methods": ["Image (imported from 'next/image')"], "published": [], "classes": [], "methods": [{"name": "Home", "description": "Default exported React component function that renders the homepage layout."}], "calls": ["Image"], "search-terms": ["Next.js", "React", "TypeScript", "page component", "layout", "Tailwind CSS", "Image component"], "state": 2, "file_id": 541, "knowledge_revision": 1563, "git_revision": "1aee8ed1eca8330cc765b711c43546e90b04ff39", "ctags": [], "hash": "1717a2c38b856d93284b673ec27c8cf8", "format-version": 4, "code-base-name": "universalinit", "filename": "src/universalinit/templates/nextjs/src/app/page.tsx", "revision_history": [{"1563": "1aee8ed1eca8330cc765b711c43546e90b04ff39"}]}