{"is_source_file": true, "format": "JavaScript (CommonJS module)", "description": "Configuration file for ESLint tailored to the project's coding standards, integrating plugins like prettier and external configurations.", "external_files": ["eslint-plugin-prettier", "globals", "@eslint/js", "@eslint/eslintrc"], "external_methods": [], "published": [], "classes": [], "methods": [], "calls": ["require('eslint-plugin-prettier')", "require('globals')", "require('@eslint/js')", "new FlatCompat({...})", "compat.extends(...)"], "search-terms": ["eslint.config.cjs", "eslint", "prettier", "rule configuration", "ESLint plugin", "ECMAScript 2020", "parserOptions"], "state": 2, "file_id": 454, "knowledge_revision": 1474, "git_revision": "1aee8ed1eca8330cc765b711c43546e90b04ff39", "hash": "93cd2c5ca89ba1c0ff23b0e00b6c74ef", "format-version": 4, "code-base-name": "universalinit", "filename": "src/universalinit/templates/lightningjs/eslint.config.cjs", "revision_history": [{"1474": "1aee8ed1eca8330cc765b711c43546e90b04ff39"}]}