{"is_source_file": true, "format": "JavaScript (ES Modules)", "description": "This file is an ESLint configuration written in JavaScript, defining linting rules and settings for TypeScript and JavaScript files in a project.", "external_files": ["@typescript-eslint/eslint-plugin", "@typescript-eslint/parser"], "external_methods": [], "published": [], "classes": [], "methods": [], "calls": ["import typescript from '@typescript-eslint/eslint-plugin'", "import tsParser from '@typescript-eslint/parser'"], "search-terms": ["eslint", "eslint.config.mjs", "typescript-eslint", "rules", "plugins", "globals", "ignores", "typescript", "javascript"], "state": 2, "file_id": 72, "knowledge_revision": 463, "git_revision": "a52fdd371d57c89bb3179364dacfdf45b737d270", "hash": "02cd7331bca35b47f30dcc5eb38213b4", "format-version": 4, "code-base-name": "universalinit", "filename": "src/universalinit/templates/remotion/eslint.config.mjs", "revision_history": [{"463": "a52fdd371d57c89bb3179364dacfdf45b737d270"}]}