{"is_source_file": true, "format": "TypeScript (TSX)", "description": "A React-like component for rendering an info box with optional title slot.", "external_files": ["@builder.io/qwik", "./infobox.module.css"], "external_methods": ["component$", "Slot"], "published": [], "classes": [], "methods": [{"name": "default", "description": "Default component function rendering an info box with optional title and body slots."}], "calls": ["component$", "Slot"], "search-terms": ["infobox", "qwik", "component", "slot", "tsx", "styled component"], "state": 2, "file_id": 561, "knowledge_revision": 1583, "git_revision": "1aee8ed1eca8330cc765b711c43546e90b04ff39", "ctags": [], "hash": "e550dea120857ece5cc0d3ded5ee4bdd", "format-version": 4, "code-base-name": "universalinit", "filename": "src/universalinit/templates/qwik/src/components/starter/infobox/infobox.tsx", "revision_history": [{"1583": "1aee8ed1eca8330cc765b711c43546e90b04ff39"}]}