{"is_source_file": false, "format": "", "description": "", "external_files": [], "external_methods": [], "published": [], "classes": [], "methods": [], "calls": [], "search-terms": [], "state": 2, "file_id": 631, "knowledge_revision": 1643, "git_revision": "1aee8ed1eca8330cc765b711c43546e90b04ff39", "hash": "3a7613e653f3f01011a68c6e2a997aea", "format-version": 4, "code-base-name": "universalinit", "filename": "src/universalinit/templates/sqlite/config.yml", "revision_history": [{"1643": "1aee8ed1eca8330cc765b711c43546e90b04ff39"}]}