{"is_source_file": true, "format": "bash", "description": "This is a shell script for managing MySQL server startup, configuration, and verification, including initialization, process detection, user setup, and environment preparation.", "external_files": ["/var/run/mysqld/mysqld.sock", "db_connection.txt", "db_visualizer/mysql.env"], "external_methods": ["mysqladmin ping", "mysql --socket", "pgrep", "mysql -u -p -h -P", "mysqladmin shutdown", "mysqld --initialize-insecure", "mysqld", "sleep"], "published": [], "classes": [], "methods": [], "calls": ["sudo mysqladmin ping", "sudo mysql --socket", "pgrep -f \"mysqld.*--port=${DB_PORT}\"", "mysql -u root -p${DB_PASSWORD} -h 127.0.0.1 -P ${DB_PORT} -e \"SELECT 1;\"", "sudo mysql --socket=/var/run/mysqld/mysqld.sock -e \"SHOW VARIABLES LIKE 'port';\"", "sudo mysqladmin shutdown --socket=/var/run/mysqld/mysqld.sock", "sudo mysqld --initialize-insecure --user=mysql --datadir=/var/lib/mysql", "sudo mysqld --user=mysql --datadir=/var/lib/mysql --socket=/var/run/mysqld/mysqld.sock --pid-file=/var/run/mysqld/mysqld.pid --port=${DB_PORT}", "sleep", "sudo mysql --socket=/var/run/mysqld/mysqld.sock << EOF ... EOF"], "search-terms": ["mysql", "mysqld", "database setup script", "startup.sh", "MySQL initialization", "database configuration"], "state": 2, "file_id": 670, "knowledge_revision": 1693, "git_revision": "1aee8ed1eca8330cc765b711c43546e90b04ff39", "hash": "ee15961aa0bd2f6ec7099cb4bae5cc4d", "format-version": 4, "code-base-name": "universalinit", "filename": "src/universalinit/templates/mysql/startup.sh", "revision_history": [{"1693": "1aee8ed1eca8330cc765b711c43546e90b04ff39"}]}