{"is_source_file": true, "format": "TypeScript", "description": "Configuration file for Vite development server, setting server options such as host, port, allowed hosts, headers, and watch settings.", "external_files": ["vite"], "external_methods": ["defineConfig"], "published": [], "classes": [], "methods": [], "calls": ["defineConfig"], "search-terms": ["vite", "vite.config.ts", "server configuration", "development server"], "state": 2, "file_id": 578, "knowledge_revision": 1597, "git_revision": "1aee8ed1eca8330cc765b711c43546e90b04ff39", "ctags": [], "hash": "6efeb32d6235067d6bad81a886455a94", "format-version": 4, "code-base-name": "universalinit", "filename": "src/universalinit/templates/slidev/vite.config.ts", "revision_history": [{"1597": "1aee8ed1eca8330cc765b711c43546e90b04ff39"}]}