{"is_source_file": false, "format": "", "description": "", "external_files": [], "external_methods": [], "published": [], "classes": [], "methods": [], "calls": [], "search-terms": ["manifest.json", "React App", "create-react-app", "web app manifest"], "state": 2, "file_id": 454, "knowledge_revision": 1465, "git_revision": "1aee8ed1eca8330cc765b711c43546e90b04ff39", "hash": "d9d975cebe2ec20b6c652e1e4c12ccf0", "format-version": 4, "code-base-name": "universalinit", "filename": "src/universalinit/templates/react/public/manifest.json", "revision_history": [{"1465": "1aee8ed1eca8330cc765b711c43546e90b04ff39"}]}