{"is_source_file": true, "format": "JavaScript (CommonJS module configuration)", "description": "This file is an ESLint configuration module for a JavaScript project, setting up linting rules, extending recommended configs, and integrating Prettier formatting rules.", "external_files": ["eslint-plugin-prettier", "globals", "@eslint/js", "@eslint/eslintrc"], "external_methods": [], "published": [], "classes": [], "methods": [{"name": "module.exports", "description": "Exports the ESLint configuration array for use by ESLint."}], "calls": ["require('eslint-plugin-prettier')", "require('globals')", "require('@eslint/js')", "require('@eslint/eslintrc').FlatCompat", "compat.extends(...)"], "search-terms": ["eslint", "prettier", "eslint-plugin-prettier", "globals", "eslint:recommended", "plugin:prettier/recommended", "babel-eslint", "lightningjs", "eslint.config.cjs"], "state": 2, "file_id": 545, "knowledge_revision": 1558, "git_revision": "1aee8ed1eca8330cc765b711c43546e90b04ff39", "hash": "93cd2c5ca89ba1c0ff23b0e00b6c74ef", "format-version": 4, "code-base-name": "universalinit", "filename": "src/universalinit/templates/lightningjs/eslint.config.cjs", "revision_history": [{"1558": "1aee8ed1eca8330cc765b711c43546e90b04ff39"}]}