{"is_source_file": true, "format": "bash", "description": "A shell script for managing MySQL server startup, initialization, configuration, and connection setup, including checks for existing instances, port management, and authentication configuration.", "external_files": ["/var/run/mysqld/mysqld.sock", "db_connection.txt", "db_visualizer/mysql.env"], "external_methods": ["sudo mysqladmin ping", "sudo mysql --socket=... -e 'SHOW VARIABLES LIKE ...'", "pgrep -f", "mysql -u ... -e 'SELECT 1;'"], "published": [], "classes": [], "methods": [], "calls": ["sudo mysqladmin ping", "sudo mysql --socket=... -e 'USE ${DB_NAME};'", "pgrep -f \"mysqld.*--port=${DB_PORT}\"", "mysql -u root -p${DB_PASSWORD} -h 127.0.0.1 -P ${DB_PORT} -e \"SELECT 1;\"", "sudo mysql --socket=... << EOF ... EOF", "sudo mysql --socket=... -e \"SHOW VARIABLES LIKE 'port';\""], "search-terms": ["startup.sh", "MySQL server startup", "database initialization", "authentication fix", "connection configuration", "port management", "shell script for MySQL"], "state": 2, "file_id": 517, "knowledge_revision": 1538, "git_revision": "1aee8ed1eca8330cc765b711c43546e90b04ff39", "hash": "ee15961aa0bd2f6ec7099cb4bae5cc4d", "format-version": 4, "code-base-name": "universalinit", "filename": "src/universalinit/templates/mysql/startup.sh", "revision_history": [{"1538": "1aee8ed1eca8330cc765b711c43546e90b04ff39"}]}