{"is_source_file": true, "format": "TypeScript", "description": "This file is a Tailwind CSS configuration file in TypeScript, defining content paths, theme extensions, and plugins for styling.", "external_files": ["tailwindcss"], "external_methods": [], "published": ["default"], "classes": [], "methods": [], "calls": [], "search-terms": ["tailwind.config.ts", "content paths", "theme extension", "fontFamily", "Tailwind CSS", "TypeScript configuration", "plugins"], "state": 2, "file_id": 518, "knowledge_revision": 1545, "git_revision": "1aee8ed1eca8330cc765b711c43546e90b04ff39", "ctags": [], "hash": "ec9c3bff099c7a629e56845efd338c42", "format-version": 4, "code-base-name": "universalinit", "filename": "src/universalinit/templates/remix/tailwind.config.ts", "revision_history": [{"1545": "1aee8ed1eca8330cc765b711c43546e90b04ff39"}]}