{"is_source_file": false, "format": "", "description": "", "external_files": [], "external_methods": [], "published": [], "classes": [], "methods": [], "calls": [], "search-terms": [], "state": 2, "file_id": 104, "knowledge_revision": 497, "git_revision": "2547b026025b8dc0b99c9b87fbfa5dcd77345b91", "hash": "9e02086f2915481642bdcbad8b151f33", "format-version": 4, "code-base-name": "universalinit", "filename": "src/universalinit/templates/slidev/pages/imported-slides.md", "revision_history": [{"497": "2547b026025b8dc0b99c9b87fbfa5dcd77345b91"}]}