{"is_source_file": true, "format": "TypeScript", "description": "This file defines server-specific application configuration for an Angular application, merging it with existing client application configuration.", "external_files": ["@angular/core", "@angular/platform-server", "./app.config"], "external_methods": ["mergeApplicationConfig", "provideServerRendering"], "published": ["config"], "classes": [], "methods": [], "calls": ["@angular/core.mergeApplicationConfig", "@angular/platform-server.provideServerRendering"], "search-terms": ["angular", "app.config.server", "ApplicationConfig", "mergeApplicationConfig", "provideServerRendering"], "state": 2, "file_id": 522, "knowledge_revision": 1550, "git_revision": "1aee8ed1eca8330cc765b711c43546e90b04ff39", "ctags": [{"_type": "tag", "name": "config", "path": "/home/kavia/workspace/code-generation/universalinit/src/universalinit/templates/angular/src/app/app.config.server.ts", "pattern": "/^export const config = mergeApplicationConfig(appConfig, serverConfig);$/", "language": "TypeScript", "kind": "constant"}, {"_type": "tag", "name": "serverConfig", "path": "/home/kavia/workspace/code-generation/universalinit/src/universalinit/templates/angular/src/app/app.config.server.ts", "pattern": "/^const serverConfig: ApplicationConfig = {$/", "language": "TypeScript", "kind": "constant"}], "hash": "9fcafd12104018b7fb74bad3e42a1977", "format-version": 4, "code-base-name": "universalinit", "filename": "src/universalinit/templates/angular/src/app/app.config.server.ts", "revision_history": [{"1550": "1aee8ed1eca8330cc765b711c43546e90b04ff39"}]}