{"is_source_file": true, "format": "Python", "description": "This file defines a Django custom management command that generates an OpenAPI schema using drf_yasg, simulates a request to the schema view, retrieves the OpenAPI JSON, and saves it to a file.", "external_files": ["json", "os", "django.core.management.base.BaseCommand", "django.test.RequestFactory", "drf_yasg.openapi", "drf_yasg.views.get_schema_view", "rest_framework.permissions.AllowAny"], "external_methods": ["json.loads", "json.dump", "os.makedirs", "os.path.join"], "published": [], "classes": [{"name": "Command", "description": "A Django management command class that generates and saves an OpenAPI schema."}], "methods": [{"name": "handle(self, *args, **options)", "description": "Main method executed when the command is run; it creates a mock request, retrieves the OpenAPI schema, and writes it to a file.", "scope": "Command", "scopeKind": "class"}], "calls": ["django.core.management.base.BaseCommand", "django.test.RequestFactory", "drf_yasg.views.get_schema_view", "json.loads", "json.dump", "os.makedirs", "os.path.join"], "search-terms": ["generate_openapi", "django management command", "drf_yasg", "schema_view", "OpenAPI schema generation", "API documentation", "management commands"], "state": 2, "file_id": 402, "knowledge_revision": 1425, "git_revision": "1aee8ed1eca8330cc765b711c43546e90b04ff39", "ctags": [{"_type": "tag", "name": "Command", "path": "/home/kavia/workspace/code-generation/universalinit/src/universalinit/templates/django/api/management/commands/generate_openapi.py", "pattern": "/^class Command(BaseCommand):$/", "language": "Python", "kind": "class"}, {"_type": "tag", "name": "handle", "path": "/home/kavia/workspace/code-generation/universalinit/src/universalinit/templates/django/api/management/commands/generate_openapi.py", "pattern": "/^    def handle(self, *args, **options):$/", "language": "Python", "kind": "member", "signature": "(self, *args, **options)", "scope": "Command", "scopeKind": "class"}], "hash": "ecbef1ab975654f383ec74e3c38d3bd0", "format-version": 4, "code-base-name": "universalinit", "filename": "src/universalinit/templates/django/api/management/commands/generate_openapi.py", "revision_history": [{"1425": "1aee8ed1eca8330cc765b711c43546e90b04ff39"}]}