{"is_source_file": true, "format": "TypeScript/TSX", "description": "This source file defines a React-like component using Qwik framework, rendering a gauge visualization with customizable value, styled via CSS modules.", "external_files": ["./gauge.module.css"], "external_methods": ["component$"], "published": ["default"], "classes": [], "methods": [{"name": " unnamed", "description": "The default anonymous component function rendering the gauge. It accepts a 'value' prop with a default of 50, computes 'safeValue', and returns JSX for the gauge rendering."}], "calls": ["component$"], "search-terms": ["Qwik", "gauge", "component", "progress indicator", "SVG", "CSS modules"], "state": 2, "file_id": 445, "knowledge_revision": 1466, "git_revision": "1aee8ed1eca8330cc765b711c43546e90b04ff39", "ctags": [], "hash": "27f4579126cf32b622a56b0aff87aafc", "format-version": 4, "code-base-name": "universalinit", "filename": "src/universalinit/templates/qwik/src/components/starter/gauge/index.tsx", "revision_history": [{"1466": "1aee8ed1eca8330cc765b711c43546e90b04ff39"}]}