{"is_source_file": false, "format": "", "description": "", "external_files": [], "external_methods": [], "published": [], "classes": [], "methods": [], "calls": [], "search-terms": [], "state": 2, "file_id": 211, "knowledge_revision": 604, "git_revision": "619ef6d56349beaa3ca9d0081990be74d1e205f3", "hash": "dd396b941aa2ac44f782c0087ba5cea0", "format-version": 4, "code-base-name": "universalinit", "filename": "src/universalinit/templates/dotnet/config.yml", "revision_history": [{"604": "619ef6d56349beaa3ca9d0081990be74d1e205f3"}]}