{"is_source_file": true, "format": "JavaScript", "description": "This file is a source JavaScript module defining a page behavior in a NativeScript application. It imports a ViewModel and sets it as the binding context during navigation.", "external_files": ["./home-view-model"], "external_methods": [], "published": [], "classes": [], "methods": [{"name": "onNavigatingTo(args)", "description": "Handles the navigation to the page, creating a new HomeViewModel instance and setting it as the binding context.", "scope": "", "scopeKind": ""}], "calls": ["new HomeViewModel()"], "search-terms": ["nativeScript", "home-page", "onNavigatingTo", "HomeViewModel", "bindingContext"], "state": 2, "file_id": 405, "knowledge_revision": 1431, "git_revision": "1aee8ed1eca8330cc765b711c43546e90b04ff39", "ctags": [{"_type": "tag", "name": "onNavigatingTo", "path": "/home/kavia/workspace/code-generation/universalinit/src/universalinit/templates/nativescript/app/home/home-page.js", "pattern": "/^export function onNavigatingTo(args) {$/", "language": "JavaScript", "kind": "function", "signature": "(args)"}], "hash": "c73fa2a2554cc1c125b9f2ab5a64132c", "format-version": 4, "code-base-name": "universalinit", "filename": "src/universalinit/templates/nativescript/app/home/home-page.js", "revision_history": [{"1431": "1aee8ed1eca8330cc765b711c43546e90b04ff39"}]}