{"is_source_file": true, "format": "TypeScript", "description": "This file configures Vite for a SvelteKit project, including server settings, CORS, and testing configurations with Vitest.", "external_files": ["@testing-library/svelte/vite", "@sveltejs/kit/vite", "vite"], "external_methods": ["svelteTesting()", "defineConfig()"], "published": ["default"], "classes": [], "methods": [{"name": "defineConfig", "description": "Defines and exports the Vite configuration object."}, {"name": "svelteTesting", "description": "Import for Svelte testing utilities used in test plugin configuration."}], "calls": ["sveltekit()"], "search-terms": ["vite.svelte.config", "vite.server", "vite.test", "svelte", "vite.config.ts", "plugins"], "state": 2, "file_id": 351, "knowledge_revision": 1375, "git_revision": "1aee8ed1eca8330cc765b711c43546e90b04ff39", "ctags": [], "hash": "56df2df7e65a8e5b34870c711c6f770e", "format-version": 4, "code-base-name": "universalinit", "filename": "src/universalinit/templates/svelte/vite.config.ts", "revision_history": [{"1375": "1aee8ed1eca8330cc765b711c43546e90b04ff39"}]}