{"is_source_file": true, "format": "TypeScript/TSX", "description": "A React component written in TSX using Qwik framework that renders a footer including server time and external link.", "external_files": ["../../../routes/layout", "./footer.module.css", "@builder.io/qwik"], "external_methods": ["useServerTimeLoader"], "published": [], "classes": [], "methods": [{"name": "default", "description": "A functional component$ that retrieves server time and returns footer JSX element."}], "calls": ["useServerTimeLoader", "component$", "styles.anchor"], "search-terms": ["footer", "qwik", "component$", "server time", "footer.module.css", "footer.tsx"], "state": 2, "file_id": 459, "knowledge_revision": 1480, "git_revision": "1aee8ed1eca8330cc765b711c43546e90b04ff39", "ctags": [], "hash": "5e83eb5470cf84aff350a45599f1b87a", "format-version": 4, "code-base-name": "universalinit", "filename": "src/universalinit/templates/qwik/src/components/starter/footer/footer.tsx", "revision_history": [{"1480": "1aee8ed1eca8330cc765b711c43546e90b04ff39"}]}