{"is_source_file": true, "format": "TypeScript / TSX", "description": "This file defines a React-like component using Qwik, rendering a hero section with an image, heading, description, and buttons. It includes interactive confetti animation triggered on button click.", "external_files": ["@builder.io/qwik", "./hero.module.css", "../../../media/thunder.png?jsx"], "external_methods": ["component$"], "published": [], "classes": [], "methods": [{"name": "default", "description": "Default exported Qwik component rendering a hero section with confetti animation triggered by a button."}], "calls": ["component$", "document.createElement", "document.head.appendChild", "script.onload", "script.onerror", "setTimeout"], "search-terms": ["Qwik", "confetti", "hero component", "confetti browser script", "tsx hero", "starter hero"], "state": 2, "file_id": 407, "knowledge_revision": 1428, "git_revision": "1aee8ed1eca8330cc765b711c43546e90b04ff39", "ctags": [], "hash": "42d45447efa998ad31a8bf6cd455b5c1", "format-version": 4, "code-base-name": "universalinit", "filename": "src/universalinit/templates/qwik/src/components/starter/hero/hero.tsx", "revision_history": [{"1428": "1aee8ed1eca8330cc765b711c43546e90b04ff39"}]}