{"is_source_file": true, "format": "JavaScript", "description": "This file is a configuration script for Vite, a build tool for front-end projects. It sets up server options such as host, port, CORS, headers, and watch settings.", "external_files": ["vite"], "external_methods": ["defineConfig"], "published": ["default"], "classes": [], "methods": [{"name": "defineConfig", "description": "Function to define and export the Vite configuration object."}], "calls": ["defineConfig"], "search-terms": ["vite.config.js", "vite", "defineConfig", "server", "host", "allowedHosts", "port", "cors", "headers", "watch"], "state": 2, "file_id": 494, "knowledge_revision": 1513, "git_revision": "1aee8ed1eca8330cc765b711c43546e90b04ff39", "ctags": [], "hash": "2deb64ad96a3a98b4060c8c42df3b884", "format-version": 4, "code-base-name": "universalinit", "filename": "src/universalinit/templates/vite/vite.config.js", "revision_history": [{"1513": "1aee8ed1eca8330cc765b711c43546e90b04ff39"}]}