{"is_source_file": false, "format": null, "description": null, "external_files": [], "external_methods": [], "published": [], "classes": [], "methods": [], "calls": [], "search-terms": ["ic_launcher_foreground", "android", "vector", "drawable", "App_Resources", "Android", "res"], "state": 2, "file_id": 463, "knowledge_revision": 1475, "git_revision": "1aee8ed1eca8330cc765b711c43546e90b04ff39", "hash": "2a86f233d4d2e352d01fbc72e2d6f9ca", "format-version": 4, "code-base-name": "universalinit", "filename": "src/universalinit/templates/nativescript/App_Resources/Android/src/main/res/drawable/ic_launcher_foreground.xml", "revision_history": [{"1475": "1aee8ed1eca8330cc765b711c43546e90b04ff39"}]}