{"is_source_file": true, "format": "TypeScript/TSX", "description": "This file defines a Qwik component implementing a to-do list with loader and action, along with associated styles and head configuration.", "external_files": ["@builder.io/qwik", "@builder.io/qwik-city", "./todolist.module.css"], "external_methods": ["component$", "routeLoader$", "routeAction$", "zod$", "z", "Form"], "published": ["head"], "classes": [{"name": "ListItem", "description": "Interface representing a to-do list item with a text property."}], "methods": [{"name": "useListLoader", "description": "Loader function to retrieve the current list of to-do items."}, {"name": "useAddToListAction", "description": "Action handler to add new items to the list, validating input with zod."}], "calls": ["useListLoader", "useAddToListAction", "component$", "routeLoader$", "routeAction$", "zod$", "z"], "search-terms": ["Qwik component", "Todo list", "routeLoader", "routeAction", "zod validation", "TSX", "Qwik City"], "state": 2, "file_id": 655, "knowledge_revision": 1672, "git_revision": "1aee8ed1eca8330cc765b711c43546e90b04ff39", "ctags": [], "hash": "0d567d93bc8d060df1fc07dcc693ed4e", "format-version": 4, "code-base-name": "universalinit", "filename": "src/universalinit/templates/qwik/src/routes/demo/todolist/index.tsx", "revision_history": [{"1672": "1aee8ed1eca8330cc765b711c43546e90b04ff39"}]}