{"is_source_file": true, "format": "TypeScript", "description": "This file configures settings for a specific route ('about' page) in a SvelteKit project, specifying client-side rendering and pre-rendering options.", "external_files": ["$app/environment"], "external_methods": ["dev"], "published": ["csr", "prerender"], "classes": [], "methods": [], "calls": ["$app/environment.dev"], "search-terms": ["+page.ts", "svelte", "route configuration", "prerender", "dev"], "state": 2, "file_id": 585, "knowledge_revision": 1605, "git_revision": "1aee8ed1eca8330cc765b711c43546e90b04ff39", "ctags": [{"_type": "tag", "name": "csr", "path": "/home/kavia/workspace/code-generation/universalinit/src/universalinit/templates/svelte/src/routes/about/+page.ts", "pattern": "/^export const csr = dev;$/", "language": "TypeScript", "kind": "constant"}, {"_type": "tag", "name": "prerender", "path": "/home/kavia/workspace/code-generation/universalinit/src/universalinit/templates/svelte/src/routes/about/+page.ts", "pattern": "/^export const prerender = true;$/", "language": "TypeScript", "kind": "constant"}], "hash": "758500614a714f43a32f7a3169886b42", "format-version": 4, "code-base-name": "universalinit", "filename": "src/universalinit/templates/svelte/src/routes/about/+page.ts", "revision_history": [{"1605": "1aee8ed1eca8330cc765b711c43546e90b04ff39"}]}