{"is_source_file": false, "format": "", "description": "", "external_files": [], "external_methods": [], "published": [], "classes": [], "methods": [], "calls": [], "search-terms": [], "state": 2, "file_id": 141, "knowledge_revision": 529, "git_revision": "740f8e0b9c48bc9168b073cdd799fe00958be1c4", "hash": "03649aed492e2045271dc8efa685322b", "format-version": 4, "code-base-name": "universalinit", "filename": "src/universalinit/templates/qwik/src/global.css", "revision_history": [{"529": "740f8e0b9c48bc9168b073cdd799fe00958be1c4"}]}