{"is_source_file": true, "format": "TypeScript", "description": "This file is the main entry point for an Angular application, responsible for bootstrapping the root component using Angular's bootstrapApplication method with application configuration.", "external_files": ["@angular/platform-browser", "./app/app.config", "./app/app.component"], "external_methods": ["bootstrapApplication"], "published": [], "classes": [], "methods": [{"name": "bootstrapApplication", "description": "Bootstraps the Angular application with the specified root component and configuration."}], "calls": ["bootstrapApplication(AppComponent, appConfig)"], "search-terms": ["Angular", "bootstrapApplication", "main.ts", "appConfig", "AppComponent", "application bootstrap"], "state": 2, "file_id": 480, "knowledge_revision": 1506, "git_revision": "1aee8ed1eca8330cc765b711c43546e90b04ff39", "ctags": [], "hash": "c986c915181c0d91d6ea1af9fc003131", "format-version": 4, "code-base-name": "universalinit", "filename": "src/universalinit/templates/angular/src/main.ts", "revision_history": [{"1506": "1aee8ed1eca8330cc765b711c43546e90b04ff39"}]}