{"is_source_file": true, "file_id": 430, "git_revision": "1aee8ed1eca8330cc765b711c43546e90b04ff39", "state": 3, "description": "", "external_files": [], "external_methods": [], "published": [], "classes": [], "methods": [], "calls": [], "search-terms": [], "hash": "2a86f233d4d2e352d01fbc72e2d6f9ca", "format-version": 4, "code-base-name": "universalinit", "filename": "src/universalinit/templates/nativescript/App_Resources/Android/src/main/res/drawable/ic_launcher_foreground.xml", "knowledge_revision": 1097}