{"is_source_file": true, "format": "Python", "description": "The file defines URL routing configuration for a Django project, including Swagger/OpenAPI schema endpoints, and includes customized URL patterns with dynamic and static schema views.", "external_files": ["django.contrib.admin", "django.urls", "rest_framework.permissions", "drf_yasg.views.get_schema_view", "drf_yasg.openapi", "django.views.decorators.csrf.csrf_exempt"], "external_methods": ["include", "path", "re_path", "get_schema_view"], "published": ["urlpatterns", "schema_view", "get_full_url", "dynamic_schema_view"], "classes": [], "methods": [{"name": "get_full_url(request)", "description": "Constructs the full URL of the request, considering X-Forwarded-Port header for proxies.", "scope": "", "scopeKind": ""}, {"name": "dynamic_schema_view(request, *args, **kwargs)", "description": "Generates a Swagger UI view dynamically based on the request URL, allowing schema to be served at runtime.", "scope": "", "scopeKind": ""}], "calls": ["get_schema_view", "get_full_url", "schema_view.with_ui", "schema_view.without_ui"], "search-terms": ["django URL routing", "swagger schema endpoints", "dynamic schema view", "API documentation routes", "urlpatterns"], "state": 2, "file_id": 639, "knowledge_revision": 1664, "git_revision": "1aee8ed1eca8330cc765b711c43546e90b04ff39", "ctags": [{"_type": "tag", "name": "dynamic_schema_view", "path": "/home/kavia/workspace/code-generation/universalinit/src/universalinit/templates/django/config/urls.py", "pattern": "/^def dynamic_schema_view(request, *args, **kwargs):$/", "language": "Python", "kind": "function", "signature": "(request, *args, **kwargs)"}, {"_type": "tag", "name": "get_full_url", "path": "/home/kavia/workspace/code-generation/universalinit/src/universalinit/templates/django/config/urls.py", "pattern": "/^def get_full_url(request):$/", "language": "Python", "kind": "function", "signature": "(request)"}, {"_type": "tag", "name": "schema_view", "path": "/home/kavia/workspace/code-generation/universalinit/src/universalinit/templates/django/config/urls.py", "pattern": "/^schema_view = get_schema_view($/", "language": "Python", "kind": "variable"}, {"_type": "tag", "name": "urlpatterns", "path": "/home/kavia/workspace/code-generation/universalinit/src/universalinit/templates/django/config/urls.py", "pattern": "/^urlpatterns = [$/", "language": "Python", "kind": "variable"}], "hash": "482cd4ea609c28e217819d5339030112", "format-version": 4, "code-base-name": "universalinit", "filename": "src/universalinit/templates/django/config/urls.py", "fields": [{"name": "schema_view = get_schema_view(", "scope": "", "scopeKind": "", "description": "unavailable"}, {"name": "urlpatterns = [", "scope": "", "scopeKind": "", "description": "unavailable"}], "revision_history": [{"1664": "1aee8ed1eca8330cc765b711c43546e90b04ff39"}]}