{"is_source_file": true, "format": "JavaScript (ECMAScript Module, .mjs)", "description": "ESLint configuration file for React project using ECMAScript modules, configuring rules, parser options, and plugins.", "external_files": ["@eslint/js", "eslint-plugin-react"], "external_methods": [], "published": [], "classes": [], "methods": [], "calls": ["pluginJs", "pluginReact", "pluginJs.configs.recommended"], "search-terms": ["eslint", "react", "eslint-plugin-react", "eslint-config", "react-in-jsx-scope", "jsx"], "state": 2, "file_id": 568, "knowledge_revision": 1583, "git_revision": "1aee8ed1eca8330cc765b711c43546e90b04ff39", "hash": "be6538e7523bc2e9da0743133d784136", "format-version": 4, "code-base-name": "universalinit", "filename": "src/universalinit/templates/react/eslint.config.mjs", "revision_history": [{"1583": "1aee8ed1eca8330cc765b711c43546e90b04ff39"}]}