{"is_source_file": true, "format": "Dart", "description": "Main Flutter application entry point defining the app widget and homepage with a loading indicator.", "external_files": ["package:flutter/material.dart"], "external_methods": ["runApp", "MaterialApp", "ThemeData", "ColorScheme.fromSeed", "Colors.blue", "Scaffold", "AppBar", "Theme.of", "inversePrimary", "Text", "SizedBox", "CircularProgressIndicator"], "published": ["main", "MyApp", "MyHomePage", "_MyHomePageState"], "classes": [{"name": "MyApp", "description": "Root widget of the application, sets theme and home page."}, {"name": "MyHomePage", "description": "Stateful widget representing the main screen showing a loading message."}, {"name": "_MyHomePageState", "description": "State class for MyHomePage, builds the Scaffold with app bar and loading indicator."}], "methods": [{"name": "main", "description": "Application entry point, calls runApp with MyApp."}, {"name": "build", "description": "Build method for MyApp, returns MaterialApp widget."}, {"name": "build", "description": "Build method for _MyHomePageState, returns Scaffold with app bar and body."}], "calls": ["runApp", "MaterialApp", "ThemeData", "ColorScheme.fromSeed", "Scaffold", "AppBar", "Theme.of", "Text", "SizedBox", "CircularProgressIndicator"], "search-terms": ["flutter main.dart", "MaterialApp", "StatefulWidget", "Loading screen", "kavia_template_project_name"], "state": 2, "file_id": 499, "knowledge_revision": 1521, "git_revision": "1aee8ed1eca8330cc765b711c43546e90b04ff39", "hash": "601e9fda3eb2a914ab8f872f256fe019", "format-version": 4, "code-base-name": "universalinit", "filename": "src/universalinit/templates/flutter/lib/main.dart", "revision_history": [{"1521": "1aee8ed1eca8330cc765b711c43546e90b04ff39"}]}