{"is_source_file": true, "format": "bash", "description": "A shell script that automates the creation of a Kotlin Android project structure, including setting up directories, configuration files, Gradle build scripts, AndroidManifest.xml, resource files, and downloading necessary Gradle wrapper files. The script takes parameters to customize project properties such as project name, SDK versions, and Gradle/Kotlin versions.", "external_files": ["gradle/wrapper/gradle-wrapper.jar"], "external_methods": ["command -v", "curl", "wget", "base64", "chmod", "mkdir", "cat", "echo"], "published": [], "classes": [], "methods": [], "calls": ["mkdir", "echo", "cat", "base64 -d", "chmod", "command -v", "curl", "wget"], "search-terms": ["init_script.sh", "project setup", "Android project creation", "Gradle wrapper download", "project parameter parsing", "bash script for project scaffolding"], "state": 2, "file_id": 601, "knowledge_revision": 1617, "git_revision": "1aee8ed1eca8330cc765b711c43546e90b04ff39", "hash": "8a68f05b97405edde091c7cc776d6ef3", "format-version": 4, "code-base-name": "universalinit", "filename": "src/universalinit/templates/kotlin/init_script.sh", "revision_history": [{"1617": "1aee8ed1eca8330cc765b711c43546e90b04ff39"}]}