{"is_source_file": true, "format": "JavaScript (ESM module)", "description": "ESLint configuration file for a JavaScript/TypeScript project, importing ESLint configs, globals, and TypeScript ESLint plugin, setting up rules and file-specific configurations.", "external_files": ["@eslint/js", "globals", "typescript-eslint"], "external_methods": [], "published": [], "classes": [], "methods": [{"name": "default", "description": "Exports an array of ESLint configuration objects defining rules and environment settings for different file types."}], "calls": ["js.configs.recommended", "tseslint.configs.recommended"], "search-terms": ["eslint", "typescript-eslint", "ESLint config", "recommended", "js", "globals"], "state": 2, "file_id": 643, "knowledge_revision": 1662, "git_revision": "1aee8ed1eca8330cc765b711c43546e90b04ff39", "hash": "6bbf88a99fa9b1a0d3b508e69c6e2f4f", "format-version": 4, "code-base-name": "universalinit", "filename": "src/universalinit/templates/nuxt/eslint.config.mjs", "revision_history": [{"1662": "1aee8ed1eca8330cc765b711c43546e90b04ff39"}]}