{"is_source_file": true, "format": "TypeScript/TSX", "description": "This file defines a React functional component called Subtitle, which renders a styled subtitle element with animated opacity based on the current animation frame. It imports React, remotion functions, and constants for styling purposes.", "external_files": ["./constants"], "external_methods": ["useCurrentFrame", "interpolate"], "published": ["Subtitle"], "classes": [], "methods": [{"name": "Subtitle", "description": "A React functional component that renders a styled subtitle with animated opacity based on the current frame."}], "calls": ["useCurrentFrame", "interpolate"], "search-terms": ["Subtitle", "React.FC", "remotion", "CSSProperties", "animation", "opacity", "styled component"], "state": 2, "file_id": 379, "knowledge_revision": 1395, "git_revision": "1aee8ed1eca8330cc765b711c43546e90b04ff39", "ctags": [], "hash": "a4a6f5bec7582a30b3d43db862a5acf7", "format-version": 4, "code-base-name": "universalinit", "filename": "src/universalinit/templates/remotion/src/HelloWorld/Subtitle.tsx", "revision_history": [{"1395": "1aee8ed1eca8330cc765b711c43546e90b04ff39"}]}