{"is_source_file": true, "format": "JavaScript", "description": "This file defines a LightningJS application by importing necessary modules, setting up a template with a router view, and defining routes with associated components.", "external_files": ["@lightningjs/blits", "./pages/Home.js"], "external_methods": [], "published": [], "classes": [{"name": "Application", "description": "A LightningJS application class created using Blits.Application that sets up the application's template and routes."}], "methods": [], "calls": ["Blits.Application"], "search-terms": ["LightningJS", "Application", "RouterView", "routes", "Home component", "Template", "lightningjs"], "state": 2, "file_id": 600, "knowledge_revision": 1621, "git_revision": "1aee8ed1eca8330cc765b711c43546e90b04ff39", "ctags": [], "hash": "66daaf3cceacf6fd07b03dd071a9a5de", "format-version": 4, "code-base-name": "universalinit", "filename": "src/universalinit/templates/lightningjs/src/App.js", "revision_history": [{"1621": "1aee8ed1eca8330cc765b711c43546e90b04ff39"}]}