{"is_source_file": true, "format": "JavaScript", "description": "This file is a configuration script for Vite, a build tool for frontend projects, configuring development server options such as host, port, CORS, headers, and file watching.", "external_files": ["vite"], "external_methods": ["defineConfig"], "published": ["default"], "classes": [], "methods": [{"name": "defineConfig", "description": "Function used to define and export Vite configuration options."}], "calls": ["defineConfig"], "search-terms": ["vite.config.js", "Vite", "development server", "configuration", "host", "port", "CORS"], "state": 2, "file_id": 376, "knowledge_revision": 1398, "git_revision": "1aee8ed1eca8330cc765b711c43546e90b04ff39", "ctags": [], "hash": "2deb64ad96a3a98b4060c8c42df3b884", "format-version": 4, "code-base-name": "universalinit", "filename": "src/universalinit/templates/vite/vite.config.js", "revision_history": [{"1398": "1aee8ed1eca8330cc765b711c43546e90b04ff39"}]}