{"is_source_file": true, "format": "TypeScript (TSX)", "description": "This file defines a Qwik component for a hero section of a webpage, including an image, headings, and a celebratory confetti animation triggered by a button.", "external_files": ["./hero.module.css", "../../../media/thunder.png?jsx", "https://cdn.jsdelivr.net/npm/canvas-confetti@1.5.1/dist/confetti.browser.min.js"], "external_methods": ["confetti (from CDN script)"], "published": [], "classes": [], "methods": [{"name": "component$", "description": "Higher-order function from Qwik to define reactive components"}], "calls": ["confetti", "document.createElement", "document.head.appendChild", "setTimeout"], "search-terms": ["Qwik hero component", "confetti animation", "confetti script load", "Hero.tsx", "Thunder image import", "confetti.shot"], "state": 2, "file_id": 633, "knowledge_revision": 1656, "git_revision": "1aee8ed1eca8330cc765b711c43546e90b04ff39", "ctags": [], "hash": "42d45447efa998ad31a8bf6cd455b5c1", "format-version": 4, "code-base-name": "universalinit", "filename": "src/universalinit/templates/qwik/src/components/starter/hero/hero.tsx", "revision_history": [{"1656": "1aee8ed1eca8330cc765b711c43546e90b04ff39"}]}