{"is_source_file": false, "format": "", "description": "", "external_files": [], "external_methods": [], "published": [], "classes": [], "methods": [], "calls": [], "search-terms": ["lightningjs", "components_user_input", "handling user input", "focus", "input configuration", "key handling", "event chain", "intercept", "key up", "key mapping"], "state": 2, "file_id": 549, "knowledge_revision": 1564, "git_revision": "1aee8ed1eca8330cc765b711c43546e90b04ff39", "hash": "65da041ddf51108d44f3d269b0537a81", "format-version": 4, "code-base-name": "universalinit", "filename": "src/universalinit/templates/lightningjs/docs/components_user_input.md", "revision_history": [{"1564": "1aee8ed1eca8330cc765b711c43546e90b04ff39"}]}