{"is_source_file": true, "format": "TypeScript declaration file (.d.ts)", "description": "This file declares global type references for a project, specifically adding references to 'vite/client' for global type definitions.", "external_files": ["vite/client"], "external_methods": [], "published": [], "classes": [], "methods": [], "calls": [], "search-terms": ["type references", "vite/client", "global types", "typescript", "declaration"], "state": 2, "file_id": 546, "knowledge_revision": 1562, "git_revision": "1aee8ed1eca8330cc765b711c43546e90b04ff39", "ctags": [], "hash": "6eb92fd414414a40070b58e5d8a439c7", "format-version": 4, "code-base-name": "universalinit", "filename": "src/universalinit/templates/qwik/qwik.env.d.ts", "revision_history": [{"1562": "1aee8ed1eca8330cc765b711c43546e90b04ff39"}]}