{"is_source_file": true, "format": "JavaScript Module (ESM) / JavaScript with import syntax", "description": "This file is an ESLint configuration module for an Angular project using TypeScript. It imports external ESLint and TypeScript plugin modules, and exports a configuration array that specifies recommended configs, ignore patterns, and additional settings for TypeScript files.", "external_files": ["@eslint/js", "@typescript-eslint/eslint-plugin", "@typescript-eslint/parser"], "external_methods": [], "published": ["default"], "classes": [], "methods": [], "calls": ["js.configs.recommended"], "search-terms": ["eslint", "angular", "typescript", "eslint.config.mjs", "typescript-eslint", "ESLint", "plugin", "ignore patterns"], "state": 2, "file_id": 372, "knowledge_revision": 1394, "git_revision": "1aee8ed1eca8330cc765b711c43546e90b04ff39", "hash": "6045fbadb189e01a808ff3519512d8d7", "format-version": 4, "code-base-name": "universalinit", "filename": "src/universalinit/templates/angular/eslint.config.mjs", "revision_history": [{"1394": "1aee8ed1eca8330cc765b711c43546e90b04ff39"}]}