{"is_source_file": true, "format": "Python", "description": "Django models module defining database models for the application.", "external_files": ["django.db"], "external_methods": [], "published": [], "classes": [], "methods": [], "calls": [], "search-terms": ["models.py", "django", "models", "database"], "state": 2, "file_id": 91, "knowledge_revision": 498, "git_revision": "2028ea7a4a4843e6263708f2139ded60b9650606", "ctags": [], "hash": "8c4eb991c6dca757bdd77f539092e29b", "format-version": 4, "code-base-name": "universalinit", "filename": "src/universalinit/templates/django/api/models.py", "revision_history": [{"498": "2028ea7a4a4843e6263708f2139ded60b9650606"}]}