{"is_source_file": true, "format": "TypeScript", "description": "This file configures a service worker for the Qwik framework, primarily setting up prefetching and lifecycle event handlers.", "external_files": ["@builder.io/qwik-city/service-worker"], "external_methods": ["setupServiceWorker"], "published": [], "classes": [], "methods": [{"name": "addEventListener", "description": "Registers event listeners for 'install' and 'activate' lifecycle events in the service worker."}, {"name": "self.skipWaiting", "description": "Advances the service worker to the activate state immediately upon installation."}, {"name": "self.clients.claim", "description": "Claims control of all clients immediately upon activation."}], "calls": ["setupServiceWorker()", "addEventListener", "self.skipWaiting", "self.clients.claim"], "search-terms": ["service-worker", "Qwik", "prefetching", "install event", "activate event", "skipWaiting", "clients.claim"], "state": 2, "file_id": 418, "knowledge_revision": 1440, "git_revision": "1aee8ed1eca8330cc765b711c43546e90b04ff39", "ctags": [{"_type": "tag", "name": "self", "path": "/home/kavia/workspace/code-generation/universalinit/src/universalinit/templates/qwik/src/routes/service-worker.ts", "pattern": "/^declare const self: ServiceWorkerGlobalScope;$/", "language": "TypeScript", "kind": "constant"}], "hash": "4691e997442ba9f8be7690530ed1ce95", "format-version": 4, "code-base-name": "universalinit", "filename": "src/universalinit/templates/qwik/src/routes/service-worker.ts", "revision_history": [{"1440": "1aee8ed1eca8330cc765b711c43546e90b04ff39"}]}