{"is_source_file": false, "format": "", "description": "", "external_files": [], "external_methods": [], "published": [], "classes": [], "methods": [], "calls": [], "search-terms": [], "state": 2, "file_id": 404, "knowledge_revision": 1413, "git_revision": "1aee8ed1eca8330cc765b711c43546e90b04ff39", "hash": "c96af49df9e24aa9173abc4de6f1a4c7", "format-version": 4, "code-base-name": "universalinit", "filename": "src/universalinit/templates/typescript/package.json", "revision_history": [{"1413": "1aee8ed1eca8330cc765b711c43546e90b04ff39"}]}