{"is_source_file": true, "format": "JavaScript/ECMAScript Module (.mjs)", "description": "This file configures ESLint for a Next.js project using the 'FlatCompat' utility to extend existing configurations like 'next/core-web-vitals' and 'next/typescript'. It sets up compatibility and exports the ESLint configuration array.", "external_files": ["@eslint/eslintrc"], "external_methods": ["compat.extends"], "published": ["eslintConfig"], "classes": [], "methods": [{"name": "compat.extends", "description": "Extends existing ESLint configurations for compatibility."}], "calls": ["compat.extends"], "search-terms": ["nextjs", "eslint", "config", "FlatCompat", "typescript", "core-web-vitals"], "state": 2, "file_id": 360, "knowledge_revision": 1375, "git_revision": "1aee8ed1eca8330cc765b711c43546e90b04ff39", "hash": "b43f470c5df5e9ff4c2f5e0bd917a881", "format-version": 4, "code-base-name": "universalinit", "filename": "src/universalinit/templates/nextjs/eslint.config.mjs", "revision_history": [{"1375": "1aee8ed1eca8330cc765b711c43546e90b04ff39"}]}