{"is_source_file": true, "format": "TypeScript in JSX/TSX format", "description": "This file defines a React component 'RemotionRoot' that uses the 'remotion' library to compose video segments, referencing external components 'HelloWorld' and 'Logo', and configuring video compositions with properties like duration, fps, dimensions, and schemas.", "external_files": ["./HelloWorld", "./HelloWorld/Logo"], "external_methods": [], "published": [], "classes": [], "methods": [{"name": "RemotionRoot", "description": "A React functional component that returns a set of <Composition> components configuring video segments."}], "calls": ["React.FC", "Composition", "HelloWorld", "Logo"], "search-terms": ["RemotionRoot", "Composition", "HelloWorld", "Logo", "React.FC", "remotion", "tsx", "video composition"], "state": 2, "file_id": 497, "knowledge_revision": 1514, "git_revision": "1aee8ed1eca8330cc765b711c43546e90b04ff39", "ctags": [], "hash": "e7dd365e19e3e2c921953e942d5e0cad", "format-version": 4, "code-base-name": "universalinit", "filename": "src/universalinit/templates/remotion/src/Root.tsx", "revision_history": [{"1514": "1aee8ed1eca8330cc765b711c43546e90b04ff39"}]}