{"is_source_file": false, "format": "", "description": "", "external_files": [], "external_methods": [], "published": [], "classes": [], "methods": [], "calls": [], "search-terms": [], "state": 2, "file_id": 592, "knowledge_revision": 1598, "git_revision": "1aee8ed1eca8330cc765b711c43546e90b04ff39", "hash": "ddeb0312502c350e406609614814719e", "format-version": 4, "code-base-name": "universalinit", "filename": "src/universalinit/templates/vue/tsconfig.vitest.json", "revision_history": [{"1598": "1aee8ed1eca8330cc765b711c43546e90b04ff39"}]}