{"is_source_file": true, "format": "JavaScript (ES Module)", "description": "Configuration file for a SvelteKit project, defining build adapters and preprocessing options.", "external_files": ["@sveltejs/adapter-auto", "@sveltejs/vite-plugin-svelte"], "external_methods": ["adapter()"], "published": ["config"], "classes": [], "methods": [{"name": "vitePreprocess", "description": "Imported preprocessing function for Vite from '@sveltejs/vite-plugin-svelte'."}, {"name": "adapter()", "description": "Function imported from '@sveltejs/adapter-auto' to instantiate the adapter for deployment environment."}], "calls": ["vitePreprocess()", "adapter()", "config (exported as default)"], "search-terms": ["svelte.config.js", "SvelteKit configuration", "adapter-auto", "vitePreprocess", "preprocess", "kit", "export default"], "state": 2, "file_id": 638, "knowledge_revision": 1657, "git_revision": "1aee8ed1eca8330cc765b711c43546e90b04ff39", "ctags": [{"_type": "tag", "name": "adapter", "path": "/home/kavia/workspace/code-generation/universalinit/src/universalinit/templates/svelte/svelte.config.js", "pattern": "/^\t\tadapter: adapter(),$/", "language": "JavaScript", "kind": "property", "scope": "config.kit", "scopeKind": "class"}, {"_type": "tag", "name": "checkOrigin", "path": "/home/kavia/workspace/code-generation/universalinit/src/universalinit/templates/svelte/svelte.config.js", "pattern": "/^\t\t\tcheckOrigin: false$/", "language": "JavaScript", "kind": "property", "scope": "config.kit.csrf", "scopeKind": "class"}, {"_type": "tag", "name": "config", "path": "/home/kavia/workspace/code-generation/universalinit/src/universalinit/templates/svelte/svelte.config.js", "pattern": "/^const config = {$/", "language": "JavaScript", "kind": "class"}, {"_type": "tag", "name": "csrf", "path": "/home/kavia/workspace/code-generation/universalinit/src/universalinit/templates/svelte/svelte.config.js", "pattern": "/^\t\tcsrf: {$/", "language": "JavaScript", "kind": "class", "scope": "config.kit", "scopeKind": "class"}, {"_type": "tag", "name": "kit", "path": "/home/kavia/workspace/code-generation/universalinit/src/universalinit/templates/svelte/svelte.config.js", "pattern": "/^\tkit: {$/", "language": "JavaScript", "kind": "class", "scope": "config", "scopeKind": "class"}, {"_type": "tag", "name": "preprocess", "path": "/home/kavia/workspace/code-generation/universalinit/src/universalinit/templates/svelte/svelte.config.js", "pattern": "/^\tpreprocess: vitePreprocess(),$/", "language": "JavaScript", "kind": "property", "scope": "config", "scopeKind": "class"}], "hash": "5adccfb5d56a16ae9a40d720c9fc945c", "format-version": 4, "code-base-name": "universalinit", "filename": "src/universalinit/templates/svelte/svelte.config.js", "fields": [{"name": "adapter: adapter(),", "scope": "config.kit", "scopeKind": "class", "description": "unavailable"}, {"name": "checkOrigin: false", "scope": "config.kit.csrf", "scopeKind": "class", "description": "unavailable"}, {"name": "preprocess: vitePreprocess(),", "scope": "config", "scopeKind": "class", "description": "unavailable"}], "revision_history": [{"1657": "1aee8ed1eca8330cc765b711c43546e90b04ff39"}]}