{"is_source_file": true, "format": "Python", "description": "This is a Django project settings configuration file, defining project settings, installed apps, middleware, database configuration, and security settings for a web application.", "external_files": ["django-admin startproject", "https://docs.djangoproject.com/en/5.2/topics/settings/", "https://docs.djangoproject.com/en/5.2/ref/settings/"], "external_methods": ["Path", "Path.resolve()"], "published": ["BASE_DIR", "SECRET_KEY", "DEBUG", "ALLOWED_HOSTS", "INSTALLED_APPS", "MIDDLEWARE", "ROOT_URLCONF", "TEMPLATES", "WSGI_APPLICATION", "DATABASES", "AUTH_PASSWORD_VALIDATORS", "LANGUAGE_CODE", "TIME_ZONE", "USE_I18N", "USE_TZ", "STATIC_URL", "DEFAULT_AUTO_FIELD", "CORS_ALLOW_ALL_ORIGINS", "SECURE_PROXY_SSL_HEADER", "USE_X_FORWARDED_HOST"], "classes": [], "methods": [], "calls": ["Path(__file__).resolve()", "Path.parent", "Path.parent.parent"], "search-terms": ["Django settings", "INSTALLED_APPS", "MIDDLEWARE", "DATABASES", "AUTH_PASSWORD_VALIDATORS", "STATIC_URL", "CORS_ALLOW_ALL_ORIGINS", "SECURE_PROXY_SSL_HEADER"], "state": 2, "file_id": 384, "knowledge_revision": 1411, "git_revision": "1aee8ed1eca8330cc765b711c43546e90b04ff39", "ctags": [{"_type": "tag", "name": "ALLOWED_HOSTS", "path": "/home/kavia/workspace/code-generation/universalinit/src/universalinit/templates/django/config/settings.py", "pattern": "/^ALLOWED_HOSTS = [$/", "language": "Python", "kind": "variable"}, {"_type": "tag", "name": "AUTH_PASSWORD_VALIDATORS", "path": "/home/kavia/workspace/code-generation/universalinit/src/universalinit/templates/django/config/settings.py", "pattern": "/^AUTH_PASSWORD_VALIDATORS = [$/", "language": "Python", "kind": "variable"}, {"_type": "tag", "name": "BASE_DIR", "path": "/home/kavia/workspace/code-generation/universalinit/src/universalinit/templates/django/config/settings.py", "pattern": "/^BASE_DIR = Path(__file__).resolve().parent.parent$/", "language": "Python", "kind": "variable"}, {"_type": "tag", "name": "CORS_ALLOW_ALL_ORIGINS", "path": "/home/kavia/workspace/code-generation/universalinit/src/universalinit/templates/django/config/settings.py", "pattern": "/^CORS_ALLOW_ALL_ORIGINS = True$/", "language": "Python", "kind": "variable"}, {"_type": "tag", "name": "DATABASES", "path": "/home/kavia/workspace/code-generation/universalinit/src/universalinit/templates/django/config/settings.py", "pattern": "/^DATABASES = {$/", "language": "Python", "kind": "variable"}, {"_type": "tag", "name": "DEBUG", "path": "/home/kavia/workspace/code-generation/universalinit/src/universalinit/templates/django/config/settings.py", "pattern": "/^DEBUG = True$/", "language": "Python", "kind": "variable"}, {"_type": "tag", "name": "DEFAULT_AUTO_FIELD", "path": "/home/kavia/workspace/code-generation/universalinit/src/universalinit/templates/django/config/settings.py", "pattern": "/^DEFAULT_AUTO_FIELD = 'django.db.models.BigAutoField'$/", "language": "Python", "kind": "variable"}, {"_type": "tag", "name": "INSTALLED_APPS", "path": "/home/kavia/workspace/code-generation/universalinit/src/universalinit/templates/django/config/settings.py", "pattern": "/^INSTALLED_APPS = [$/", "language": "Python", "kind": "variable"}, {"_type": "tag", "name": "LANGUAGE_CODE", "path": "/home/kavia/workspace/code-generation/universalinit/src/universalinit/templates/django/config/settings.py", "pattern": "/^LANGUAGE_CODE = 'en-us'$/", "language": "Python", "kind": "variable"}, {"_type": "tag", "name": "MIDDLEWARE", "path": "/home/kavia/workspace/code-generation/universalinit/src/universalinit/templates/django/config/settings.py", "pattern": "/^MIDDLEWARE = [$/", "language": "Python", "kind": "variable"}, {"_type": "tag", "name": "ROOT_URLCONF", "path": "/home/kavia/workspace/code-generation/universalinit/src/universalinit/templates/django/config/settings.py", "pattern": "/^ROOT_URLCONF = 'config.urls'$/", "language": "Python", "kind": "variable"}, {"_type": "tag", "name": "SECRET_KEY", "path": "/home/kavia/workspace/code-generation/universalinit/src/universalinit/templates/django/config/settings.py", "pattern": "/^SECRET_KEY = 'django-insecure-0ku_as45vs5isd^px=t#m8g#^*x7f=w#gw-xb^t@^-pom)r^t6'$/", "language": "Python", "kind": "variable"}, {"_type": "tag", "name": "SECURE_PROXY_SSL_HEADER", "path": "/home/kavia/workspace/code-generation/universalinit/src/universalinit/templates/django/config/settings.py", "pattern": "/^SECURE_PROXY_SSL_HEADER = ('HTTP_X_FORWARDED_PROTO', 'https')$/", "language": "Python", "kind": "variable"}, {"_type": "tag", "name": "STATIC_URL", "path": "/home/kavia/workspace/code-generation/universalinit/src/universalinit/templates/django/config/settings.py", "pattern": "/^STATIC_URL = 'static\\/'$/", "language": "Python", "kind": "variable"}, {"_type": "tag", "name": "TEMPLATES", "path": "/home/kavia/workspace/code-generation/universalinit/src/universalinit/templates/django/config/settings.py", "pattern": "/^TEMPLATES = [$/", "language": "Python", "kind": "variable"}, {"_type": "tag", "name": "TIME_ZONE", "path": "/home/kavia/workspace/code-generation/universalinit/src/universalinit/templates/django/config/settings.py", "pattern": "/^TIME_ZONE = 'UTC'$/", "language": "Python", "kind": "variable"}, {"_type": "tag", "name": "USE_I18N", "path": "/home/kavia/workspace/code-generation/universalinit/src/universalinit/templates/django/config/settings.py", "pattern": "/^USE_I18N = True$/", "language": "Python", "kind": "variable"}, {"_type": "tag", "name": "USE_TZ", "path": "/home/kavia/workspace/code-generation/universalinit/src/universalinit/templates/django/config/settings.py", "pattern": "/^USE_TZ = True$/", "language": "Python", "kind": "variable"}, {"_type": "tag", "name": "USE_X_FORWARDED_HOST", "path": "/home/kavia/workspace/code-generation/universalinit/src/universalinit/templates/django/config/settings.py", "pattern": "/^USE_X_FORWARDED_HOST = True$/", "language": "Python", "kind": "variable"}, {"_type": "tag", "name": "WSGI_APPLICATION", "path": "/home/kavia/workspace/code-generation/universalinit/src/universalinit/templates/django/config/settings.py", "pattern": "/^WSGI_APPLICATION = 'config.wsgi.application'$/", "language": "Python", "kind": "variable"}], "hash": "4415aaabade4336183573bfb21cc5625", "format-version": 4, "code-base-name": "universalinit", "filename": "src/universalinit/templates/django/config/settings.py", "fields": [{"name": "ALLOWED_HOSTS = [", "scope": "", "scopeKind": "", "description": "unavailable"}, {"name": "AUTH_PASSWORD_VALIDATORS = [", "scope": "", "scopeKind": "", "description": "unavailable"}, {"name": "BASE_DIR = Path(__file__).resolve().parent.parent", "scope": "", "scopeKind": "", "description": "unavailable"}, {"name": "CORS_ALLOW_ALL_ORIGINS = True", "scope": "", "scopeKind": "", "description": "unavailable"}, {"name": "DATABASES = {", "scope": "", "scopeKind": "", "description": "unavailable"}, {"name": "DEBUG = True", "scope": "", "scopeKind": "", "description": "unavailable"}, {"name": "DEFAULT_AUTO_FIELD = 'django.db.models.BigAutoField'", "scope": "", "scopeKind": "", "description": "unavailable"}, {"name": "INSTALLED_APPS = [", "scope": "", "scopeKind": "", "description": "unavailable"}, {"name": "LANGUAGE_CODE = 'en-us'", "scope": "", "scopeKind": "", "description": "unavailable"}, {"name": "MIDDLEWARE = [", "scope": "", "scopeKind": "", "description": "unavailable"}, {"name": "ROOT_URLCONF = 'config.urls'", "scope": "", "scopeKind": "", "description": "unavailable"}, {"name": "SECRET_KEY = 'django-insecure-0ku_as45vs5isd^px=t#m8g#^*x7f=w#gw-xb^t@^-pom)r^t6'", "scope": "", "scopeKind": "", "description": "unavailable"}, {"name": "SECURE_PROXY_SSL_HEADER = ('HTTP_X_FORWARDED_PROTO', 'https')", "scope": "", "scopeKind": "", "description": "unavailable"}, {"name": "STATIC_URL = 'static\\/'", "scope": "", "scopeKind": "", "description": "unavailable"}, {"name": "TEMPLATES = [", "scope": "", "scopeKind": "", "description": "unavailable"}, {"name": "TIME_ZONE = 'UTC'", "scope": "", "scopeKind": "", "description": "unavailable"}, {"name": "USE_I18N = True", "scope": "", "scopeKind": "", "description": "unavailable"}, {"name": "USE_TZ = True", "scope": "", "scopeKind": "", "description": "unavailable"}, {"name": "USE_X_FORWARDED_HOST = True", "scope": "", "scopeKind": "", "description": "unavailable"}, {"name": "WSGI_APPLICATION = 'config.wsgi.application'", "scope": "", "scopeKind": "", "description": "unavailable"}], "revision_history": [{"1411": "1aee8ed1eca8330cc765b711c43546e90b04ff39"}]}