{"is_source_file": true, "format": "JavaScript/ECMAScript Module (.mjs)", "description": "This file is an ESLint configuration module that exports an array of configuration objects for ESLint, including recommended settings, ignore patterns, TypeScript-specific configurations, and global variables.", "external_files": ["@eslint/js", "@typescript-eslint/eslint-plugin", "@typescript-eslint/parser"], "external_methods": [], "published": ["default"], "classes": [], "methods": [], "calls": ["js.configs.recommended", "tseslint", "tsParser"], "search-terms": ["eslint", "eslint-config", "typescript-eslint", "configuration", ".mjs"], "state": 2, "file_id": 354, "knowledge_revision": 1368, "git_revision": "1aee8ed1eca8330cc765b711c43546e90b04ff39", "hash": "e07c5093c78842a4ba4667fc4b86ccee", "format-version": 4, "code-base-name": "universalinit", "filename": "src/universalinit/templates/vite/eslint.config.mjs", "revision_history": [{"1368": "1aee8ed1eca8330cc765b711c43546e90b04ff39"}]}