{"is_source_file": true, "format": "JavaScript (Node.js)", "description": "This source file defines an Express.js route for the root endpoint ('/'), primarily serving as a health check endpoint. It sets up a GET route that delegates handling to a controller method and exports the router for integration into the main application.", "external_files": ["../controllers/health"], "external_methods": ["healthController.check"], "published": ["router"], "classes": [], "methods": [{"name": "router.get", "description": "Defines a GET route for '/' that calls 'healthController.check' when accessed."}], "calls": ["express.Router", "healthController.check.bind"], "search-terms": ["Express route", "health check endpoint", "index.js", "router", "healthController"], "state": 2, "file_id": 587, "knowledge_revision": 1608, "git_revision": "1aee8ed1eca8330cc765b711c43546e90b04ff39", "ctags": [{"_type": "tag", "name": "express", "path": "/home/kavia/workspace/code-generation/universalinit/src/universalinit/templates/express/src/routes/index.js", "pattern": "/^const express = require('express');$/", "language": "JavaScript", "kind": "constant"}, {"_type": "tag", "name": "healthController", "path": "/home/kavia/workspace/code-generation/universalinit/src/universalinit/templates/express/src/routes/index.js", "pattern": "/^const healthController = require('..\\/controllers\\/health');$/", "language": "JavaScript", "kind": "constant"}, {"_type": "tag", "name": "router", "path": "/home/kavia/workspace/code-generation/universalinit/src/universalinit/templates/express/src/routes/index.js", "pattern": "/^const router = express.Router();$/", "language": "JavaScript", "kind": "constant"}], "hash": "65440e156977076adec2544b5e71e9b6", "format-version": 4, "code-base-name": "universalinit", "filename": "src/universalinit/templates/express/src/routes/index.js", "revision_history": [{"1608": "1aee8ed1eca8330cc765b711c43546e90b04ff39"}]}