{"is_source_file": true, "format": "TypeScript/TSX", "description": "This is a React-like functional component built with Qwik framework that renders a gauge visualization, displaying a percentage value as an SVG graphic with gradient styling.", "external_files": ["@builder.io/qwik", "./gauge.module.css"], "external_methods": ["component$"], "published": [], "classes": [], "methods": [{"name": "default", "description": "Default export of a Qwik component that renders a gauge visualization based on a 'value' prop."}], "calls": ["component$"], "search-terms": ["Qwik gauge component", "SVG circular gauge", "typescript react component", "gradient stroke gauge", "props value visualization"], "state": 2, "file_id": 530, "knowledge_revision": 1553, "git_revision": "1aee8ed1eca8330cc765b711c43546e90b04ff39", "ctags": [], "hash": "27f4579126cf32b622a56b0aff87aafc", "format-version": 4, "code-base-name": "universalinit", "filename": "src/universalinit/templates/qwik/src/components/starter/gauge/index.tsx", "revision_history": [{"1553": "1aee8ed1eca8330cc765b711c43546e90b04ff39"}]}