{"is_source_file": true, "format": "bash", "description": "A shell script for initializing and starting a PostgreSQL database server, configuring users, permissions, and connection details.", "external_files": ["/usr/lib/postgresql/"], "external_methods": ["ls", "sudo", "pg_isready", "pgrep", "psql", "initdb", "createdb"], "published": [], "classes": [], "methods": [], "calls": ["ls", "sudo -u postgres pg_isready", "sudo -u postgres psql", "sudo -u postgres initdb", "sudo -u postgres createdb", "sudo -u postgres psql"], "search-terms": ["PostgreSQL", "startup script", "initialization", "permissions", "connection setup", "database creation", "user setup"], "state": 2, "file_id": 572, "knowledge_revision": 1586, "git_revision": "1aee8ed1eca8330cc765b711c43546e90b04ff39", "hash": "3664b8e1a9d0acb09ef2cd72feece193", "format-version": 4, "code-base-name": "universalinit", "filename": "src/universalinit/templates/postgresql/startup.sh", "revision_history": [{"1586": "1aee8ed1eca8330cc765b711c43546e90b04ff39"}]}