{"is_source_file": true, "format": "TypeScript (TSX)", "description": "This file is a Qwik component for a 'Next Steps' tutorial UI, guiding users through steps with messages and hints, handling user interactions such as keyboard events and button clicks.", "external_files": ["./next-steps.module.css"], "external_methods": ["useOnWindow", "useSignal", "component$"], "published": ["GETTING_STARTED_STEPS"], "classes": [], "methods": [{"name": "default", "description": "Defines the Qwik component that manages tutorial step state, user interactions, and renders the UI with messages, hints, and navigation buttons."}], "calls": ["useOnWindow", "$", "useSignal", "component$", "gettingStartedStep.value", "styles.gettingstarted", "styles.intro", "styles.hint"], "search-terms": ["Qwik", "next-steps", "tutorial", "stepper", "this file", "component", "keydown event", "useSignal", "dangerouslySetInnerHTML", "CSS module"], "state": 2, "file_id": 612, "knowledge_revision": 1631, "git_revision": "1aee8ed1eca8330cc765b711c43546e90b04ff39", "ctags": [], "hash": "634019ff1005824a1bf8998a0c2b3fb0", "format-version": 4, "code-base-name": "universalinit", "filename": "src/universalinit/templates/qwik/src/components/starter/next-steps/next-steps.tsx", "revision_history": [{"1631": "1aee8ed1eca8330cc765b711c43546e90b04ff39"}]}