{"is_source_file": true, "format": "bash/shell script", "description": "This is a startup script for setting up and managing a MongoDB server, including starting the server, checking if it is running, creating users, and configuring environment variables.", "external_files": ["db_connection.txt", "db_visualizer/mongodb.env", "/var/lib/mongodb/mongod.log"], "external_methods": ["mongosh", "pkill", "lsof", "sleep", "pgrep", "sudo"], "published": ["DB_NAME", "DB_USER", "DB_PASSWORD", "DB_PORT"], "classes": [], "methods": [{"name": "mongosh", "description": "MongoDB shell command used to evaluate commands and create users."}, {"name": "pkill", "description": "Terminates processes by name, used here to stop mongod if needed."}, {"name": "lsof", "description": "Lists open files, used here to determine the port MongoDB is listening on."}, {"name": "sleep", "description": "Pauses script execution to wait for server startup or other operations."}], "calls": ["mongosh --port ${DB_PORT} --eval \"db.adminCommand('ping')\"", "pgrep -x mongod", "sudo lsof -Pan -p $MONGO_PID -i", "sudo pkill -x mongod", "sudo mongod --dbpath /var/lib/mongodb --port ${DB_PORT} --bind_ip 127.0.0.1 --unixSocketPrefix /var/run/mongodb"], "search-terms": ["MongoDB startup script", "mongodb user creation", "mongod management", "MongoDB connection setup", "MongoDB port check", "MongoDB environment variables"], "state": 2, "file_id": 567, "knowledge_revision": 1584, "git_revision": "1aee8ed1eca8330cc765b711c43546e90b04ff39", "hash": "a5cffa3a0c62b0ad3e0a1886acab1420", "format-version": 4, "code-base-name": "universalinit", "filename": "src/universalinit/templates/mongodb/startup.sh", "revision_history": [{"1584": "1aee8ed1eca8330cc765b711c43546e90b04ff39"}]}