{"is_source_file": false, "format": "", "description": "", "external_files": [], "external_methods": [], "published": [], "classes": [], "methods": [], "calls": [], "search-terms": [], "state": 2, "file_id": 610, "knowledge_revision": 1618, "git_revision": "1aee8ed1eca8330cc765b711c43546e90b04ff39", "hash": "f7a80b502443260501f14aa59d2425f1", "format-version": 4, "code-base-name": "universalinit", "filename": "src/universalinit/templates/qwik/README.md", "revision_history": [{"1618": "1aee8ed1eca8330cc765b711c43546e90b04ff39"}]}