{"is_source_file": false, "format": null, "description": "", "external_files": [], "external_methods": [], "published": [], "classes": [], "methods": [], "calls": [], "search-terms": ["transitions", "reactive", "smooth transition", "animation", "Blits.Component", ".transition", "transition object", "transition events", "transition customization", "transition progress", "transition start", "transition end"], "state": 2, "file_id": 550, "knowledge_revision": 1565, "git_revision": "1aee8ed1eca8330cc765b711c43546e90b04ff39", "hash": "c0714a9935b24e3978d24c313505ee08", "format-version": 4, "code-base-name": "universalinit", "filename": "src/universalinit/templates/lightningjs/docs/transitions_animations_transitions.md", "revision_history": [{"1565": "1aee8ed1eca8330cc765b711c43546e90b04ff39"}]}