{"is_source_file": true, "format": "Python", "description": "This script is a Django custom management command that generates an OpenAPI schema using drf-yasg, and saves it as a JSON file.", "external_files": ["django.core.management.base", "django.test.RequestFactory", "drf_yasg.openapi", "drf_yasg.views.get_schema_view", "rest_framework.permissions.AllowAny", "json", "os"], "external_methods": ["django.core.management.base.BaseCommand.handle", "drf_yasg.views.get_schema_view", "django.test.RequestFactory.get", "json.loads", "json.dump", "os.makedirs", "os.path.join"], "published": [], "classes": [{"name": "Command", "description": "A Django management command to generate OpenAPI schema and save it as a JSON file."}], "methods": [{"name": "handle(self, *args, **options)", "description": "Generates the OpenAPI schema by calling drf-yasg's schema view with a fake request and saves the schema as 'interfaces/openapi.json'.", "scope": "Command", "scopeKind": "class"}], "calls": ["RequestFactory.get", "get_schema_view", "schema_view.without_ui", "json.loads", "json.dump", "os.makedirs", "os.path.join"], "search-terms": ["django management command", "drf-yasg schema generation", "OpenAPI JSON output", "generate_openapi.py", "schema view", "RequestFactory"], "state": 2, "file_id": 446, "knowledge_revision": 1469, "git_revision": "1aee8ed1eca8330cc765b711c43546e90b04ff39", "ctags": [{"_type": "tag", "name": "Command", "path": "/home/kavia/workspace/code-generation/universalinit/src/universalinit/templates/django/api/management/commands/generate_openapi.py", "pattern": "/^class Command(BaseCommand):$/", "language": "Python", "kind": "class"}, {"_type": "tag", "name": "handle", "path": "/home/kavia/workspace/code-generation/universalinit/src/universalinit/templates/django/api/management/commands/generate_openapi.py", "pattern": "/^    def handle(self, *args, **options):$/", "language": "Python", "kind": "member", "signature": "(self, *args, **options)", "scope": "Command", "scopeKind": "class"}], "hash": "ecbef1ab975654f383ec74e3c38d3bd0", "format-version": 4, "code-base-name": "universalinit", "filename": "src/universalinit/templates/django/api/management/commands/generate_openapi.py", "revision_history": [{"1469": "1aee8ed1eca8330cc765b711c43546e90b04ff39"}]}