{"is_source_file": true, "format": "JavaScript/ESM (.mjs)", "description": "ESLint configuration file for React project, specifying parser options, global variables, and plugin rules.", "external_files": ["@eslint/js", "eslint-plugin-react"], "external_methods": ["pluginJs", "pluginReact", "pluginJs.configs.recommended"], "published": [], "classes": [], "methods": [{"name": "default", "description": "Exports an array of ESLint configuration objects that set parser options, globals, and rules for React code."}], "calls": ["pluginJs", "pluginReact", "pluginJs.configs.recommended"], "search-terms": ["eslint", "react", "eslint-plugin-react", "eslint.config.mjs", "jsx"], "state": 2, "file_id": 385, "knowledge_revision": 1402, "git_revision": "1aee8ed1eca8330cc765b711c43546e90b04ff39", "hash": "be6538e7523bc2e9da0743133d784136", "format-version": 4, "code-base-name": "universalinit", "filename": "src/universalinit/templates/react/eslint.config.mjs", "revision_history": [{"1402": "1aee8ed1eca8330cc765b711c43546e90b04ff39"}]}