{"is_source_file": true, "format": "JavaScript", "description": "This file defines a Lightning.js component named 'Loader' that displays an animated loading indicator with three circles, handling transition effects through internal state and lifecycle hooks.", "external_files": ["@lightningjs/blits"], "external_methods": ["Blits.Component"], "published": ["Loader"], "classes": [{"name": "Loader", "description": "A Lightning.js component used as a loading indicator with animated circles."}], "methods": [{"name": "start", "description": "Starts an interval that toggles the 'alpha' state for fade-in and fade-out animation on the circles."}], "calls": ["this.$setInterval"], "search-terms": ["Lightning.js component", "Loader animation", "Loader.js", "Circle elements", "fade transition", "props: ['loaderColor']"], "state": 2, "file_id": 463, "knowledge_revision": 1492, "git_revision": "1aee8ed1eca8330cc765b711c43546e90b04ff39", "ctags": [], "hash": "0ec1151cdc25744075ba4da8e3d65407", "format-version": 4, "code-base-name": "universalinit", "filename": "src/universalinit/templates/lightningjs/src/components/Loader.js", "revision_history": [{"1492": "1aee8ed1eca8330cc765b711c43546e90b04ff39"}]}