{"is_source_file": false, "format": null, "description": "", "external_files": [], "external_methods": [], "published": [], "classes": [], "methods": [], "calls": [], "search-terms": ["user input", "component", "key handling", "focus", "input configuration", "key mapping", "Blits.Component", "input object", "event chain", "intercept", "key up", "catch-all", "key mapping", "keyboard event"], "state": 2, "file_id": 378, "knowledge_revision": 1396, "git_revision": "1aee8ed1eca8330cc765b711c43546e90b04ff39", "hash": "65da041ddf51108d44f3d269b0537a81", "format-version": 4, "code-base-name": "universalinit", "filename": "src/universalinit/templates/lightningjs/docs/components_user_input.md", "revision_history": [{"1396": "1aee8ed1eca8330cc765b711c43546e90b04ff39"}]}