{"is_source_file": true, "format": "TypeScript/TSX", "description": "This file serves as the entry point for previewing a Qwik application in production mode using Vite. It imports necessary modules for QwikCity middleware setup and exports a configured QwikCity instance.", "external_files": ["@builder.io/qwik-city/middleware/node", "@qwik-city-plan", "./entry.ssr"], "external_methods": ["createQwikCity"], "published": ["default"], "classes": [], "methods": [{"name": "createQwikCity", "description": "Creates and configures the QwikCity application for server-side rendering and middleware integration."}], "calls": ["createQwikCity"], "search-terms": ["entry.preview.tsx", "QwikCity", "Vite preview", "server entry point", "Qwik application"], "state": 2, "file_id": 411, "knowledge_revision": 1434, "git_revision": "1aee8ed1eca8330cc765b711c43546e90b04ff39", "ctags": [], "hash": "99b0e5826d078e301743c08edc15c060", "format-version": 4, "code-base-name": "universalinit", "filename": "src/universalinit/templates/qwik/src/entry.preview.tsx", "revision_history": [{"1434": "1aee8ed1eca8330cc765b711c43546e90b04ff39"}]}