{"is_source_file": true, "format": "JavaScript", "description": "This file is a configuration script for ESLint in a JavaScript/TypeScript project, specifically configuring linting rules for Svelte files and related setups.", "external_files": ["@eslint/js", "@eslint/compat", "eslint-plugin-svelte", "globals", "node:url", "typescript-eslint", "./svelte.config.js"], "external_methods": ["js.config", "includeIgnoreFile", "svelte.configs.recommended", "ts.config", "fileURLToPath", "new URL"], "published": [], "classes": [], "methods": [{"name": "default", "description": "Exports the default ESLint configuration object, combining recommended configurations for JavaScript, TypeScript, and Svelte, along with project-specific ignore rules and language options."}], "calls": ["ts.config", "includeIgnoreFile", "js.config", "ts.configs.recommended"], "search-terms": ["eslint.config.js", "svelte", "typescript-eslint", "eslint-plugin-svelte", "eslint", "recommended"], "state": 2, "file_id": 449, "knowledge_revision": 1470, "git_revision": "1aee8ed1eca8330cc765b711c43546e90b04ff39", "ctags": [{"_type": "tag", "name": "gitignorePath", "path": "/home/kavia/workspace/code-generation/universalinit/src/universalinit/templates/svelte/eslint.config.js", "pattern": "/^const gitignorePath = fileURLToPath(new URL(\".\\/.gitignore\", import.meta.url));$/", "language": "JavaScript", "kind": "constant"}], "hash": "a81d06efe1486ab8e93e8c96a9bdf6b8", "format-version": 4, "code-base-name": "universalinit", "filename": "src/universalinit/templates/svelte/eslint.config.js", "revision_history": [{"1470": "1aee8ed1eca8330cc765b711c43546e90b04ff39"}]}