{"is_source_file": true, "format": "TypeScript", "description": "This is an entry point for a Remotion-based project, registering the root component for rendering a video project.", "external_files": ["./Root"], "external_methods": ["registerRoot"], "published": ["registerRoot"], "classes": [], "methods": [{"name": "registerRoot", "description": "Function imported from 'remotion' to register the root component of the project."}], "calls": ["registerRoot(RemotionRoot)"], "search-terms": ["remotion", "registerRoot", "index.ts", "entry file", "RemotionRoot"], "state": 2, "file_id": 522, "knowledge_revision": 1537, "git_revision": "1aee8ed1eca8330cc765b711c43546e90b04ff39", "ctags": [], "hash": "6c2ce436880cb16c98160769ed0f6150", "format-version": 4, "code-base-name": "universalinit", "filename": "src/universalinit/templates/remotion/src/index.ts", "revision_history": [{"1537": "1aee8ed1eca8330cc765b711c43546e90b04ff39"}]}