{"is_source_file": true, "format": "TypeScript (TSX)", "description": "A React-like component using Qwik framework that renders a gauge SVG with styling and animated stroke based on a 'value' prop.", "external_files": ["@builder.io/qwik", "./gauge.module.css"], "external_methods": ["component$"], "published": [], "classes": [], "methods": [{"name": "default", "description": "A Qwik component that renders a gauge visualization with dynamic stroke based on the input value."}], "calls": ["component$"], "search-terms": ["Qwik gauge component", "SVG gauge", "TypeScript React component", "gauge.module.css", "progress indicator", "SVG stroke dasharray"], "state": 2, "file_id": 420, "knowledge_revision": 1435, "git_revision": "1aee8ed1eca8330cc765b711c43546e90b04ff39", "ctags": [], "hash": "27f4579126cf32b622a56b0aff87aafc", "format-version": 4, "code-base-name": "universalinit", "filename": "src/universalinit/templates/qwik/src/components/starter/gauge/index.tsx", "revision_history": [{"1435": "1aee8ed1eca8330cc765b711c43546e90b04ff39"}]}