{"is_source_file": false, "format": "", "description": "", "external_files": [], "external_methods": [], "published": [], "classes": [], "methods": [], "calls": [], "search-terms": [], "state": 2, "file_id": 630, "knowledge_revision": 1641, "git_revision": "1aee8ed1eca8330cc765b711c43546e90b04ff39", "hash": "1f6750bd8f241ff00a3f0e4a6b3581fb", "format-version": 4, "code-base-name": "universalinit", "filename": "src/universalinit/templates/lightningjs/docs/components_lifecycle_events.md", "revision_history": [{"1641": "1aee8ed1eca8330cc765b711c43546e90b04ff39"}]}