{"is_source_file": true, "format": "TypeScript", "description": "This source file sets up an Express server to serve an Angular application with server-side rendering. It includes static file serving, dynamic rendering of Angular pages, and conditional server startup.", "external_files": ["@angular/common", "@angular/ssr/node", "express", "node:path", "node:url", "./main.server"], "external_methods": ["isMainModule", "fileURLToPath"], "published": ["app"], "classes": [], "methods": [{"name": "render", "description": "Method used to perform server-side rendering of the Angular application based on incoming request data."}], "calls": ["express()", "commonEngine.render", "app.get", "app.listen", "console.log"], "search-terms": ["Angular SSR server", "Express static serving", "Angular Universal server", "server.ts", "SSR middleware"], "state": 2, "file_id": 174, "knowledge_revision": 576, "git_revision": "7a786e794c869a907959867b8b6688a6b0aff98e", "ctags": [{"_type": "tag", "name": "app", "path": "/home/kavia/workspace/code-generation/universalinit/src/universalinit/templates/angular/src/server.ts", "pattern": "/^const app = express();$/", "language": "TypeScript", "kind": "constant"}, {"_type": "tag", "name": "baseUrl", "path": "/home/kavia/workspace/code-generation/universalinit/src/universalinit/templates/angular/src/server.ts", "pattern": "/^  const { protocol, originalUrl, baseUrl, headers } = req;$/", "language": "TypeScript", "kind": "constant"}, {"_type": "tag", "name": "browserDistFolder", "path": "/home/kavia/workspace/code-generation/universalinit/src/universalinit/templates/angular/src/server.ts", "pattern": "/^const browserDistFolder = resolve(serverDistFolder, '..\\/browser');$/", "language": "TypeScript", "kind": "constant"}, {"_type": "tag", "name": "commonEngine", "path": "/home/kavia/workspace/code-generation/universalinit/src/universalinit/templates/angular/src/server.ts", "pattern": "/^const commonEngine = new CommonEngine();$/", "language": "TypeScript", "kind": "constant"}, {"_type": "tag", "name": "headers", "path": "/home/kavia/workspace/code-generation/universalinit/src/universalinit/templates/angular/src/server.ts", "pattern": "/^  const { protocol, originalUrl, baseUrl, headers } = req;$/", "language": "TypeScript", "kind": "constant"}, {"_type": "tag", "name": "indexHtml", "path": "/home/kavia/workspace/code-generation/universalinit/src/universalinit/templates/angular/src/server.ts", "pattern": "/^const indexHtml = join(serverDistFolder, 'index.server.html');$/", "language": "TypeScript", "kind": "constant"}, {"_type": "tag", "name": "originalUrl", "path": "/home/kavia/workspace/code-generation/universalinit/src/universalinit/templates/angular/src/server.ts", "pattern": "/^  const { protocol, originalUrl, baseUrl, headers } = req;$/", "language": "TypeScript", "kind": "constant"}, {"_type": "tag", "name": "port", "path": "/home/kavia/workspace/code-generation/universalinit/src/universalinit/templates/angular/src/server.ts", "pattern": "/^  const port = process.env['PORT'] || 4000;$/", "language": "TypeScript", "kind": "constant"}, {"_type": "tag", "name": "protocol", "path": "/home/kavia/workspace/code-generation/universalinit/src/universalinit/templates/angular/src/server.ts", "pattern": "/^  const { protocol, originalUrl, baseUrl, headers } = req;$/", "language": "TypeScript", "kind": "constant"}, {"_type": "tag", "name": "serverDistFolder", "path": "/home/kavia/workspace/code-generation/universalinit/src/universalinit/templates/angular/src/server.ts", "pattern": "/^const serverDistFolder = dirname(fileURLToPath(import.meta.url));$/", "language": "TypeScript", "kind": "constant"}], "hash": "2b01cdd40bb909f26c1bcd609dfb8a51", "format-version": 4, "code-base-name": "universalinit", "filename": "src/universalinit/templates/angular/src/server.ts", "revision_history": [{"576": "7a786e794c869a907959867b8b6688a6b0aff98e"}]}