{"is_source_file": true, "format": "TypeScript/TSX", "description": "This file exports a React component named QwikLogo that renders an SVG logo with customizable width and height.", "external_files": [], "external_methods": [], "published": ["QwikLogo"], "classes": [], "methods": [{"name": "QwikLogo", "description": "React functional component rendering an SVG logo with optional width and height props."}], "calls": [], "search-terms": ["QwikLogo", "tsx", "svg", "Icon component", "React", "Logo"], "state": 2, "file_id": 531, "knowledge_revision": 1550, "git_revision": "1aee8ed1eca8330cc765b711c43546e90b04ff39", "ctags": [], "hash": "9ffa787253daf27259a195140f7728cf", "format-version": 4, "code-base-name": "universalinit", "filename": "src/universalinit/templates/qwik/src/components/starter/icons/qwik.tsx", "revision_history": [{"1550": "1aee8ed1eca8330cc765b711c43546e90b04ff39"}]}