{"is_source_file": true, "format": "JavaScript", "description": "This file sets up and starts an Express server, listening on a specified port and host, and handles graceful shutdown on SIGTERM.", "external_files": ["./app"], "external_methods": ["app.listen", "server.close", "process.on", "process.exit"], "published": ["server"], "classes": [], "methods": [{"name": "app.listen", "description": "Starts the Express application listening on specified port and host."}, {"name": "server.close", "description": "Closes the HTTP server, invoked during graceful shutdown."}, {"name": "process.on", "description": "Sets up an event listener for system signals such as SIGTERM for shutdown procedures."}, {"name": "process.exit", "description": "Terminates the process after server shutdown."}], "calls": ["app.listen", "server.close", "process.on('SIGTERM')", "console.log", "process.exit"], "search-terms": ["express server", "server startup", "graceful shutdown", "SIGTERM handling", "app.listen"], "state": 2, "file_id": 385, "knowledge_revision": 1396, "git_revision": "1aee8ed1eca8330cc765b711c43546e90b04ff39", "ctags": [{"_type": "tag", "name": "HOST", "path": "/home/kavia/workspace/code-generation/universalinit/src/universalinit/templates/express/src/server.js", "pattern": "/^const HOST = process.env.HOST || '0.0.0.0';$/", "language": "JavaScript", "kind": "constant"}, {"_type": "tag", "name": "PORT", "path": "/home/kavia/workspace/code-generation/universalinit/src/universalinit/templates/express/src/server.js", "pattern": "/^const PORT = process.env.PORT || 3000;$/", "language": "JavaScript", "kind": "constant"}, {"_type": "tag", "name": "app", "path": "/home/kavia/workspace/code-generation/universalinit/src/universalinit/templates/express/src/server.js", "pattern": "/^const app = require('.\\/app');$/", "language": "JavaScript", "kind": "constant"}, {"_type": "tag", "name": "server", "path": "/home/kavia/workspace/code-generation/universalinit/src/universalinit/templates/express/src/server.js", "pattern": "/^const server = app.listen(PORT, HOST, () => {$/", "language": "JavaScript", "kind": "constant"}], "hash": "e5d7d8ed0764ea86a77b8fe15cd2b83e", "format-version": 4, "code-base-name": "universalinit", "filename": "src/universalinit/templates/express/src/server.js", "revision_history": [{"1396": "1aee8ed1eca8330cc765b711c43546e90b04ff39"}]}