{"is_source_file": true, "format": "TypeScript/TSX", "description": "This file defines the main index route component for a Qwik-based web application, importing components and rendering a webpage with various sections including hero, starter, infoboxes, and external links.", "external_files": ["../components/starter/counter/counter", "../components/starter/hero/hero", "../components/starter/infobox/infobox", "../components/starter/next-steps/next-steps"], "external_methods": ["component$"], "published": ["head"], "classes": [], "methods": [{"name": "component$", "description": "Wrapper for defining reactive components in Qwik."}], "calls": ["component$", "Counter", "Hero", "Infobox", "Infobox", "Infobox", "Infobox"], "search-terms": ["index.tsx", "Qwik component", "main route component", "reactive component", "page layout", "starter section", "infobox", "external links", "Hero component"], "state": 2, "file_id": 630, "knowledge_revision": 1654, "git_revision": "1aee8ed1eca8330cc765b711c43546e90b04ff39", "ctags": [], "hash": "393ef3f8baffb6f954dc12583ec00959", "format-version": 4, "code-base-name": "universalinit", "filename": "src/universalinit/templates/qwik/src/routes/index.tsx", "revision_history": [{"1654": "1aee8ed1eca8330cc765b711c43546e90b04ff39"}]}