{"is_source_file": true, "format": "Python", "description": "Django URL configuration file that maps the 'health/' URL path to the 'health' view.", "external_files": ["django.urls", "./views"], "external_methods": ["django.urls.path", "views.health"], "published": [], "classes": [], "methods": [], "calls": ["django.urls.path", "views.health"], "search-terms": ["django", "urlpatterns", "urls.py", "health", "path", "view", "URL configuration"], "state": 2, "file_id": 474, "knowledge_revision": 1490, "git_revision": "1aee8ed1eca8330cc765b711c43546e90b04ff39", "ctags": [{"_type": "tag", "name": "urlpatterns", "path": "/home/kavia/workspace/code-generation/universalinit/src/universalinit/templates/django/api/urls.py", "pattern": "/^urlpatterns = [$/", "language": "Python", "kind": "variable"}], "hash": "b0c92d4c1f622aa361c1fb5a0594d5d6", "format-version": 4, "code-base-name": "universalinit", "filename": "src/universalinit/templates/django/api/urls.py", "fields": [{"name": "urlpatterns = [", "scope": "", "scopeKind": "", "description": "unavailable"}], "revision_history": [{"1490": "1aee8ed1eca8330cc765b711c43546e90b04ff39"}]}