{"is_source_file": true, "format": "TypeScript", "description": "Configuration file for Vite build tool in a SvelteKit project, setting up server options and testing environment configurations.", "external_files": ["@testing-library/svelte/vite", "@sveltejs/kit/vite", "vite"], "external_methods": ["svelteTesting()", "defineConfig()", "sveltekit()"], "published": ["default"], "classes": [], "methods": [{"name": "defineConfig", "description": "Defines and exports the Vite configuration object."}, {"name": "sveltekit", "description": "Used to include SvelteKit-specific Vite plugin."}, {"name": "svelteTesting", "description": "Testing plugin for Svelte components within the Vite environment."}], "calls": ["defineConfig()", "sveltekit()", "svelteTesting()"], "search-terms": ["vite.config.ts", "svelte", "svelteTesting", "test", "server configuration", "plugins"], "state": 2, "file_id": 604, "knowledge_revision": 1629, "git_revision": "1aee8ed1eca8330cc765b711c43546e90b04ff39", "ctags": [], "hash": "56df2df7e65a8e5b34870c711c6f770e", "format-version": 4, "code-base-name": "universalinit", "filename": "src/universalinit/templates/svelte/vite.config.ts", "revision_history": [{"1629": "1aee8ed1eca8330cc765b711c43546e90b04ff39"}]}