{"is_source_file": true, "format": "JavaScript", "description": "This is the entry point of a React application, setting up the root rendering of the App component into the DOM.", "external_files": ["react", "react-dom/client", "./index.css", "./App"], "external_methods": ["ReactDOM.createRoot", "ReactDOM.render", "React.StrictMode"], "published": [], "classes": [], "methods": [{"name": "ReactDOM.createRoot", "description": "Creates a root to manage rendering of React components into a DOM element."}, {"name": "root.render", "description": "Renders the React element tree into the created root."}], "calls": ["ReactDOM.createRoot", "root.render", "React.StrictMode", "<App />"], "search-terms": ["React", "ReactDOM", "index.js", "React application entry", "root rendering"], "state": 2, "file_id": 461, "knowledge_revision": 1486, "git_revision": "1aee8ed1eca8330cc765b711c43546e90b04ff39", "ctags": [{"_type": "tag", "name": "root", "path": "/home/kavia/workspace/code-generation/universalinit/src/universalinit/templates/react/src/index.js", "pattern": "/^const root = ReactDOM.createRoot(document.getElementById('root'));$/", "language": "JavaScript", "kind": "constant"}], "hash": "9fc5841375336fc175b49f8767a11383", "format-version": 4, "code-base-name": "universalinit", "filename": "src/universalinit/templates/react/src/index.js", "revision_history": [{"1486": "1aee8ed1eca8330cc765b711c43546e90b04ff39"}]}