{"is_source_file": false, "format": "HTML", "description": "This file defines the structure and styling of a web-based database visualizer interface, including UI components, layout, and client-side scripting for interaction.", "external_files": [], "external_methods": [], "published": [], "classes": [], "methods": [], "calls": ["fetch", "setActiveState", "loadDatabases", "loadTables", "loadTableData", "renderTable", "renderCell", "expandCell", "refreshDatabases", "toggleDatabase"], "search-terms": ["database viewer", "client-side script", "HTML layout", "CSS styling", "JavaScript interaction", "dynamic table rendering", "UI for database browsing", "responsive grid layout", "data fetching", "expandable table cells"], "state": 2, "file_id": 679, "knowledge_revision": 1690, "git_revision": "1aee8ed1eca8330cc765b711c43546e90b04ff39", "hash": "ee63333a4841bf025439c755a74c9881", "format-version": 4, "code-base-name": "universalinit", "filename": "src/universalinit/common/db_visualizer/public/index.html", "revision_history": [{"1690": "1aee8ed1eca8330cc765b711c43546e90b04ff39"}]}