{"is_source_file": true, "format": "TypeScript (React/JSX)", "description": "This is a source file defining the root layout component for a Remix-run React application. It imports necessary Remix components and sets up HTML structure, styles, and layout logic.", "external_files": ["@remix-run/react", "@remix-run/node", "./tailwind.css"], "external_methods": ["LinksFunction", "Meta", "Outlet", "Scripts", "ScrollRestoration"], "published": ["links", "Layout", "App"], "classes": [], "methods": [{"name": "links", "description": "Defines external links and stylesheets to include in the HTML head."}, {"name": "Layout", "description": "React component that provides the overall HTML layout including head elements and body structure."}, {"name": "App", "description": "Default React component rendering the Outlet for nested routes."}], "calls": ["Meta", "Links", "ScrollRestoration", "Scripts", "Outlet"], "search-terms": ["remix app root layout", "react html layout", "remix-run/react imports", "tailwind CSS inclusion", "metadata setup"], "state": 2, "file_id": 593, "knowledge_revision": 1614, "git_revision": "1aee8ed1eca8330cc765b711c43546e90b04ff39", "ctags": [], "hash": "ecb43bd0ae9b4e549b896a93f472a193", "format-version": 4, "code-base-name": "universalinit", "filename": "src/universalinit/templates/remix/app/root.tsx", "revision_history": [{"1614": "1aee8ed1eca8330cc765b711c43546e90b04ff39"}]}