{"is_source_file": true, "format": "JavaScript (CommonJS module)", "description": "This file configures ESLint, a JavaScript linter, with specific rules and plugins, including Prettier, for a project that uses LightningJS. It specifies parsing options, global variables, and rules for code quality and formatting.", "external_files": ["eslint-plugin-prettier", "globals", "@eslint/js", "@eslint/eslintrc"], "external_methods": ["require('eslint-plugin-prettier')", "require('globals')", "require('@eslint/js')", "require('@eslint/eslintrc').FlatCompat"], "published": [], "classes": [], "methods": [{"name": "module.exports", "description": "Exports the ESLint configuration object, combining recommended configs, plugins, language options, and rules."}], "calls": ["require('eslint-plugin-prettier')", "require('globals')", "require('@eslint/js')", "new FlatCompat({ ... })", "compat.extends('eslint:recommended', 'plugin:prettier/recommended', 'prettier')"], "search-terms": ["eslint", "prettier", "lightningjs", "eslint.config.cjs", "eslint", "rules", "config", "plugins"], "state": 2, "file_id": 431, "knowledge_revision": 1452, "git_revision": "1aee8ed1eca8330cc765b711c43546e90b04ff39", "hash": "93cd2c5ca89ba1c0ff23b0e00b6c74ef", "format-version": 4, "code-base-name": "universalinit", "filename": "src/universalinit/templates/lightningjs/eslint.config.cjs", "revision_history": [{"1452": "1aee8ed1eca8330cc765b711c43546e90b04ff39"}]}