{"is_source_file": true, "format": "TypeScript", "description": "Configuration file for Vite build tool used in a SvelteKit project, including server settings, plugin configurations, and test environment setup.", "external_files": ["@testing-library/svelte/vite", "@sveltejs/kit/vite", "vite"], "external_methods": ["svelteTesting", "sveltekit", "defineConfig"], "published": [], "classes": [], "methods": [{"name": "defineConfig", "description": "Defines and exports Vite configuration settings."}], "calls": ["defineConfig", "sveltekit()", "svelteTesting()"], "search-terms": ["vite.config.ts", "SvelteKit", "Vite", "test setup", "server configuration", "plugins", "allowedHosts", "strictPort", "cors", "headers"], "state": 2, "file_id": 575, "knowledge_revision": 1590, "git_revision": "1aee8ed1eca8330cc765b711c43546e90b04ff39", "ctags": [], "hash": "56df2df7e65a8e5b34870c711c6f770e", "format-version": 4, "code-base-name": "universalinit", "filename": "src/universalinit/templates/svelte/vite.config.ts", "revision_history": [{"1590": "1aee8ed1eca8330cc765b711c43546e90b04ff39"}]}