{"is_source_file": true, "format": "TypeScript", "description": "This file defines a React-like component using Qwik framework, rendering a hero section with an image, heading, and buttons, including a confetti animation triggered on button click.", "external_files": ["react", "./hero.module.css", "../../../media/thunder.png?jsx", "https://cdn.jsdelivr.net/npm/canvas-confetti@1.5.1/dist/confetti.browser.min.js"], "external_methods": ["component$"], "published": ["default"], "classes": [], "methods": [{"name": "loadConfetti", "description": "Asynchronously loads the confetti script and resolves with the confetti function."}, {"name": "shoot", "description": "Triggers multiple confetti bursts with specified defaults and particle counts."}], "calls": ["component$", "document.createElement", "document.head.appendChild", "script.onload", "script.onerror", "setTimeout", "loadConfetti"], "search-terms": ["Qwik hero component", "confetti animation button", "hero.tsx", "confetti script loader"], "state": 2, "file_id": 643, "knowledge_revision": 1664, "git_revision": "1aee8ed1eca8330cc765b711c43546e90b04ff39", "ctags": [], "hash": "42d45447efa998ad31a8bf6cd455b5c1", "format-version": 4, "code-base-name": "universalinit", "filename": "src/universalinit/templates/qwik/src/components/starter/hero/hero.tsx", "revision_history": [{"1664": "1aee8ed1eca8330cc765b711c43546e90b04ff39"}]}