{"is_source_file": false, "format": "", "description": "", "external_files": [], "external_methods": [], "published": [], "classes": [], "methods": [], "calls": [], "search-terms": [], "state": 2, "file_id": 574, "knowledge_revision": 1589, "git_revision": "1aee8ed1eca8330cc765b711c43546e90b04ff39", "hash": "b29590189a55a0a2fea1a271d71a2a70", "format-version": 4, "code-base-name": "universalinit", "filename": "src/universalinit/templates/nativescript/App_Resources/Android/src/main/res/values/styles.xml", "revision_history": [{"1589": "1aee8ed1eca8330cc765b711c43546e90b04ff39"}]}