{"is_source_file": true, "format": "TypeScript/TSX", "description": "React component for rendering animated title text using remotion, with individual word animation effects.", "external_files": ["./constants"], "external_methods": ["spring", "useCurrentFrame", "useVideoConfig"], "published": ["Title"], "classes": [], "methods": [{"name": "Title", "description": "React functional component that renders a title with animated word scaling effects based on video frame."}], "calls": ["spring", "useCurrentFrame", "useVideoConfig"], "search-terms": ["Title", "react", "animated title", "remotion", "word scale animation", "Title.tsx"], "state": 2, "file_id": 569, "knowledge_revision": 1586, "git_revision": "1aee8ed1eca8330cc765b711c43546e90b04ff39", "ctags": [], "hash": "c4d50786934a65d475e056772bf0c33f", "format-version": 4, "code-base-name": "universalinit", "filename": "src/universalinit/templates/remotion/src/HelloWorld/Title.tsx", "revision_history": [{"1586": "1aee8ed1eca8330cc765b711c43546e90b04ff39"}]}