{"is_source_file": false, "format": "", "description": "", "external_files": [], "external_methods": [], "published": [], "classes": [], "methods": [], "calls": [], "search-terms": [], "state": 2, "file_id": 4, "knowledge_revision": 397, "git_revision": "50d7ef0c9ced2660ff15096e3e76f418c9a94782", "hash": "522866c16a7eff05af7191a3bd32a3c0", "format-version": 4, "code-base-name": "universalinit", "filename": "universalinit-env/README-env.md", "revision_history": [{"397": "50d7ef0c9ced2660ff15096e3e76f418c9a94782"}]}