{"is_source_file": true, "format": "Python", "description": "This file is an __init__.py module in a Python package for the UniversalInit Environment, handling environment variable mapping and re-exporting functions from another module.", "external_files": ["./envmapper.py"], "external_methods": ["get_template_path", "parse_template_file", "map_common_to_framework", "map_framework_to_common", "get_supported_frameworks", "apply_wildcard_mapping"], "published": ["get_template_path", "parse_template_file", "map_common_to_framework", "map_framework_to_common", "get_supported_frameworks", "apply_wildcard_mapping", "__version__", "__all__"], "classes": [], "methods": [{"name": "get_template_path", "description": "Retrieves the path to the template directory or file used in environment variable mapping."}, {"name": "parse_template_file", "description": "Parses a template file to extract environment variable mappings or configurations."}, {"name": "map_common_to_framework", "description": "Converts common environment variable formats to framework-specific formats."}, {"name": "map_framework_to_common", "description": "Converts framework-specific environment variables to a common format."}, {"name": "get_supported_frameworks", "description": "Returns a list of supported frameworks that can be mapped."}, {"name": "apply_wildcard_mapping", "description": "Applies wildcard patterns to map multiple environment variables efficiently."}], "calls": ["from .envmapper import *"], "search-terms": ["UniversalInit", "environment variable mapping", "envmapper", "__init__.py", "environment package"], "state": 2, "file_id": 2, "knowledge_revision": 399, "git_revision": "573fd80b636903a123154d7432e00566cf4dee31", "ctags": [{"_type": "tag", "name": "__all__", "path": "/home/kavia/workspace/code-generation/universalinit/universalinit-env/src/universalinit_env/__init__.py", "pattern": "/^__all__ = [$/", "language": "Python", "kind": "variable"}, {"_type": "tag", "name": "__version__", "path": "/home/kavia/workspace/code-generation/universalinit/universalinit-env/src/universalinit_env/__init__.py", "pattern": "/^__version__ = \"0.1.6\"$/", "language": "Python", "kind": "variable"}], "hash": "2a7f32c75290d1ddcd6dde6d53614be8", "format-version": 4, "code-base-name": "universalinit", "filename": "universalinit-env/src/universalinit_env/__init__.py", "fields": [{"name": "__all__ = [", "scope": "", "scopeKind": "", "description": "unavailable"}, {"name": "__version__ = \"0.1.6\"", "scope": "", "scopeKind": "", "description": "unavailable"}], "revision_history": [{"399": "573fd80b636903a123154d7432e00566cf4dee31"}]}