{"is_source_file": false, "format": "", "description": "", "external_files": [], "external_methods": [], "published": [], "classes": [], "methods": [], "calls": [], "search-terms": [], "state": 2, "file_id": 337, "knowledge_revision": 1353, "git_revision": "1aee8ed1eca8330cc765b711c43546e90b04ff39", "hash": "522866c16a7eff05af7191a3bd32a3c0", "format-version": 4, "code-base-name": "universalinit", "filename": "universalinit-env/README-env.md", "revision_history": [{"1353": "1aee8ed1eca8330cc765b711c43546e90b04ff39"}]}