{"is_source_file": false, "format": "", "description": "", "external_files": [], "external_methods": [], "published": [], "classes": [], "methods": [], "calls": [], "search-terms": [], "state": 2, "file_id": 339, "knowledge_revision": 1353, "git_revision": "1aee8ed1eca8330cc765b711c43546e90b04ff39", "hash": "6c1f836fe31f983748c0956e76a2454e", "format-version": 4, "code-base-name": "universalinit", "filename": "universalinit-env/pyproject.toml", "revision_history": [{"1353": "1aee8ed1eca8330cc765b711c43546e90b04ff39"}]}