{"is_source_file": true, "format": "Python", "description": "This is the __init__.py file for the universalinit_env package, which sets up the environment package's metadata, imports all symbols from the envmapper module, and defines the module's public API.", "external_files": ["./envmapper.py"], "external_methods": [], "published": ["get_template_path", "parse_template_file", "map_common_to_framework", "map_framework_to_common", "get_supported_frameworks", "apply_wildcard_mapping"], "classes": [], "methods": [], "calls": ["from .envmapper import *"], "search-terms": ["universalinit_env", "init", "envmapper", "environment variables", "mapping", "framework"], "state": 2, "file_id": 677, "knowledge_revision": 1691, "git_revision": "1aee8ed1eca8330cc765b711c43546e90b04ff39", "ctags": [{"_type": "tag", "name": "__all__", "path": "/home/kavia/workspace/code-generation/universalinit/universalinit-env/src/universalinit_env/__init__.py", "pattern": "/^__all__ = [$/", "language": "Python", "kind": "variable"}, {"_type": "tag", "name": "__version__", "path": "/home/kavia/workspace/code-generation/universalinit/universalinit-env/src/universalinit_env/__init__.py", "pattern": "/^__version__ = \"0.1.6\"$/", "language": "Python", "kind": "variable"}], "hash": "2a7f32c75290d1ddcd6dde6d53614be8", "format-version": 4, "code-base-name": "universalinit", "filename": "universalinit-env/src/universalinit_env/__init__.py", "fields": [{"name": "__all__ = [", "scope": "", "scopeKind": "", "description": "unavailable"}, {"name": "__version__ = \"0.1.6\"", "scope": "", "scopeKind": "", "description": "unavailable"}], "revision_history": [{"1691": "1aee8ed1eca8330cc765b711c43546e90b04ff39"}]}