{"is_source_file": true, "format": "Python", "description": "This file is the __init__.py for the universalinit_env package, establishing package-level metadata, importing all from envmapper, and defining module exports for environment variable mapping tools.", "external_files": ["envmapper.py"], "external_methods": [], "published": ["__version__", "__all__", "get_template_path", "parse_template_file", "map_common_to_framework", "map_framework_to_common", "get_supported_frameworks", "apply_wildcard_mapping"], "classes": [], "methods": [], "calls": ["from .envmapper import *"], "search-terms": ["universalinit", "__init__.py", "environment variable mapping", "package metadata", "envmapper"], "state": 2, "file_id": 339, "knowledge_revision": 1357, "git_revision": "1aee8ed1eca8330cc765b711c43546e90b04ff39", "ctags": [{"_type": "tag", "name": "__all__", "path": "/home/kavia/workspace/code-generation/universalinit/universalinit-env/src/universalinit_env/__init__.py", "pattern": "/^__all__ = [$/", "language": "Python", "kind": "variable"}, {"_type": "tag", "name": "__version__", "path": "/home/kavia/workspace/code-generation/universalinit/universalinit-env/src/universalinit_env/__init__.py", "pattern": "/^__version__ = \"0.1.6\"$/", "language": "Python", "kind": "variable"}], "hash": "2a7f32c75290d1ddcd6dde6d53614be8", "format-version": 4, "code-base-name": "universalinit", "filename": "universalinit-env/src/universalinit_env/__init__.py", "fields": [{"name": "__all__ = [", "scope": "", "scopeKind": "", "description": "unavailable"}, {"name": "__version__ = \"0.1.6\"", "scope": "", "scopeKind": "", "description": "unavailable"}], "revision_history": [{"1357": "1aee8ed1eca8330cc765b711c43546e90b04ff39"}]}