{"is_source_file": true, "file_id": 338, "git_revision": "1aee8ed1eca8330cc765b711c43546e90b04ff39", "state": 1, "description": "", "external_files": [], "external_methods": [], "published": [], "classes": [], "methods": [], "calls": [], "search-terms": [], "ctags": [{"_type": "tag", "name": "__all__", "path": "/home/kavia/workspace/code-generation/universalinit/universalinit-env/src/universalinit_env/__init__.py", "pattern": "/^__all__ = [$/", "language": "Python", "kind": "variable"}, {"_type": "tag", "name": "__version__", "path": "/home/kavia/workspace/code-generation/universalinit/universalinit-env/src/universalinit_env/__init__.py", "pattern": "/^__version__ = \"0.1.6\"$/", "language": "Python", "kind": "variable"}], "format": "Python", "hash": "2a7f32c75290d1ddcd6dde6d53614be8", "format-version": 4, "code-base-name": "universalinit", "filename": "universalinit-env/src/universalinit_env/__init__.py", "knowledge_revision": 1011}