{"is_source_file": false, "format": "", "description": "", "external_files": [], "external_methods": [], "published": [], "classes": [], "methods": [], "calls": [], "search-terms": [], "state": 2, "file_id": 1, "knowledge_revision": 396, "git_revision": "11ef92f1689a552744f087950012704ae9d564b2", "hash": "0d3073d8b631ecbc4f517d785a89221d", "format-version": 4, "code-base-name": "universalinit", "filename": "universalinit-env/pyproject.toml", "revision_history": [{"396": "11ef92f1689a552744f087950012704ae9d564b2"}]}