{"is_source_file": true, "format": "Python", "description": "This file contains utility functions for managing environment variable mappings across different frameworks. It includes functions to locate framework-specific templates, parse YAML configuration files, apply prefixes, and map environment variables between common and framework-specific names.", "external_files": ["yaml", "pathlib.Path"], "external_methods": ["yaml.safe_load"], "published": ["get_template_path", "parse_template_file", "apply_prefix_mapping", "map_common_to_framework", "map_framework_to_common", "get_supported_frameworks"], "classes": [], "methods": [{"name": "Path get_template_path(framework: str)", "description": "Returns the path to the environment template file for the specified framework.", "scope": "", "scopeKind": ""}, {"name": "Tuple[Optional[str],Dict[str,str]] parse_template_file(template_path: Path)", "description": "Parses a YAML template file to extract optional prefix and mapping dictionary.", "scope": "", "scopeKind": ""}, {"name": "Dict[str,str] apply_prefix_mapping(common_env: Dict[str, str], prefix: str)", "description": "Applies a specified prefix to all environment variables in a dictionary.", "scope": "", "scopeKind": ""}, {"name": "Dict[str,str] map_common_to_framework(framework: str, common_env: Dict[str, str])", "description": "Maps a set of common environment variables to framework-specific variables based on the template.", "scope": "", "scopeKind": ""}, {"name": "Dict[str,str] map_framework_to_common(framework: str, framework_env: Dict[str, str])", "description": "Maps framework-specific environment variables back to the common set according to the template.", "scope": "", "scopeKind": ""}, {"name": "list get_supported_frameworks()", "description": "Returns a list of available frameworks based on existing template directories.", "scope": "", "scopeKind": ""}], "calls": ["Path(parent]", "Path / framework / \"env.template\"", "template_path.exists()", "yaml.safe_load()", "Path(parent]", "Path / framework / \"env.template\"", "parse_template_file()", "map_common_to_framework()", "map_framework_to_common()", "Path(parent]", "Path().iterdir()"], "search-terms": ["env.template", "yaml parsing", "environment variable mapping", "framework environment configs", "template directory", "path resolution"], "state": 2, "file_id": 337, "knowledge_revision": 1356, "git_revision": "1aee8ed1eca8330cc765b711c43546e90b04ff39", "ctags": [{"_type": "tag", "name": "apply_prefix_mapping", "path": "/home/kavia/workspace/code-generation/universalinit/universalinit-env/src/universalinit_env/envmapper.py", "pattern": "/^def apply_prefix_mapping(common_env: Dict[str, str], prefix: str) -> Dict[str, str]:$/", "language": "Python", "typeref": "typename:Dict[str,str]", "kind": "function", "signature": "(common_env: Dict[str, str], prefix: str)"}, {"_type": "tag", "name": "get_supported_frameworks", "path": "/home/kavia/workspace/code-generation/universalinit/universalinit-env/src/universalinit_env/envmapper.py", "pattern": "/^def get_supported_frameworks() -> list:$/", "language": "Python", "typeref": "typename:list", "kind": "function", "signature": "()"}, {"_type": "tag", "name": "get_template_path", "path": "/home/kavia/workspace/code-generation/universalinit/universalinit-env/src/universalinit_env/envmapper.py", "pattern": "/^def get_template_path(framework: str) -> Path:$/", "language": "Python", "typeref": "typename:Path", "kind": "function", "signature": "(framework: str)"}, {"_type": "tag", "name": "map_common_to_framework", "path": "/home/kavia/workspace/code-generation/universalinit/universalinit-env/src/universalinit_env/envmapper.py", "pattern": "/^def map_common_to_framework(framework: str, common_env: Dict[str, str]) -> Dict[str, str]:$/", "language": "Python", "typeref": "typename:Dict[str,str]", "kind": "function", "signature": "(framework: str, common_env: Dict[str, str])"}, {"_type": "tag", "name": "map_framework_to_common", "path": "/home/kavia/workspace/code-generation/universalinit/universalinit-env/src/universalinit_env/envmapper.py", "pattern": "/^def map_framework_to_common(framework: str, framework_env: Dict[str, str]) -> Dict[str, str]:$/", "language": "Python", "typeref": "typename:Dict[str,str]", "kind": "function", "signature": "(framework: str, framework_env: Dict[str, str])"}, {"_type": "tag", "name": "parse_template_file", "path": "/home/kavia/workspace/code-generation/universalinit/universalinit-env/src/universalinit_env/envmapper.py", "pattern": "/^def parse_template_file(template_path: Path) -> Tuple[Optional[str], Dict[str, str]]:$/", "language": "Python", "typeref": "typename:Tuple[Optional[str],Dict[str,str]]", "kind": "function", "signature": "(template_path: Path)"}], "hash": "87751ba2390042a876683cb964b03d98", "format-version": 4, "code-base-name": "universalinit", "filename": "universalinit-env/src/universalinit_env/envmapper.py", "revision_history": [{"1356": "1aee8ed1eca8330cc765b711c43546e90b04ff39"}]}